# Crystal Optics Gallery
# Deterministically generated; all faces are triangles with normals.
mtllib crystal_optics_gallery.mtl

o gallery_floor
usemtl ivory_floor
v -2.100000 0.000000 -1.850000
v 2.100000 0.000000 -1.850000
v 2.100000 0.000000 1.450000
v -2.100000 0.000000 1.450000
vn 0.000000 1.000000 0.000000
f 1//1 3//1 2//1
f 1//1 4//1 3//1

o gallery_ceiling
usemtl ivory_ceiling
v -2.100000 2.650000 1.450000
v 2.100000 2.650000 1.450000
v 2.100000 2.650000 -1.850000
v -2.100000 2.650000 -1.850000
vn 0.000000 -1.000000 0.000000
f 5//2 7//2 6//2
f 5//2 8//2 7//2

o gallery_back
usemtl ivory_back
v -2.100000 0.000000 -1.850000
v -2.100000 2.650000 -1.850000
v 2.100000 2.650000 -1.850000
v 2.100000 0.000000 -1.850000
vn 0.000000 0.000000 1.000000
f 9//3 11//3 10//3
f 9//3 12//3 11//3

o gallery_left
usemtl burgundy_wall
v -2.100000 0.000000 1.450000
v -2.100000 2.650000 1.450000
v -2.100000 2.650000 -1.850000
v -2.100000 0.000000 -1.850000
vn 1.000000 0.000000 0.000000
f 13//4 15//4 14//4
f 13//4 16//4 15//4

o gallery_right
usemtl blue_wall
v 2.100000 0.000000 -1.850000
v 2.100000 2.650000 -1.850000
v 2.100000 2.650000 1.450000
v 2.100000 0.000000 1.450000
vn -1.000000 0.000000 0.000000
f 17//5 19//5 18//5
f 17//5 20//5 19//5

o area_panel
usemtl area_warm
v -1.550000 2.600000 -0.850000
v 1.550000 2.600000 -0.850000
v 1.550000 2.600000 0.250000
v -1.550000 2.600000 0.250000
vn 0.000000 -1.000000 0.000000
f 21//6 22//6 23//6
f 21//6 23//6 24//6

o area_panel_frame
usemtl metal_support
v -1.630000 2.575000 -0.930000
v -1.550000 2.575000 -0.930000
v -1.550000 2.640000 -0.930000
v -1.630000 2.640000 -0.930000
v -1.630000 2.575000 0.330000
v -1.550000 2.575000 0.330000
v -1.550000 2.640000 0.330000
v -1.630000 2.640000 0.330000
v 1.550000 2.575000 -0.930000
v 1.630000 2.575000 -0.930000
v 1.630000 2.640000 -0.930000
v 1.550000 2.640000 -0.930000
v 1.550000 2.575000 0.330000
v 1.630000 2.575000 0.330000
v 1.630000 2.640000 0.330000
v 1.550000 2.640000 0.330000
v -1.550000 2.575000 -0.930000
v 1.550000 2.575000 -0.930000
v 1.550000 2.640000 -0.930000
v -1.550000 2.640000 -0.930000
v -1.550000 2.575000 -0.850000
v 1.550000 2.575000 -0.850000
v 1.550000 2.640000 -0.850000
v -1.550000 2.640000 -0.850000
v -1.550000 2.575000 0.250000
v 1.550000 2.575000 0.250000
v 1.550000 2.640000 0.250000
v -1.550000 2.640000 0.250000
v -1.550000 2.575000 0.330000
v 1.550000 2.575000 0.330000
v 1.550000 2.640000 0.330000
v -1.550000 2.640000 0.330000
vn 0.000000 0.000000 -1.000000
vn 0.000000 0.000000 -1.000000
vn 0.000000 0.000000 1.000000
vn 0.000000 0.000000 1.000000
vn -1.000000 0.000000 0.000000
vn -1.000000 0.000000 0.000000
vn 1.000000 0.000000 0.000000
vn 1.000000 0.000000 0.000000
vn 0.000000 -1.000000 0.000000
vn 0.000000 -1.000000 0.000000
vn 0.000000 1.000000 0.000000
vn 0.000000 1.000000 0.000000
vn 0.000000 0.000000 -1.000000
vn 0.000000 0.000000 -1.000000
vn 0.000000 0.000000 1.000000
vn 0.000000 0.000000 1.000000
vn -1.000000 0.000000 0.000000
vn -1.000000 0.000000 0.000000
vn 1.000000 0.000000 0.000000
vn 1.000000 0.000000 0.000000
vn 0.000000 -1.000000 0.000000
vn 0.000000 -1.000000 0.000000
vn 0.000000 1.000000 0.000000
vn 0.000000 1.000000 0.000000
vn 0.000000 0.000000 -1.000000
vn 0.000000 0.000000 -1.000000
vn 0.000000 0.000000 1.000000
vn 0.000000 0.000000 1.000000
vn -1.000000 0.000000 0.000000
vn -1.000000 0.000000 0.000000
vn 1.000000 0.000000 0.000000
vn 1.000000 0.000000 0.000000
vn 0.000000 -1.000000 0.000000
vn 0.000000 -1.000000 0.000000
vn 0.000000 1.000000 0.000000
vn 0.000000 1.000000 0.000000
vn 0.000000 0.000000 -1.000000
vn 0.000000 0.000000 -1.000000
vn 0.000000 0.000000 1.000000
vn 0.000000 0.000000 1.000000
vn -1.000000 0.000000 0.000000
vn -1.000000 0.000000 0.000000
vn 1.000000 0.000000 0.000000
vn 1.000000 0.000000 0.000000
vn 0.000000 -1.000000 0.000000
vn 0.000000 -1.000000 0.000000
vn 0.000000 1.000000 0.000000
vn 0.000000 1.000000 0.000000
f 25//7 28//7 27//7
f 25//8 27//8 26//8
f 29//9 30//9 31//9
f 29//10 31//10 32//10
f 25//11 29//11 32//11
f 25//12 32//12 28//12
f 26//13 27//13 31//13
f 26//14 31//14 30//14
f 25//15 26//15 30//15
f 25//16 30//16 29//16
f 28//17 32//17 31//17
f 28//18 31//18 27//18
f 33//19 36//19 35//19
f 33//20 35//20 34//20
f 37//21 38//21 39//21
f 37//22 39//22 40//22
f 33//23 37//23 40//23
f 33//24 40//24 36//24
f 34//25 35//25 39//25
f 34//26 39//26 38//26
f 33//27 34//27 38//27
f 33//28 38//28 37//28
f 36//29 40//29 39//29
f 36//30 39//30 35//30
f 41//31 44//31 43//31
f 41//32 43//32 42//32
f 45//33 46//33 47//33
f 45//34 47//34 48//34
f 41//35 45//35 48//35
f 41//36 48//36 44//36
f 42//37 43//37 47//37
f 42//38 47//38 46//38
f 41//39 42//39 46//39
f 41//40 46//40 45//40
f 44//41 48//41 47//41
f 44//42 47//42 43//42
f 49//43 52//43 51//43
f 49//44 51//44 50//44
f 53//45 54//45 55//45
f 53//46 55//46 56//46
f 49//47 53//47 56//47
f 49//48 56//48 52//48
f 50//49 51//49 55//49
f 50//50 55//50 54//50
f 49//51 50//51 54//51
f 49//52 54//52 53//52
f 52//53 56//53 55//53
f 52//54 55//54 51//54

o caustic_plate_lens
usemtl caustic_plate
v -1.610000 0.006000 -0.620000
v -0.770000 0.006000 -0.620000
v -0.770000 0.006000 0.220000
v -1.610000 0.006000 0.220000
vn 0.000000 1.000000 0.000000
f 57//55 59//55 58//55
f 57//55 60//55 59//55

o caustic_plate_knot
usemtl caustic_plate
v -0.580000 0.006000 -0.660000
v 0.580000 0.006000 -0.660000
v 0.580000 0.006000 0.260000
v -0.580000 0.006000 0.260000
vn 0.000000 1.000000 0.000000
f 61//56 63//56 62//56
f 61//56 64//56 63//56

o caustic_plate_gem
usemtl caustic_plate
v 0.720000 0.006000 -0.620000
v 1.560000 0.006000 -0.620000
v 1.560000 0.006000 0.220000
v 0.720000 0.006000 0.220000
vn 0.000000 1.000000 0.000000
f 65//57 67//57 66//57
f 65//57 68//57 67//57

o stand_knot
usemtl metal_support
v -0.460000 0.012000 -0.310000
v 0.460000 0.012000 -0.310000
v 0.460000 0.070000 -0.310000
v -0.460000 0.070000 -0.310000
v -0.460000 0.012000 -0.090000
v 0.460000 0.012000 -0.090000
v 0.460000 0.070000 -0.090000
v -0.460000 0.070000 -0.090000
v -0.330000 0.070000 -0.225000
v -0.285000 0.070000 -0.225000
v -0.285000 0.500000 -0.225000
v -0.330000 0.500000 -0.225000
v -0.330000 0.070000 -0.175000
v -0.285000 0.070000 -0.175000
v -0.285000 0.500000 -0.175000
v -0.330000 0.500000 -0.175000
v 0.285000 0.070000 -0.225000
v 0.330000 0.070000 -0.225000
v 0.330000 0.500000 -0.225000
v 0.285000 0.500000 -0.225000
v 0.285000 0.070000 -0.175000
v 0.330000 0.070000 -0.175000
v 0.330000 0.500000 -0.175000
v 0.285000 0.500000 -0.175000
vn 0.000000 0.000000 -1.000000
vn 0.000000 0.000000 -1.000000
vn 0.000000 0.000000 1.000000
vn 0.000000 0.000000 1.000000
vn -1.000000 0.000000 0.000000
vn -1.000000 0.000000 0.000000
vn 1.000000 0.000000 0.000000
vn 1.000000 0.000000 0.000000
vn 0.000000 -1.000000 0.000000
vn 0.000000 -1.000000 0.000000
vn 0.000000 1.000000 0.000000
vn 0.000000 1.000000 0.000000
vn 0.000000 0.000000 -1.000000
vn 0.000000 0.000000 -1.000000
vn 0.000000 0.000000 1.000000
vn 0.000000 0.000000 1.000000
vn -1.000000 0.000000 0.000000
vn -1.000000 0.000000 0.000000
vn 1.000000 0.000000 0.000000
vn 1.000000 0.000000 0.000000
vn 0.000000 -1.000000 0.000000
vn 0.000000 -1.000000 0.000000
vn 0.000000 1.000000 0.000000
vn 0.000000 1.000000 0.000000
vn 0.000000 0.000000 -1.000000
vn 0.000000 0.000000 -1.000000
vn 0.000000 0.000000 1.000000
vn 0.000000 0.000000 1.000000
vn -1.000000 0.000000 0.000000
vn -1.000000 0.000000 0.000000
vn 1.000000 0.000000 0.000000
vn 1.000000 0.000000 0.000000
vn 0.000000 -1.000000 0.000000
vn 0.000000 -1.000000 0.000000
vn 0.000000 1.000000 0.000000
vn 0.000000 1.000000 0.000000
f 69//58 72//58 71//58
f 69//59 71//59 70//59
f 73//60 74//60 75//60
f 73//61 75//61 76//61
f 69//62 73//62 76//62
f 69//63 76//63 72//63
f 70//64 71//64 75//64
f 70//65 75//65 74//65
f 69//66 70//66 74//66
f 69//67 74//67 73//67
f 72//68 76//68 75//68
f 72//69 75//69 71//69
f 77//70 80//70 79//70
f 77//71 79//71 78//71
f 81//72 82//72 83//72
f 81//73 83//73 84//73
f 77//74 81//74 84//74
f 77//75 84//75 80//75
f 78//76 79//76 83//76
f 78//77 83//77 82//77
f 77//78 78//78 82//78
f 77//79 82//79 81//79
f 80//80 84//80 83//80
f 80//81 83//81 79//81
f 85//82 88//82 87//82
f 85//83 87//83 86//83
f 89//84 90//84 91//84
f 89//85 91//85 92//85
f 85//86 89//86 92//86
f 85//87 92//87 88//87
f 86//88 87//88 91//88
f 86//89 91//89 90//89
f 85//90 86//90 90//90
f 85//91 90//91 89//91
f 88//92 92//92 91//92
f 88//93 91//93 87//93

o stand_lens
usemtl metal_support
v -1.650000 0.012000 -0.310000
v -0.680000 0.012000 -0.310000
v -0.680000 0.070000 -0.310000
v -1.650000 0.070000 -0.310000
v -1.650000 0.012000 -0.090000
v -0.680000 0.012000 -0.090000
v -0.680000 0.070000 -0.090000
v -1.650000 0.070000 -0.090000
v -1.640000 0.070000 -0.235000
v -1.590000 0.070000 -0.235000
v -1.590000 0.460000 -0.235000
v -1.640000 0.460000 -0.235000
v -1.640000 0.070000 -0.165000
v -1.590000 0.070000 -0.165000
v -1.590000 0.460000 -0.165000
v -1.640000 0.460000 -0.165000
v -0.740000 0.070000 -0.235000
v -0.690000 0.070000 -0.235000
v -0.690000 0.460000 -0.235000
v -0.740000 0.460000 -0.235000
v -0.740000 0.070000 -0.165000
v -0.690000 0.070000 -0.165000
v -0.690000 0.460000 -0.165000
v -0.740000 0.460000 -0.165000
v -1.610000 0.370000 -0.235000
v -0.720000 0.370000 -0.235000
v -0.720000 0.420000 -0.235000
v -1.610000 0.420000 -0.235000
v -1.610000 0.370000 -0.165000
v -0.720000 0.370000 -0.165000
v -0.720000 0.420000 -0.165000
v -1.610000 0.420000 -0.165000
vn 0.000000 0.000000 -1.000000
vn 0.000000 0.000000 -1.000000
vn 0.000000 0.000000 1.000000
vn 0.000000 0.000000 1.000000
vn -1.000000 0.000000 0.000000
vn -1.000000 0.000000 0.000000
vn 1.000000 0.000000 0.000000
vn 1.000000 0.000000 0.000000
vn 0.000000 -1.000000 0.000000
vn 0.000000 -1.000000 0.000000
vn 0.000000 1.000000 0.000000
vn 0.000000 1.000000 0.000000
vn 0.000000 0.000000 -1.000000
vn 0.000000 0.000000 -1.000000
vn 0.000000 0.000000 1.000000
vn 0.000000 0.000000 1.000000
vn -1.000000 0.000000 0.000000
vn -1.000000 0.000000 0.000000
vn 1.000000 0.000000 0.000000
vn 1.000000 0.000000 0.000000
vn 0.000000 -1.000000 0.000000
vn 0.000000 -1.000000 0.000000
vn 0.000000 1.000000 0.000000
vn 0.000000 1.000000 0.000000
vn 0.000000 0.000000 -1.000000
vn 0.000000 0.000000 -1.000000
vn 0.000000 0.000000 1.000000
vn 0.000000 0.000000 1.000000
vn -1.000000 0.000000 0.000000
vn -1.000000 0.000000 0.000000
vn 1.000000 0.000000 0.000000
vn 1.000000 0.000000 0.000000
vn 0.000000 -1.000000 0.000000
vn 0.000000 -1.000000 0.000000
vn 0.000000 1.000000 0.000000
vn 0.000000 1.000000 0.000000
vn 0.000000 0.000000 -1.000000
vn 0.000000 0.000000 -1.000000
vn 0.000000 0.000000 1.000000
vn 0.000000 0.000000 1.000000
vn -1.000000 0.000000 0.000000
vn -1.000000 0.000000 0.000000
vn 1.000000 0.000000 0.000000
vn 1.000000 0.000000 0.000000
vn 0.000000 -1.000000 0.000000
vn 0.000000 -1.000000 0.000000
vn 0.000000 1.000000 0.000000
vn 0.000000 1.000000 0.000000
f 93//94 96//94 95//94
f 93//95 95//95 94//95
f 97//96 98//96 99//96
f 97//97 99//97 100//97
f 93//98 97//98 100//98
f 93//99 100//99 96//99
f 94//100 95//100 99//100
f 94//101 99//101 98//101
f 93//102 94//102 98//102
f 93//103 98//103 97//103
f 96//104 100//104 99//104
f 96//105 99//105 95//105
f 101//106 104//106 103//106
f 101//107 103//107 102//107
f 105//108 106//108 107//108
f 105//109 107//109 108//109
f 101//110 105//110 108//110
f 101//111 108//111 104//111
f 102//112 103//112 107//112
f 102//113 107//113 106//113
f 101//114 102//114 106//114
f 101//115 106//115 105//115
f 104//116 108//116 107//116
f 104//117 107//117 103//117
f 109//118 112//118 111//118
f 109//119 111//119 110//119
f 113//120 114//120 115//120
f 113//121 115//121 116//121
f 109//122 113//122 116//122
f 109//123 116//123 112//123
f 110//124 111//124 115//124
f 110//125 115//125 114//125
f 109//126 110//126 114//126
f 109//127 114//127 113//127
f 112//128 116//128 115//128
f 112//129 115//129 111//129
f 117//130 120//130 119//130
f 117//131 119//131 118//131
f 121//132 122//132 123//132
f 121//133 123//133 124//133
f 117//134 121//134 124//134
f 117//135 124//135 120//135
f 118//136 119//136 123//136
f 118//137 123//137 122//137
f 117//138 118//138 122//138
f 117//139 122//139 121//139
f 120//140 124//140 123//140
f 120//141 123//141 119//141

o stand_gem
usemtl metal_support
v 0.980000 0.012000 -0.360000
v 1.300000 0.012000 -0.360000
v 1.300000 0.160000 -0.360000
v 0.980000 0.160000 -0.360000
v 0.980000 0.012000 -0.040000
v 1.300000 0.012000 -0.040000
v 1.300000 0.160000 -0.040000
v 0.980000 0.160000 -0.040000
vn 0.000000 0.000000 -1.000000
vn 0.000000 0.000000 -1.000000
vn 0.000000 0.000000 1.000000
vn 0.000000 0.000000 1.000000
vn -1.000000 0.000000 0.000000
vn -1.000000 0.000000 0.000000
vn 1.000000 0.000000 0.000000
vn 1.000000 0.000000 0.000000
vn 0.000000 -1.000000 0.000000
vn 0.000000 -1.000000 0.000000
vn 0.000000 1.000000 0.000000
vn 0.000000 1.000000 0.000000
f 125//142 128//142 127//142
f 125//143 127//143 126//143
f 129//144 130//144 131//144
f 129//145 131//145 132//145
f 125//146 129//146 132//146
f 125//147 132//147 128//147
f 126//148 127//148 131//148
f 126//149 131//149 130//149
f 125//150 126//150 130//150
f 125//151 130//151 129//151
f 128//152 132//152 131//152
f 128//153 131//153 127//153

o glass_trefoil_knot
usemtl glass_knot
v 0.580000 1.320000 -0.200000
v 0.589378 1.308551 -0.166925
v 0.615000 1.300170 -0.142713
v 0.650000 1.297102 -0.133851
v 0.685000 1.300170 -0.142713
v 0.710622 1.308551 -0.166925
v 0.720000 1.320000 -0.200000
v 0.710622 1.331449 -0.233075
v 0.685000 1.339830 -0.257287
v 0.650000 1.342898 -0.266149
v 0.615000 1.339830 -0.257287
v 0.589378 1.331449 -0.233075
v 0.575485 1.376669 -0.176535
v 0.586540 1.366960 -0.143422
v 0.613152 1.362822 -0.119181
v 0.648192 1.365363 -0.110309
v 0.682270 1.373903 -0.119181
v 0.706255 1.386153 -0.143422
v 0.713720 1.398832 -0.176535
v 0.702665 1.408541 -0.209648
v 0.676053 1.412679 -0.233888
v 0.641013 1.410138 -0.242761
v 0.606936 1.401598 -0.233888
v 0.582951 1.389348 -0.209648
v 0.562107 1.431782 -0.153647
v 0.574448 1.424257 -0.120421
v 0.601304 1.424598 -0.096097
v 0.635477 1.432715 -0.087194
v 0.667811 1.446432 -0.096097
v 0.689643 1.462075 -0.120421
v 0.695123 1.475450 -0.153647
v 0.682781 1.482976 -0.186874
v 0.655926 1.482634 -0.211198
v 0.621753 1.474517 -0.220101
v 0.589419 1.460800 -0.211198
v 0.567587 1.445158 -0.186874
v 0.540355 1.483858 -0.131901
v 0.553462 1.478854 -0.098493
v 0.579746 1.483752 -0.074037
v 0.612164 1.497240 -0.065085
v 0.642029 1.515703 -0.074037
v 0.661339 1.534194 -0.098493
v 0.664921 1.547760 -0.131901
v 0.651813 1.552764 -0.165310
v 0.625530 1.547866 -0.189766
v 0.593112 1.534378 -0.198718
v 0.563247 1.515915 -0.189766
v 0.543936 1.497423 -0.165310
v 0.511014 1.531566 -0.111832
v 0.524268 1.529283 -0.078186
v 0.549143 1.538640 -0.053556
v 0.578972 1.557131 -0.044540
v 0.605763 1.579801 -0.053556
v 0.622337 1.600575 -0.078186
v 0.624254 1.613887 -0.111832
v 0.610999 1.616171 -0.145478
v 0.586125 1.606814 -0.170109
v 0.556296 1.588323 -0.179124
v 0.529505 1.565653 -0.170109
v 0.512931 1.544879 -0.145478
v 0.475120 1.573788 -0.093934
v 0.487845 1.574264 -0.060010
v 0.510490 1.587808 -0.035177
v 0.536988 1.610790 -0.026087
v 0.560238 1.637053 -0.035177
v 0.574011 1.659559 -0.060010
v 0.574617 1.672278 -0.093934
v 0.561892 1.671802 -0.127858
v 0.539247 1.658258 -0.152691
v 0.512749 1.635276 -0.161781
v 0.489499 1.609013 -0.152691
v 0.475726 1.586507 -0.127858
v 0.433903 1.609668 -0.078647
v 0.445406 1.612773 -0.044428
v 0.465064 1.630065 -0.019378
v 0.487609 1.656909 -0.010209
v 0.506999 1.686114 -0.019378
v 0.518040 1.709852 -0.044428
v 0.517773 1.721765 -0.078647
v 0.506269 1.718659 -0.112867
v 0.486611 1.701368 -0.137917
v 0.464067 1.674523 -0.147086
v 0.444676 1.645319 -0.137917
v 0.433635 1.621580 -0.112867
v 0.388711 1.638651 -0.066349
v 0.398334 1.644091 -0.031842
v 0.414346 1.664546 -0.006580
v 0.432457 1.694537 0.002666
v 0.447815 1.726027 -0.006580
v 0.456303 1.750578 -0.031842
v 0.455648 1.761613 -0.066349
v 0.446025 1.756173 -0.100856
v 0.430013 1.735718 -0.126118
v 0.411902 1.705727 -0.135364
v 0.396544 1.674237 -0.126118
v 0.388056 1.649686 -0.100856
v 0.340939 1.660500 -0.057342
v 0.348096 1.667828 -0.022585
v 0.359937 1.690748 0.002859
v 0.373291 1.723119 0.012172
v 0.384579 1.756268 0.002859
v 0.390777 1.781311 -0.022585
v 0.390223 1.791538 -0.057342
v 0.383067 1.784210 -0.092098
v 0.371225 1.761290 -0.117542
v 0.357871 1.728919 -0.126855
v 0.346583 1.695771 -0.117542
v 0.340386 1.670728 -0.092098
v 0.291942 1.675285 -0.051847
v 0.296158 1.683937 -0.016914
v 0.303463 1.708547 0.008659
v 0.311899 1.742520 0.018020
v 0.319206 1.776753 0.008659
v 0.323426 1.802075 -0.016914
v 0.323428 1.811699 -0.051847
v 0.319212 1.803047 -0.086780
v 0.311908 1.778438 -0.112353
v 0.303472 1.744465 -0.121713
v 0.296165 1.710231 -0.112353
v 0.291945 1.684910 -0.086780
v 0.242960 1.683368 -0.050000
v 0.243903 1.692698 -0.015000
v 0.246480 1.718190 0.010622
v 0.250000 1.753013 0.020000
v 0.253520 1.787835 0.010622
v 0.256097 1.813327 -0.015000
v 0.257040 1.822658 -0.050000
v 0.256097 1.813327 -0.085000
v 0.253520 1.787835 -0.110622
v 0.250000 1.753013 -0.120000
v 0.246480 1.718190 -0.110622
v 0.243903 1.692698 -0.085000
v 0.195048 1.685347 -0.051847
v 0.192547 1.694683 -0.016925
v 0.190388 1.720271 0.008640
v 0.189150 1.755254 0.017997
v 0.189164 1.790260 0.008640
v 0.190427 1.815908 -0.016925
v 0.192600 1.825326 -0.051847
v 0.195102 1.815990 -0.086769
v 0.197261 1.790402 -0.112333
v 0.198499 1.755418 -0.121690
v 0.198484 1.720412 -0.112333
v 0.197221 1.694765 -0.086769
v 0.149023 1.682005 -0.057342
v 0.143072 1.690701 -0.022673
v 0.136347 1.715674 0.002706
v 0.130650 1.750231 0.011995
v 0.127509 1.785113 0.002706
v 0.127763 1.810974 -0.022673
v 0.131347 1.820884 -0.057342
v 0.137298 1.812188 -0.092010
v 0.144023 1.787215 -0.117389
v 0.149719 1.752658 -0.126679
v 0.152861 1.717775 -0.117389
v 0.152606 1.691914 -0.092010
v 0.105424 1.674230 -0.066349
v 0.096175 1.681733 -0.032128
v 0.085216 1.705508 -0.007076
v 0.075485 1.739186 0.002094
v 0.069589 1.773741 -0.007076
v 0.069108 1.799916 -0.032128
v 0.074171 1.810697 -0.066349
v 0.083420 1.803194 -0.100570
v 0.094379 1.779419 -0.125622
v 0.104109 1.745741 -0.134792
v 0.110005 1.711185 -0.125622
v 0.110487 1.685010 -0.100570
v 0.064500 1.662944 -0.078647
v 0.052237 1.668848 -0.045066
v 0.037512 1.691025 -0.020483
v 0.024270 1.723531 -0.011485
v 0.016060 1.757657 -0.020483
v 0.015082 1.784259 -0.045066
v 0.021597 1.796208 -0.078647
v 0.033860 1.790304 -0.112229
v 0.048585 1.768128 -0.136812
v 0.061826 1.735621 -0.145810
v 0.070036 1.701495 -0.136812
v 0.071015 1.674894 -0.112229
v 0.026214 1.649028 -0.093934
v 0.011321 1.653127 -0.061157
v -0.006606 1.673519 -0.037162
v -0.022763 1.704741 -0.028380
v -0.032820 1.738426 -0.037162
v -0.034083 1.765548 -0.061157
v -0.026214 1.778840 -0.093934
v -0.011321 1.774741 -0.126711
v 0.006606 1.754349 -0.150706
v 0.022763 1.723127 -0.159488
v 0.032820 1.689442 -0.150706
v 0.034083 1.662320 -0.126711
v -0.009716 1.633263 -0.111832
v -0.026800 1.635574 -0.079961
v -0.047307 1.654230 -0.056630
v -0.065744 1.684231 -0.048090
v -0.077170 1.717540 -0.056630
v -0.078524 1.745231 -0.079961
v -0.069443 1.759883 -0.111832
v -0.052359 1.757572 -0.143703
v -0.031852 1.738917 -0.167035
v -0.013415 1.708915 -0.175575
v -0.001989 1.675606 -0.167035
v -0.000635 1.647916 -0.143703
v -0.043759 1.616298 -0.131901
v -0.062567 1.617054 -0.100940
v -0.085020 1.634233 -0.078274
v -0.105100 1.663231 -0.069978
v -0.117429 1.696278 -0.078274
v -0.118701 1.724520 -0.100940
v -0.108577 1.740389 -0.131901
v -0.089769 1.739633 -0.162863
v -0.067317 1.722454 -0.185529
v -0.047236 1.693456 -0.193825
v -0.034908 1.660408 -0.185529
v -0.033635 1.632167 -0.162863
v -0.076477 1.598635 -0.153647
v -0.096536 1.598235 -0.123474
v -0.120316 1.614345 -0.101386
v -0.141446 1.642649 -0.093301
v -0.154264 1.675562 -0.101386
v -0.155335 1.704266 -0.123474
v -0.144373 1.721069 -0.153647
v -0.124314 1.721469 -0.183821
v -0.100533 1.705359 -0.205909
v -0.079403 1.677055 -0.213994
v -0.066585 1.644142 -0.205909
v -0.065514 1.615438 -0.183821
v -0.108413 1.580631 -0.176535
v -0.129237 1.579546 -0.146901
v -0.153778 1.595041 -0.125208
v -0.175460 1.622966 -0.117268
v -0.188473 1.655838 -0.125208
v -0.189331 1.684848 -0.146901
v -0.177805 1.702225 -0.176535
v -0.156981 1.703310 -0.206168
v -0.132440 1.687815 -0.227862
v -0.110758 1.659890 -0.235802
v -0.097745 1.627018 -0.227862
v -0.096886 1.598008 -0.206168
v -0.140000 1.562487 -0.200000
v -0.161080 1.561146 -0.170559
v -0.185890 1.576407 -0.149006
v -0.207782 1.604182 -0.141118
v -0.220890 1.637029 -0.149006
v -0.221702 1.666146 -0.170559
v -0.210000 1.683731 -0.200000
v -0.188920 1.685072 -0.229441
v -0.164110 1.669811 -0.250994
v -0.142218 1.642035 -0.258882
v -0.129110 1.609189 -0.250994
v -0.128298 1.580072 -0.229441
v -0.171507 1.544204 -0.223465
v -0.192318 1.542910 -0.193832
v -0.217013 1.558159 -0.172138
v -0.238974 1.585865 -0.164198
v -0.252317 1.618604 -0.172138
v -0.253466 1.647605 -0.193832
v -0.242114 1.665096 -0.223465
v -0.221302 1.666390 -0.253099
v -0.196607 1.651141 -0.274792
v -0.174647 1.623435 -0.282732
v -0.161304 1.590696 -0.274792
v -0.160155 1.561695 -0.253099
v -0.203067 1.525548 -0.246353
v -0.223100 1.524456 -0.216179
v -0.247422 1.539735 -0.194091
v -0.269517 1.567293 -0.186006
v -0.283464 1.599744 -0.194091
v -0.285526 1.628393 -0.216179
v -0.275150 1.645565 -0.246353
v -0.255117 1.646657 -0.276526
v -0.230794 1.631378 -0.298614
v -0.208699 1.603820 -0.306699
v -0.194752 1.571369 -0.298614
v -0.192691 1.542720 -0.276526
v -0.234722 1.506046 -0.268099
v -0.253527 1.505212 -0.237137
v -0.277348 1.520435 -0.214471
v -0.299804 1.547636 -0.206175
v -0.314877 1.579525 -0.214471
v -0.318528 1.607559 -0.237137
v -0.309779 1.624225 -0.268099
v -0.290974 1.625058 -0.299060
v -0.267152 1.609835 -0.321726
v -0.244697 1.582635 -0.330022
v -0.229624 1.550746 -0.321726
v -0.225973 1.522712 -0.299060
v -0.266435 1.485046 -0.288168
v -0.283666 1.484508 -0.256297
v -0.306970 1.499525 -0.232965
v -0.330103 1.526075 -0.224425
v -0.346867 1.557043 -0.232965
v -0.352769 1.584131 -0.256297
v -0.346229 1.600081 -0.288168
v -0.328999 1.600619 -0.320039
v -0.305695 1.585601 -0.343370
v -0.282562 1.559052 -0.351910
v -0.265798 1.528084 -0.343370
v -0.259895 1.500996 -0.320039
v -0.298053 1.461812 -0.306066
v -0.313499 1.461643 -0.273289
v -0.336356 1.476298 -0.249294
v -0.360500 1.501851 -0.240512
v -0.379460 1.531453 -0.249294
v -0.388157 1.557174 -0.273289
v -0.384260 1.572122 -0.306066
v -0.368814 1.572291 -0.338843
v -0.345957 1.557636 -0.362838
v -0.321814 1.532083 -0.371620
v -0.302854 1.502481 -0.362838
v -0.294157 1.476760 -0.338843
v -0.329248 1.435614 -0.321353
v -0.342854 1.435946 -0.287771
v -0.365403 1.450095 -0.263188
v -0.390852 1.474268 -0.254190
v -0.412382 1.501988 -0.263188
v -0.424225 1.525829 -0.287771
v -0.423207 1.539401 -0.321353
v -0.409601 1.539068 -0.354934
v -0.387052 1.524920 -0.379517
v -0.361603 1.500747 -0.388515
v -0.340073 1.473026 -0.379517
v -0.328230 1.449186 -0.354934
v -0.359484 1.405815 -0.333651
v -0.371352 1.406821 -0.299430
v -0.393779 1.420325 -0.274378
v -0.420757 1.442709 -0.265208
v -0.445058 1.467975 -0.274378
v -0.460168 1.489353 -0.299430
v -0.462041 1.501115 -0.333651
v -0.450174 1.500109 -0.367872
v -0.427746 1.486605 -0.392924
v -0.400768 1.464221 -0.402094
v -0.376468 1.438955 -0.392924
v -0.361357 1.417577 -0.367872
v -0.388017 1.371945 -0.342658
v -0.398390 1.373797 -0.307990
v -0.420914 1.386506 -0.282611
v -0.449552 1.406668 -0.273321
v -0.476632 1.428880 -0.282611
v -0.494896 1.447190 -0.307990
v -0.499452 1.456693 -0.342658
v -0.489078 1.454841 -0.377327
v -0.466554 1.442131 -0.402706
v -0.437916 1.421969 -0.411995
v -0.410837 1.399757 -0.402706
v -0.392572 1.381447 -0.377327
v -0.413924 1.333757 -0.348153
v -0.423166 1.336584 -0.313231
v -0.446010 1.348314 -0.287667
v -0.476332 1.365804 -0.278310
v -0.506010 1.384368 -0.287667
v -0.527090 1.399032 -0.313231
v -0.533925 1.405866 -0.348153
v -0.524682 1.403039 -0.383075
v -0.501839 1.391309 -0.408640
v -0.471516 1.373819 -0.417997
v -0.441839 1.355255 -0.408640
v -0.420758 1.340591 -0.383075
v -0.436165 1.291274 -0.350000
v -0.444718 1.295123 -0.315000
v -0.468083 1.305637 -0.289378
v -0.500000 1.320000 -0.280000
v -0.531917 1.334363 -0.289378
v -0.555282 1.344877 -0.315000
v -0.563835 1.348726 -0.350000
v -0.555282 1.344877 -0.385000
v -0.531917 1.334363 -0.410622
v -0.500000 1.320000 -0.420000
v -0.468083 1.305637 -0.410622
v -0.444718 1.295123 -0.385000
v -0.453657 1.244813 -0.348153
v -0.461993 1.249624 -0.313220
v -0.486032 1.258629 -0.287647
v -0.519333 1.269418 -0.278287
v -0.552973 1.279099 -0.287647
v -0.577937 1.285078 -0.313220
v -0.587538 1.285752 -0.348153
v -0.579202 1.280942 -0.383086
v -0.555163 1.271937 -0.408659
v -0.521862 1.261148 -0.418020
v -0.488223 1.251467 -0.408659
v -0.463258 1.245488 -0.383086
v -0.465351 1.194988 -0.342658
v -0.473932 1.200581 -0.307902
v -0.498719 1.207735 -0.282458
v -0.533070 1.214534 -0.273145
v -0.567781 1.219154 -0.282458
v -0.593551 1.220359 -0.307902
v -0.603476 1.217826 -0.342658
v -0.594895 1.212233 -0.377415
v -0.570108 1.205079 -0.402859
v -0.535757 1.198280 -0.412172
v -0.501046 1.193659 -0.402859
v -0.475276 1.192454 -0.377415
v -0.470316 1.142692 -0.333651
v -0.479544 1.148776 -0.299144
v -0.505051 1.153701 -0.273882
v -0.540000 1.156146 -0.264636
v -0.575029 1.155457 -0.273882
v -0.600750 1.151818 -0.299144
v -0.610272 1.146204 -0.333651
v -0.601043 1.140119 -0.368158
v -0.575537 1.135195 -0.393420
v -0.540587 1.132749 -0.402666
v -0.505559 1.133439 -0.393420
v -0.479838 1.137078 -0.368158
v -0.467811 1.089063 -0.321353
v -0.477994 1.095251 -0.287133
v -0.504073 1.097559 -0.262083
v -0.539060 1.095368 -0.252914
v -0.573580 1.089266 -0.262083
v -0.598384 1.080888 -0.287133
v -0.606825 1.072478 -0.321353
v -0.596642 1.066290 -0.355572
v -0.570563 1.063983 -0.380622
v -0.535576 1.066173 -0.389791
v -0.501056 1.072275 -0.380622
v -0.476252 1.080654 -0.355572
v -0.457347 1.035428 -0.306066
v -0.468664 1.041263 -0.272142
v -0.495042 1.040588 -0.247309
v -0.529412 1.033584 -0.238219
v -0.562564 1.022127 -0.247309
v -0.585616 1.009288 -0.272142
v -0.592390 0.998506 -0.306066
v -0.581073 0.992671 -0.339990
v -0.554695 0.993346 -0.364823
v -0.520325 1.000350 -0.373913
v -0.487173 1.011806 -0.364823
v -0.464121 1.024646 -0.339990
v -0.438729 0.983232 -0.288168
v -0.451216 0.988228 -0.254522
v -0.477494 0.984262 -0.229891
v -0.510522 0.972395 -0.220876
v -0.541450 0.955808 -0.229891
v -0.561991 0.938945 -0.254522
v -0.566641 0.926324 -0.288168
v -0.554153 0.921328 -0.321814
v -0.527875 0.925295 -0.346444
v -0.494847 0.937161 -0.355460
v -0.463919 0.953748 -0.346444
v -0.443378 0.970612 -0.321814
v -0.412083 0.933968 -0.268099
v -0.425621 0.937649 -0.234690
v -0.451291 0.930172 -0.210234
v -0.482213 0.913539 -0.201282
v -0.510102 0.892208 -0.210234
v -0.527486 0.871895 -0.234690
v -0.529706 0.858042 -0.268099
v -0.516168 0.854361 -0.301507
v -0.490498 0.861838 -0.325963
v -0.459576 0.878470 -0.334915
v -0.431687 0.899801 -0.325963
v -0.414303 0.920115 -0.301507
v -0.377860 0.889092 -0.246353
v -0.392183 0.891035 -0.213126
v -0.416646 0.879949 -0.188802
v -0.444693 0.858805 -0.179899
v -0.468809 0.833268 -0.188802
v -0.482532 0.810182 -0.213126
v -0.482185 0.795731 -0.246353
v -0.467862 0.793789 -0.279579
v -0.443399 0.804875 -0.303903
v -0.415352 0.826019 -0.312806
v -0.391236 0.851555 -0.303903
v -0.377513 0.874641 -0.279579
v -0.336820 0.849950 -0.223465
v -0.351532 0.849824 -0.190352
v -0.374134 0.835177 -0.166112
v -0.398568 0.809935 -0.157239
v -0.418289 0.780861 -0.166112
v -0.428011 0.755744 -0.190352
v -0.425130 0.741316 -0.223465
v -0.410418 0.741442 -0.256578
v -0.387816 0.756089 -0.280819
v -0.363381 0.781331 -0.289691
v -0.343661 0.810405 -0.280819
v -0.333939 0.835522 -0.256578
v -0.290000 0.817705 -0.200000
v -0.304604 0.815308 -0.166925
v -0.324673 0.797309 -0.142713
v -0.344830 0.768532 -0.133851
v -0.359673 0.736688 -0.142713
v -0.365226 0.710308 -0.166925
v -0.360000 0.696462 -0.200000
v -0.345396 0.698859 -0.233075
v -0.325327 0.716858 -0.257287
v -0.305170 0.745635 -0.266149
v -0.290327 0.777479 -0.257287
v -0.284774 0.803859 -0.233075
v -0.238666 0.793281 -0.176535
v -0.252601 0.788562 -0.143422
v -0.269491 0.767584 -0.119181
v -0.284810 0.735968 -0.110309
v -0.294454 0.702186 -0.119181
v -0.295837 0.675289 -0.143422
v -0.288590 0.662485 -0.176535
v -0.274654 0.667204 -0.209648
v -0.257764 0.688181 -0.233888
v -0.242445 0.719797 -0.242761
v -0.232802 0.753579 -0.233888
v -0.231419 0.780476 -0.209648
v -0.184248 0.777310 -0.153647
v -0.196935 0.770385 -0.120421
v -0.210067 0.746957 -0.096097
v -0.220124 0.713304 -0.087194
v -0.224412 0.678442 -0.096097
v -0.221781 0.651714 -0.120421
v -0.212937 0.640281 -0.153647
v -0.200249 0.647206 -0.186874
v -0.187118 0.670634 -0.211198
v -0.177060 0.704287 -0.220101
v -0.172773 0.739149 -0.211198
v -0.175403 0.765877 -0.186874
v -0.128272 0.770110 -0.131901
v -0.139160 0.761260 -0.098493
v -0.148060 0.736049 -0.074037
v -0.152588 0.701231 -0.065085
v -0.151531 0.666135 -0.074037
v -0.145172 0.640166 -0.098493
v -0.135215 0.630282 -0.131901
v -0.124327 0.639131 -0.165310
v -0.115427 0.664343 -0.189766
v -0.110899 0.699161 -0.198718
v -0.111956 0.734256 -0.189766
v -0.118315 0.760226 -0.165310
v -0.072285 0.771666 -0.111832
v -0.080890 0.761329 -0.078186
v -0.085224 0.735109 -0.053556
v -0.084125 0.700031 -0.044540
v -0.077887 0.665494 -0.053556
v -0.068183 0.640753 -0.078186
v -0.057613 0.632437 -0.111832
v -0.049008 0.642774 -0.145478
v -0.044674 0.668994 -0.170109
v -0.045774 0.704072 -0.179124
v -0.052011 0.738609 -0.170109
v -0.061715 0.763350 -0.145478
v -0.017774 0.781640 -0.093934
v -0.023724 0.770382 -0.060010
v -0.023317 0.743999 -0.035177
v -0.016662 0.709560 -0.026087
v -0.005543 0.676293 -0.035177
v 0.007061 0.653112 -0.060010
v 0.017774 0.646228 -0.093934
v 0.023724 0.657486 -0.127858
v 0.023317 0.683869 -0.152691
v 0.016662 0.718308 -0.161781
v 0.005543 0.751575 -0.152691
v -0.007061 0.774756 -0.127858
v 0.033908 0.799395 -0.078647
v 0.030846 0.787880 -0.044428
v 0.035992 0.762210 -0.019378
v 0.047968 0.729264 -0.010209
v 0.063564 0.697869 -0.019378
v 0.078602 0.676438 -0.044428
v 0.089052 0.670713 -0.078647
v 0.092115 0.682228 -0.112867
v 0.086968 0.707898 -0.137917
v 0.074993 0.740845 -0.147086
v 0.059396 0.772240 -0.137917
v 0.044358 0.793671 -0.112867
v 0.081605 0.824040 -0.066349
v 0.081504 0.812987 -0.031842
v 0.091213 0.788892 -0.006580
v 0.108130 0.758212 0.002666
v 0.127723 0.729168 -0.006580
v 0.144741 0.709541 -0.031842
v 0.154624 0.704591 -0.066349
v 0.154725 0.715644 -0.100856
v 0.145016 0.739739 -0.126118
v 0.128099 0.770419 -0.135364
v 0.108506 0.799464 -0.126118
v 0.091488 0.819091 -0.100856
v 0.124412 0.854488 -0.057342
v 0.127180 0.844626 -0.022585
v 0.141109 0.822911 0.002859
v 0.162466 0.795161 0.012172
v 0.185529 0.768811 0.002859
v 0.204118 0.750922 -0.022585
v 0.213253 0.746288 -0.057342
v 0.210484 0.756149 -0.092098
v 0.196556 0.777864 -0.117542
v 0.175198 0.805615 -0.126855
v 0.152135 0.831965 -0.117542
v 0.133546 0.849854 -0.092098
v 0.161715 0.889528 -0.051847
v 0.167100 0.881551 -0.016914
v 0.184760 0.862920 0.008659
v 0.209963 0.838628 0.018020
v 0.235957 0.815183 0.008659
v 0.255776 0.798868 -0.016914
v 0.264110 0.794054 -0.051847
v 0.258725 0.802030 -0.086780
v 0.241065 0.820661 -0.112353
v 0.215861 0.844953 -0.121713
v 0.189868 0.868398 -0.112353
v 0.170049 0.884714 -0.086780
v 0.193206 0.927907 -0.050000
v 0.200815 0.922425 -0.015000
v 0.221603 0.907447 0.010622
v 0.250000 0.886987 0.020000
v 0.278397 0.866528 0.010622
v 0.299185 0.851550 -0.015000
v 0.306794 0.846068 -0.050000
v 0.299185 0.851550 -0.085000
v 0.278397 0.866528 -0.110622
v 0.250000 0.886987 -0.120000
v 0.221603 0.907447 -0.110622
v 0.200815 0.922425 -0.085000
v 0.218876 0.968410 -0.051847
v 0.228212 0.965908 -0.016925
v 0.251451 0.954984 0.008640
v 0.282367 0.938564 0.017997
v 0.312675 0.921049 0.008640
v 0.334255 0.907131 -0.016925
v 0.341325 0.900540 -0.051847
v 0.331989 0.903042 -0.086769
v 0.308749 0.913966 -0.112333
v 0.277834 0.930386 -0.121690
v 0.247525 0.947901 -0.112333
v 0.225945 0.961819 -0.086769
v 0.238994 1.009940 -0.057342
v 0.249501 1.010746 -0.022673
v 0.274490 1.004083 0.002706
v 0.307266 0.991738 0.011995
v 0.339046 0.977018 0.002706
v 0.361314 0.963866 -0.022673
v 0.368105 0.955808 -0.057342
v 0.357598 0.955003 -0.092010
v 0.332609 0.961665 -0.117389
v 0.299833 0.974010 -0.126679
v 0.268053 0.988731 -0.117389
v 0.245784 1.001882 -0.092010
v 0.254060 1.051585 -0.066349
v 0.265182 1.055844 -0.032128
v 0.291252 1.053447 -0.007076
v 0.325283 1.045035 0.002094
v 0.358157 1.032863 -0.007076
v 0.381066 1.020192 -0.032128
v 0.387871 1.010418 -0.066349
v 0.376748 1.006159 -0.100570
v 0.350679 1.008556 -0.125622
v 0.316648 1.016968 -0.134792
v 0.283774 1.029140 -0.125622
v 0.260865 1.041811 -0.100570
v 0.264748 1.092670 -0.078647
v 0.275993 1.100337 -0.045066
v 0.302561 1.102001 -0.020483
v 0.337333 1.097216 -0.011485
v 0.370992 1.087263 -0.020483
v 0.394519 1.074809 -0.045066
v 0.401610 1.063192 -0.078647
v 0.390365 1.055525 -0.112229
v 0.363798 1.053861 -0.136812
v 0.329026 1.058646 -0.145810
v 0.295367 1.068599 -0.136812
v 0.271840 1.081053 -0.112229
v 0.271839 1.132784 -0.093934
v 0.282836 1.143633 -0.061157
v 0.309460 1.148961 -0.037162
v 0.344577 1.147343 -0.028380
v 0.378777 1.139210 -0.037162
v 0.402897 1.126743 -0.061157
v 0.410474 1.113282 -0.093934
v 0.399478 1.102433 -0.126711
v 0.372854 1.097105 -0.150706
v 0.337737 1.098723 -0.159488
v 0.303536 1.106856 -0.150706
v 0.279416 1.119323 -0.126711
v 0.276152 1.171783 -0.111832
v 0.286695 1.185422 -0.079961
v 0.313105 1.193854 -0.056630
v 0.348306 1.194820 -0.048090
v 0.382865 1.188061 -0.056630
v 0.407523 1.175388 -0.079961
v 0.415672 1.160197 -0.111832
v 0.405128 1.146558 -0.143703
v 0.378718 1.138126 -0.167035
v 0.343518 1.137160 -0.175575
v 0.308958 1.143919 -0.167035
v 0.284301 1.156592 -0.143703
v 0.278481 1.209748 -0.131901
v 0.288540 1.225658 -0.100940
v 0.314644 1.236513 -0.078274
v 0.349797 1.239404 -0.069978
v 0.384581 1.233557 -0.078274
v 0.409675 1.220538 -0.100940
v 0.418356 1.203836 -0.131901
v 0.408297 1.187926 -0.162863
v 0.382194 1.177071 -0.185529
v 0.347040 1.174180 -0.193825
v 0.312256 1.180027 -0.185529
v 0.287162 1.193046 -0.162863
v 0.279543 1.246913 -0.153647
v 0.289226 1.264485 -0.123474
v 0.315068 1.277024 -0.101386
v 0.350145 1.281172 -0.093301
v 0.385058 1.275815 -0.101386
v 0.410452 1.262391 -0.123474
v 0.419522 1.244496 -0.153647
v 0.409839 1.226924 -0.183821
v 0.383997 1.214385 -0.205909
v 0.348920 1.210238 -0.213994
v 0.314008 1.215594 -0.205909
v 0.288614 1.229018 -0.183821
v 0.279920 1.283573 -0.176535
v 0.289392 1.302150 -0.146901
v 0.315081 1.315655 -0.125208
v 0.350106 1.320469 -0.117268
v 0.385081 1.315304 -0.125208
v 0.410634 1.301542 -0.146901
v 0.419918 1.282871 -0.176535
v 0.410447 1.264294 -0.206168
v 0.384757 1.250789 -0.227862
v 0.349733 1.245975 -0.235802
v 0.314758 1.251140 -0.227862
v 0.289205 1.264902 -0.206168
v 0.280000 1.320000 -0.200000
v 0.289378 1.338927 -0.170559
v 0.315000 1.352782 -0.149006
v 0.350000 1.357853 -0.141118
v 0.385000 1.352782 -0.149006
v 0.410622 1.338927 -0.170559
v 0.420000 1.320000 -0.200000
v 0.410622 1.301073 -0.229441
v 0.385000 1.287218 -0.250994
v 0.350000 1.282147 -0.258882
v 0.315000 1.287218 -0.250994
v 0.289378 1.301073 -0.229441
v 0.279920 1.356427 -0.223465
v 0.289205 1.375098 -0.193832
v 0.314758 1.388860 -0.172138
v 0.349733 1.394025 -0.164198
v 0.384757 1.389211 -0.172138
v 0.410447 1.375706 -0.193832
v 0.419918 1.357129 -0.223465
v 0.410634 1.338458 -0.253099
v 0.385081 1.324696 -0.274792
v 0.350106 1.319531 -0.282732
v 0.315081 1.324345 -0.274792
v 0.289392 1.337850 -0.253099
v 0.279543 1.393087 -0.246353
v 0.288614 1.410982 -0.216179
v 0.314008 1.424406 -0.194091
v 0.348920 1.429762 -0.186006
v 0.383997 1.425615 -0.194091
v 0.409839 1.413076 -0.216179
v 0.419522 1.395504 -0.246353
v 0.410452 1.377609 -0.276526
v 0.385058 1.364185 -0.298614
v 0.350145 1.358828 -0.306699
v 0.315068 1.362976 -0.298614
v 0.289226 1.375515 -0.276526
v 0.278481 1.430252 -0.268099
v 0.287162 1.446954 -0.237137
v 0.312256 1.459973 -0.214471
v 0.347040 1.465820 -0.206175
v 0.382194 1.462929 -0.214471
v 0.408297 1.452074 -0.237137
v 0.418356 1.436164 -0.268099
v 0.409675 1.419462 -0.299060
v 0.384581 1.406443 -0.321726
v 0.349797 1.400596 -0.330022
v 0.314644 1.403487 -0.321726
v 0.288540 1.414342 -0.299060
v 0.276152 1.468217 -0.288168
v 0.284301 1.483408 -0.256297
v 0.308958 1.496081 -0.232965
v 0.343518 1.502840 -0.224425
v 0.378718 1.501874 -0.232965
v 0.405128 1.493442 -0.256297
v 0.415672 1.479803 -0.288168
v 0.407523 1.464612 -0.320039
v 0.382865 1.451939 -0.343370
v 0.348306 1.445180 -0.351910
v 0.313105 1.446146 -0.343370
v 0.286695 1.454578 -0.320039
v 0.271839 1.507216 -0.306066
v 0.279416 1.520677 -0.273289
v 0.303536 1.533144 -0.249294
v 0.337737 1.541277 -0.240512
v 0.372854 1.542895 -0.249294
v 0.399478 1.537567 -0.273289
v 0.410474 1.526718 -0.306066
v 0.402897 1.513257 -0.338843
v 0.378777 1.500790 -0.362838
v 0.344577 1.492657 -0.371620
v 0.309460 1.491039 -0.362838
v 0.282836 1.496367 -0.338843
v 0.264748 1.547330 -0.321353
v 0.271840 1.558947 -0.287771
v 0.295367 1.571401 -0.263188
v 0.329026 1.581354 -0.254190
v 0.363798 1.586139 -0.263188
v 0.390365 1.584475 -0.287771
v 0.401610 1.576808 -0.321353
v 0.394519 1.565191 -0.354934
v 0.370992 1.552737 -0.379517
v 0.337333 1.542784 -0.388515
v 0.302561 1.537999 -0.379517
v 0.275993 1.539663 -0.354934
v 0.254060 1.588415 -0.333651
v 0.260865 1.598189 -0.299430
v 0.283774 1.610860 -0.274378
v 0.316648 1.623032 -0.265208
v 0.350679 1.631444 -0.274378
v 0.376748 1.633841 -0.299430
v 0.387871 1.629582 -0.333651
v 0.381066 1.619808 -0.367872
v 0.358157 1.607137 -0.392924
v 0.325283 1.594965 -0.402094
v 0.291252 1.586553 -0.392924
v 0.265182 1.584156 -0.367872
v 0.238994 1.630060 -0.342658
v 0.245784 1.638118 -0.307990
v 0.268053 1.651269 -0.282611
v 0.299833 1.665990 -0.273321
v 0.332609 1.678335 -0.282611
v 0.357598 1.684997 -0.307990
v 0.368105 1.684192 -0.342658
v 0.361314 1.676134 -0.377327
v 0.339046 1.662982 -0.402706
v 0.307266 1.648262 -0.411995
v 0.274490 1.635917 -0.402706
v 0.249501 1.629254 -0.377327
v 0.218876 1.671590 -0.348153
v 0.225945 1.678181 -0.313231
v 0.247525 1.692099 -0.287667
v 0.277834 1.709614 -0.278310
v 0.308749 1.726034 -0.287667
v 0.331989 1.736958 -0.313231
v 0.341325 1.739460 -0.348153
v 0.334255 1.732869 -0.383075
v 0.312675 1.718951 -0.408640
v 0.282367 1.701436 -0.417997
v 0.251451 1.685016 -0.408640
v 0.228212 1.674092 -0.383075
v 0.193206 1.712093 -0.350000
v 0.200815 1.717575 -0.315000
v 0.221603 1.732553 -0.289378
v 0.250000 1.753013 -0.280000
v 0.278397 1.773472 -0.289378
v 0.299185 1.788450 -0.315000
v 0.306794 1.793932 -0.350000
v 0.299185 1.788450 -0.385000
v 0.278397 1.773472 -0.410622
v 0.250000 1.753013 -0.420000
v 0.221603 1.732553 -0.410622
v 0.200815 1.717575 -0.385000
v 0.161715 1.750472 -0.348153
v 0.170049 1.755286 -0.313220
v 0.189868 1.771602 -0.287647
v 0.215861 1.795047 -0.278287
v 0.241065 1.819339 -0.287647
v 0.258725 1.837970 -0.313220
v 0.264110 1.845946 -0.348153
v 0.255776 1.841132 -0.383086
v 0.235957 1.824817 -0.408659
v 0.209963 1.801372 -0.418020
v 0.184760 1.777080 -0.408659
v 0.167100 1.758449 -0.383086
v 0.124412 1.785512 -0.342658
v 0.133546 1.790146 -0.307902
v 0.152135 1.808035 -0.282458
v 0.175198 1.834385 -0.273145
v 0.196556 1.862136 -0.282458
v 0.210484 1.883851 -0.307902
v 0.213253 1.893712 -0.342658
v 0.204118 1.889078 -0.377415
v 0.185529 1.871189 -0.402859
v 0.162466 1.844839 -0.412172
v 0.141109 1.817089 -0.402859
v 0.127180 1.795374 -0.377415
v 0.081605 1.815960 -0.333651
v 0.091488 1.820909 -0.299144
v 0.108506 1.840536 -0.273882
v 0.128099 1.869581 -0.264636
v 0.145016 1.900261 -0.273882
v 0.154725 1.924356 -0.299144
v 0.154624 1.935409 -0.333651
v 0.144741 1.930459 -0.368158
v 0.127723 1.910832 -0.393420
v 0.108130 1.881788 -0.402666
v 0.091213 1.851108 -0.393420
v 0.081504 1.827013 -0.368158
v 0.033908 1.840605 -0.321353
v 0.044358 1.846329 -0.287133
v 0.059396 1.867760 -0.262083
v 0.074993 1.899155 -0.252914
v 0.086968 1.932102 -0.262083
v 0.092115 1.957772 -0.287133
v 0.089052 1.969287 -0.321353
v 0.078602 1.963562 -0.355572
v 0.063564 1.942131 -0.380622
v 0.047968 1.910736 -0.389791
v 0.035992 1.877790 -0.380622
v 0.030846 1.852120 -0.355572
v -0.017774 1.858360 -0.306066
v -0.007061 1.865244 -0.272142
v 0.005543 1.888425 -0.247309
v 0.016662 1.921692 -0.238219
v 0.023317 1.956131 -0.247309
v 0.023724 1.982514 -0.272142
v 0.017774 1.993772 -0.306066
v 0.007061 1.986888 -0.339990
v -0.005543 1.963707 -0.364823
v -0.016662 1.930440 -0.373913
v -0.023317 1.896001 -0.364823
v -0.023724 1.869618 -0.339990
v -0.072285 1.868334 -0.288168
v -0.061715 1.876650 -0.254522
v -0.052011 1.901391 -0.229891
v -0.045774 1.935928 -0.220876
v -0.044674 1.971006 -0.229891
v -0.049008 1.997226 -0.254522
v -0.057613 2.007563 -0.288168
v -0.068183 1.999247 -0.321814
v -0.077887 1.974506 -0.346444
v -0.084125 1.939969 -0.355460
v -0.085224 1.904891 -0.346444
v -0.080890 1.878671 -0.321814
v -0.128272 1.869890 -0.268099
v -0.118315 1.879774 -0.234690
v -0.111956 1.905744 -0.210234
v -0.110899 1.940839 -0.201282
v -0.115427 1.975657 -0.210234
v -0.124327 2.000869 -0.234690
v -0.135215 2.009718 -0.268099
v -0.145172 1.999834 -0.301507
v -0.151531 1.973865 -0.325963
v -0.152588 1.938769 -0.334915
v -0.148060 1.903951 -0.325963
v -0.139160 1.878740 -0.301507
v -0.184248 1.862690 -0.246353
v -0.175403 1.874123 -0.213126
v -0.172773 1.900851 -0.188802
v -0.177060 1.935713 -0.179899
v -0.187118 1.969366 -0.188802
v -0.200249 1.992794 -0.213126
v -0.212937 1.999719 -0.246353
v -0.221781 1.988286 -0.279579
v -0.224412 1.961558 -0.303903
v -0.220124 1.926696 -0.312806
v -0.210067 1.893043 -0.303903
v -0.196935 1.869615 -0.279579
v -0.238666 1.846719 -0.223465
v -0.231419 1.859524 -0.190352
v -0.232802 1.886421 -0.166112
v -0.242445 1.920203 -0.157239
v -0.257764 1.951819 -0.166112
v -0.274654 1.972796 -0.190352
v -0.288590 1.977515 -0.223465
v -0.295837 1.964711 -0.256578
v -0.294454 1.937814 -0.280819
v -0.284810 1.904032 -0.289691
v -0.269491 1.872416 -0.280819
v -0.252601 1.851438 -0.256578
v -0.290000 1.822295 -0.200000
v -0.284774 1.836141 -0.166925
v -0.290327 1.862521 -0.142713
v -0.305170 1.894365 -0.133851
v -0.325327 1.923142 -0.142713
v -0.345396 1.941141 -0.166925
v -0.360000 1.943538 -0.200000
v -0.365226 1.929692 -0.233075
v -0.359673 1.903312 -0.257287
v -0.344830 1.871468 -0.266149
v -0.324673 1.842691 -0.257287
v -0.304604 1.824692 -0.233075
v -0.336820 1.790050 -0.176535
v -0.333939 1.804478 -0.143422
v -0.343661 1.829595 -0.119181
v -0.363381 1.858669 -0.110309
v -0.387816 1.883911 -0.119181
v -0.410418 1.898558 -0.143422
v -0.425130 1.898684 -0.176535
v -0.428011 1.884256 -0.209648
v -0.418289 1.859139 -0.233888
v -0.398568 1.830065 -0.242761
v -0.374134 1.804823 -0.233888
v -0.351532 1.790176 -0.209648
v -0.377860 1.750908 -0.153647
v -0.377513 1.765359 -0.120421
v -0.391236 1.788445 -0.096097
v -0.415352 1.813981 -0.087194
v -0.443399 1.835125 -0.096097
v -0.467862 1.846211 -0.120421
v -0.482185 1.844269 -0.153647
v -0.482532 1.829818 -0.186874
v -0.468809 1.806732 -0.211198
v -0.444693 1.781195 -0.220101
v -0.416646 1.760051 -0.211198
v -0.392183 1.748965 -0.186874
v -0.412083 1.706032 -0.131901
v -0.414303 1.719885 -0.098493
v -0.431687 1.740199 -0.074037
v -0.459576 1.761530 -0.065085
v -0.490498 1.778162 -0.074037
v -0.516168 1.785639 -0.098493
v -0.529706 1.781958 -0.131901
v -0.527486 1.768105 -0.165310
v -0.510102 1.747792 -0.189766
v -0.482213 1.726461 -0.198718
v -0.451291 1.709828 -0.189766
v -0.425621 1.702351 -0.165310
v -0.438729 1.656768 -0.111832
v -0.443378 1.669388 -0.078186
v -0.463919 1.686252 -0.053556
v -0.494847 1.702839 -0.044540
v -0.527875 1.714705 -0.053556
v -0.554153 1.718672 -0.078186
v -0.566641 1.713676 -0.111832
v -0.561991 1.701055 -0.145478
v -0.541450 1.684192 -0.170109
v -0.510522 1.667605 -0.179124
v -0.477494 1.655738 -0.170109
v -0.451216 1.651772 -0.145478
v -0.457347 1.604572 -0.093934
v -0.464121 1.615354 -0.060010
v -0.487173 1.628194 -0.035177
v -0.520325 1.639650 -0.026087
v -0.554695 1.646654 -0.035177
v -0.581073 1.647329 -0.060010
v -0.592390 1.641494 -0.093934
v -0.585616 1.630712 -0.127858
v -0.562564 1.617873 -0.152691
v -0.529412 1.606416 -0.161781
v -0.495042 1.599412 -0.152691
v -0.468664 1.598737 -0.127858
v -0.467811 1.550937 -0.078647
v -0.476252 1.559346 -0.044428
v -0.501056 1.567725 -0.019378
v -0.535576 1.573827 -0.010209
v -0.570563 1.576017 -0.019378
v -0.596642 1.573710 -0.044428
v -0.606825 1.567522 -0.078647
v -0.598384 1.559112 -0.112867
v -0.573580 1.550734 -0.137917
v -0.539060 1.544632 -0.147086
v -0.504073 1.542441 -0.137917
v -0.477994 1.544749 -0.112867
v -0.470316 1.497308 -0.066349
v -0.479838 1.502922 -0.031842
v -0.505559 1.506561 -0.006580
v -0.540587 1.507251 0.002666
v -0.575537 1.504805 -0.006580
v -0.601043 1.499881 -0.031842
v -0.610272 1.493796 -0.066349
v -0.600750 1.488182 -0.100856
v -0.575029 1.484543 -0.126118
v -0.540000 1.483854 -0.135364
v -0.505051 1.486299 -0.126118
v -0.479544 1.491224 -0.100856
v -0.465351 1.445012 -0.057342
v -0.475276 1.447546 -0.022585
v -0.501046 1.446341 0.002859
v -0.535757 1.441720 0.012172
v -0.570108 1.434921 0.002859
v -0.594895 1.427767 -0.022585
v -0.603476 1.422174 -0.057342
v -0.593551 1.419641 -0.092098
v -0.567781 1.420846 -0.117542
v -0.533070 1.425466 -0.126855
v -0.498719 1.432265 -0.117542
v -0.473932 1.439419 -0.092098
v -0.453657 1.395187 -0.051847
v -0.463258 1.394512 -0.016914
v -0.488223 1.388533 0.008659
v -0.521862 1.378852 0.018020
v -0.555163 1.368063 0.008659
v -0.579202 1.359058 -0.016914
v -0.587538 1.354248 -0.051847
v -0.577937 1.354922 -0.086780
v -0.552973 1.360901 -0.112353
v -0.519333 1.370582 -0.121713
v -0.486032 1.381371 -0.112353
v -0.461993 1.390376 -0.086780
v -0.436165 1.348726 -0.050000
v -0.444718 1.344877 -0.015000
v -0.468083 1.334363 0.010622
v -0.500000 1.320000 0.020000
v -0.531917 1.305637 0.010622
v -0.555282 1.295123 -0.015000
v -0.563835 1.291274 -0.050000
v -0.555282 1.295123 -0.085000
v -0.531917 1.305637 -0.110622
v -0.500000 1.320000 -0.120000
v -0.468083 1.334363 -0.110622
v -0.444718 1.344877 -0.085000
v -0.413924 1.306243 -0.051847
v -0.420758 1.299409 -0.016925
v -0.441839 1.284745 0.008640
v -0.471516 1.266181 0.017997
v -0.501839 1.248691 0.008640
v -0.524682 1.236961 -0.016925
v -0.533925 1.234134 -0.051847
v -0.527090 1.240968 -0.086769
v -0.506010 1.255632 -0.112333
v -0.476332 1.274196 -0.121690
v -0.446010 1.291686 -0.112333
v -0.423166 1.303416 -0.086769
v -0.388017 1.268055 -0.057342
v -0.392572 1.258553 -0.022673
v -0.410837 1.240243 0.002706
v -0.437916 1.218031 0.011995
v -0.466554 1.197869 0.002706
v -0.489078 1.185159 -0.022673
v -0.499452 1.183307 -0.057342
v -0.494896 1.192810 -0.092010
v -0.476632 1.211120 -0.117389
v -0.449552 1.233332 -0.126679
v -0.420914 1.253494 -0.117389
v -0.398390 1.266203 -0.092010
v -0.359484 1.234185 -0.066349
v -0.361357 1.222423 -0.032128
v -0.376468 1.201045 -0.007076
v -0.400768 1.175779 0.002094
v -0.427746 1.153395 -0.007076
v -0.450174 1.139891 -0.032128
v -0.462041 1.138885 -0.066349
v -0.460168 1.150647 -0.100570
v -0.445058 1.172025 -0.125622
v -0.420757 1.197291 -0.134792
v -0.393779 1.219675 -0.125622
v -0.371352 1.233179 -0.100570
v -0.329248 1.204386 -0.078647
v -0.328230 1.190814 -0.045066
v -0.340073 1.166974 -0.020483
v -0.361603 1.139253 -0.011485
v -0.387052 1.115080 -0.020483
v -0.409601 1.100932 -0.045066
v -0.423207 1.100599 -0.078647
v -0.424225 1.114171 -0.112229
v -0.412382 1.138012 -0.136812
v -0.390852 1.165732 -0.145810
v -0.365403 1.189905 -0.136812
v -0.342854 1.204054 -0.112229
v -0.298053 1.178188 -0.093934
v -0.294157 1.163240 -0.061157
v -0.302854 1.137519 -0.037162
v -0.321814 1.107917 -0.028380
v -0.345957 1.082364 -0.037162
v -0.368814 1.067709 -0.061157
v -0.384260 1.067878 -0.093934
v -0.388157 1.082826 -0.126711
v -0.379460 1.108547 -0.150706
v -0.360500 1.138149 -0.159488
v -0.336356 1.163702 -0.150706
v -0.313499 1.178357 -0.126711
v -0.266435 1.154954 -0.111832
v -0.259895 1.139004 -0.079961
v -0.265798 1.111916 -0.056630
v -0.282562 1.080948 -0.048090
v -0.305695 1.054399 -0.056630
v -0.328999 1.039381 -0.079961
v -0.346229 1.039919 -0.111832
v -0.352769 1.055869 -0.143703
v -0.346867 1.082957 -0.167035
v -0.330103 1.113925 -0.175575
v -0.306970 1.140475 -0.167035
v -0.283666 1.155492 -0.143703
v -0.234722 1.133954 -0.131901
v -0.225973 1.117288 -0.100940
v -0.229624 1.089254 -0.078274
v -0.244697 1.057365 -0.069978
v -0.267152 1.030165 -0.078274
v -0.290974 1.014942 -0.100940
v -0.309779 1.015775 -0.131901
v -0.318528 1.032441 -0.162863
v -0.314877 1.060475 -0.185529
v -0.299804 1.092364 -0.193825
v -0.277348 1.119565 -0.185529
v -0.253527 1.134788 -0.162863
v -0.203067 1.114452 -0.153647
v -0.192691 1.097280 -0.123474
v -0.194752 1.068631 -0.101386
v -0.208699 1.036180 -0.093301
v -0.230794 1.008622 -0.101386
v -0.255117 0.993343 -0.123474
v -0.275150 0.994435 -0.153647
v -0.285526 1.011607 -0.183821
v -0.283464 1.040256 -0.205909
v -0.269517 1.072707 -0.213994
v -0.247422 1.100265 -0.205909
v -0.223100 1.115544 -0.183821
v -0.171507 1.095796 -0.176535
v -0.160155 1.078305 -0.146901
v -0.161304 1.049304 -0.125208
v -0.174647 1.016565 -0.117268
v -0.196607 0.988859 -0.125208
v -0.221302 0.973610 -0.146901
v -0.242114 0.974904 -0.176535
v -0.253466 0.992395 -0.206168
v -0.252317 1.021396 -0.227862
v -0.238974 1.054135 -0.235802
v -0.217013 1.081841 -0.227862
v -0.192318 1.097090 -0.206168
v -0.140000 1.077513 -0.200000
v -0.128298 1.059928 -0.170559
v -0.129110 1.030811 -0.149006
v -0.142218 0.997965 -0.141118
v -0.164110 0.970189 -0.149006
v -0.188920 0.954928 -0.170559
v -0.210000 0.956269 -0.200000
v -0.221702 0.973854 -0.229441
v -0.220890 1.002971 -0.250994
v -0.207782 1.035818 -0.258882
v -0.185890 1.063593 -0.250994
v -0.161080 1.078854 -0.229441
v -0.108413 1.059369 -0.223465
v -0.096886 1.041992 -0.193832
v -0.097745 1.012982 -0.172138
v -0.110758 0.980110 -0.164198
v -0.132440 0.952185 -0.172138
v -0.156981 0.936690 -0.193832
v -0.177805 0.937775 -0.223465
v -0.189331 0.955152 -0.253099
v -0.188473 0.984162 -0.274792
v -0.175460 1.017034 -0.282732
v -0.153778 1.044959 -0.274792
v -0.129237 1.060454 -0.253099
v -0.076477 1.041365 -0.246353
v -0.065514 1.024562 -0.216179
v -0.066585 0.995858 -0.194091
v -0.079403 0.962945 -0.186006
v -0.100533 0.934641 -0.194091
v -0.124314 0.918531 -0.216179
v -0.144373 0.918931 -0.246353
v -0.155335 0.935734 -0.276526
v -0.154264 0.964438 -0.298614
v -0.141446 0.997351 -0.306699
v -0.120316 1.025655 -0.298614
v -0.096536 1.041765 -0.276526
v -0.043759 1.023702 -0.268099
v -0.033635 1.007833 -0.237137
v -0.034908 0.979592 -0.214471
v -0.047236 0.946544 -0.206175
v -0.067317 0.917546 -0.214471
v -0.089769 0.900367 -0.237137
v -0.108577 0.899611 -0.268099
v -0.118701 0.915480 -0.299060
v -0.117429 0.943722 -0.321726
v -0.105100 0.976769 -0.330022
v -0.085020 1.005767 -0.321726
v -0.062567 1.022946 -0.299060
v -0.009716 1.006737 -0.288168
v -0.000635 0.992084 -0.256297
v -0.001989 0.964394 -0.232965
v -0.013415 0.931085 -0.224425
v -0.031852 0.901083 -0.232965
v -0.052359 0.882428 -0.256297
v -0.069443 0.880117 -0.288168
v -0.078524 0.894769 -0.320039
v -0.077170 0.922460 -0.343370
v -0.065744 0.955769 -0.351910
v -0.047307 0.985770 -0.343370
v -0.026800 1.004426 -0.320039
v 0.026214 0.990972 -0.306066
v 0.034083 0.977680 -0.273289
v 0.032820 0.950558 -0.249294
v 0.022763 0.916873 -0.240512
v 0.006606 0.885651 -0.249294
v -0.011321 0.865259 -0.273289
v -0.026214 0.861160 -0.306066
v -0.034083 0.874452 -0.338843
v -0.032820 0.901574 -0.362838
v -0.022763 0.935259 -0.371620
v -0.006606 0.966481 -0.362838
v 0.011321 0.986873 -0.338843
v 0.064500 0.977056 -0.321353
v 0.071015 0.965106 -0.287771
v 0.070036 0.938505 -0.263188
v 0.061826 0.904379 -0.254190
v 0.048585 0.871872 -0.263188
v 0.033860 0.849696 -0.287771
v 0.021597 0.843792 -0.321353
v 0.015082 0.855741 -0.354934
v 0.016060 0.882343 -0.379517
v 0.024270 0.916469 -0.388515
v 0.037512 0.948975 -0.379517
v 0.052237 0.971152 -0.354934
v 0.105424 0.965770 -0.333651
v 0.110487 0.954990 -0.299430
v 0.110005 0.928815 -0.274378
v 0.104109 0.894259 -0.265208
v 0.094379 0.860581 -0.274378
v 0.083420 0.836806 -0.299430
v 0.074171 0.829303 -0.333651
v 0.069108 0.840084 -0.367872
v 0.069589 0.866259 -0.392924
v 0.075485 0.900814 -0.402094
v 0.085216 0.934492 -0.392924
v 0.096175 0.958267 -0.367872
v 0.149023 0.957995 -0.342658
v 0.152606 0.948086 -0.307990
v 0.152861 0.922225 -0.282611
v 0.149719 0.887342 -0.273321
v 0.144023 0.852785 -0.282611
v 0.137298 0.827812 -0.307990
v 0.131347 0.819116 -0.342658
v 0.127763 0.829026 -0.377327
v 0.127509 0.854887 -0.402706
v 0.130650 0.889769 -0.411995
v 0.136347 0.924326 -0.402706
v 0.143072 0.949299 -0.377327
v 0.195048 0.954653 -0.348153
v 0.197221 0.945235 -0.313231
v 0.198484 0.919588 -0.287667
v 0.198499 0.884582 -0.278310
v 0.197261 0.849598 -0.287667
v 0.195102 0.824010 -0.313231
v 0.192600 0.814674 -0.348153
v 0.190427 0.824092 -0.383075
v 0.189164 0.849740 -0.408640
v 0.189150 0.884746 -0.417997
v 0.190388 0.919729 -0.408640
v 0.192547 0.945317 -0.383075
v 0.242960 0.956632 -0.350000
v 0.243903 0.947302 -0.315000
v 0.246480 0.921810 -0.289378
v 0.250000 0.886987 -0.280000
v 0.253520 0.852165 -0.289378
v 0.256097 0.826673 -0.315000
v 0.257040 0.817342 -0.350000
v 0.256097 0.826673 -0.385000
v 0.253520 0.852165 -0.410622
v 0.250000 0.886987 -0.420000
v 0.246480 0.921810 -0.410622
v 0.243903 0.947302 -0.385000
v 0.291942 0.964715 -0.348153
v 0.291945 0.955090 -0.313220
v 0.296165 0.929769 -0.287647
v 0.303472 0.895535 -0.278287
v 0.311908 0.861562 -0.287647
v 0.319212 0.836953 -0.313220
v 0.323428 0.828301 -0.348153
v 0.323426 0.837925 -0.383086
v 0.319206 0.863247 -0.408659
v 0.311899 0.897480 -0.418020
v 0.303463 0.931453 -0.408659
v 0.296158 0.956063 -0.383086
v 0.340939 0.979500 -0.342658
v 0.340386 0.969272 -0.307902
v 0.346583 0.944229 -0.282458
v 0.357871 0.911081 -0.273145
v 0.371225 0.878710 -0.282458
v 0.383067 0.855790 -0.307902
v 0.390223 0.848462 -0.342658
v 0.390777 0.858689 -0.377415
v 0.384579 0.883732 -0.402859
v 0.373291 0.916881 -0.412172
v 0.359937 0.949252 -0.402859
v 0.348096 0.972172 -0.377415
v 0.388711 1.001349 -0.333651
v 0.388056 0.990314 -0.299144
v 0.396544 0.965763 -0.273882
v 0.411902 0.934273 -0.264636
v 0.430013 0.904282 -0.273882
v 0.446025 0.883827 -0.299144
v 0.455648 0.878387 -0.333651
v 0.456303 0.889422 -0.368158
v 0.447815 0.913973 -0.393420
v 0.432457 0.945463 -0.402666
v 0.414346 0.975454 -0.393420
v 0.398334 0.995909 -0.368158
v 0.433903 1.030332 -0.321353
v 0.433635 1.018420 -0.287133
v 0.444676 0.994681 -0.262083
v 0.464067 0.965477 -0.252914
v 0.486611 0.938632 -0.262083
v 0.506269 0.921341 -0.287133
v 0.517773 0.918235 -0.321353
v 0.518040 0.930148 -0.355572
v 0.506999 0.953886 -0.380622
v 0.487609 0.983091 -0.389791
v 0.465064 1.009935 -0.380622
v 0.445406 1.027227 -0.355572
v 0.475120 1.066212 -0.306066
v 0.475726 1.053493 -0.272142
v 0.489499 1.030987 -0.247309
v 0.512749 1.004724 -0.238219
v 0.539247 0.981742 -0.247309
v 0.561892 0.968198 -0.272142
v 0.574617 0.967722 -0.306066
v 0.574011 0.980441 -0.339990
v 0.560238 1.002947 -0.364823
v 0.536988 1.029210 -0.373913
v 0.510490 1.052192 -0.364823
v 0.487845 1.065736 -0.339990
v 0.511014 1.108434 -0.288168
v 0.512931 1.095121 -0.254522
v 0.529505 1.074347 -0.229891
v 0.556296 1.051677 -0.220876
v 0.586125 1.033186 -0.229891
v 0.610999 1.023829 -0.254522
v 0.624254 1.026113 -0.288168
v 0.622337 1.039425 -0.321814
v 0.605763 1.060199 -0.346444
v 0.578972 1.082869 -0.355460
v 0.549143 1.101360 -0.346444
v 0.524268 1.110717 -0.321814
v 0.540355 1.156142 -0.268099
v 0.543936 1.142577 -0.234690
v 0.563247 1.124085 -0.210234
v 0.593112 1.105622 -0.201282
v 0.625530 1.092134 -0.210234
v 0.651813 1.087236 -0.234690
v 0.664921 1.092240 -0.268099
v 0.661339 1.105806 -0.301507
v 0.642029 1.124297 -0.325963
v 0.612164 1.142760 -0.334915
v 0.579746 1.156248 -0.325963
v 0.553462 1.161146 -0.301507
v 0.562107 1.208218 -0.246353
v 0.567587 1.194842 -0.213126
v 0.589419 1.179200 -0.188802
v 0.621753 1.165483 -0.179899
v 0.655926 1.157366 -0.188802
v 0.682781 1.157024 -0.213126
v 0.695123 1.164550 -0.246353
v 0.689643 1.177925 -0.279579
v 0.667811 1.193568 -0.303903
v 0.635477 1.207285 -0.312806
v 0.601304 1.215402 -0.303903
v 0.574448 1.215743 -0.279579
v 0.575485 1.263331 -0.223465
v 0.582951 1.250652 -0.190352
v 0.606936 1.238402 -0.166112
v 0.641013 1.229862 -0.157239
v 0.676053 1.227321 -0.166112
v 0.702665 1.231459 -0.190352
v 0.713720 1.241168 -0.223465
v 0.706255 1.253847 -0.256578
v 0.682270 1.266097 -0.280819
v 0.648192 1.274637 -0.289691
v 0.613152 1.277178 -0.280819
v 0.586540 1.273040 -0.256578
vn -1.000000 -0.000000 0.000000
vn -0.866025 -0.163555 0.472493
vn -0.500000 -0.283286 0.818382
vn -0.000000 -0.327111 0.944986
vn 0.500000 -0.283286 0.818382
vn 0.866025 -0.163555 0.472493
vn 1.000000 -0.000000 0.000000
vn 0.866025 0.163555 -0.472493
vn 0.500000 0.283286 -0.818382
vn 0.000000 0.327111 -0.944986
vn -0.500000 0.283286 -0.818382
vn -0.866025 0.163555 -0.472493
vn -0.987391 -0.158302 0.000000
vn -0.829468 -0.297004 0.473045
vn -0.449290 -0.356124 0.819338
vn 0.051275 -0.319821 0.946090
vn 0.538101 -0.197822 0.819338
vn 0.880743 -0.022816 0.473045
vn 0.987391 0.158302 0.000000
vn 0.829468 0.297004 -0.473045
vn 0.449290 0.356124 -0.819338
vn -0.051275 0.319821 -0.946090
vn -0.538101 0.197822 -0.819338
vn -0.880743 0.022816 -0.473045
vn -0.950109 -0.311917 0.000000
vn -0.773806 -0.419422 0.474667
vn -0.390162 -0.414544 0.822147
vn 0.098026 -0.298589 0.949334
vn 0.559947 -0.102628 0.822147
vn 0.871832 0.120833 0.474667
vn 0.950109 0.311917 0.000000
vn 0.773806 0.419422 -0.474667
vn 0.390162 0.414544 -0.822147
vn -0.098026 0.298589 -0.949334
vn -0.559947 0.102628 -0.822147
vn -0.871832 -0.120833 -0.474667
vn -0.889754 -0.456440 0.000000
vn -0.702507 -0.527926 0.477260
vn -0.327024 -0.457955 0.826639
vn 0.136085 -0.265276 0.954521
vn 0.562730 -0.001516 0.826639
vn 0.838593 0.262650 0.477260
vn 0.889754 0.456440 0.000000
vn 0.702507 0.527926 -0.477260
vn 0.327024 0.457955 -0.826639
vn -0.136085 0.265276 -0.954521
vn -0.562730 0.001516 -0.826639
vn -0.838593 -0.262650 -0.477260
vn -0.808855 -0.588008 0.000000
vn -0.619505 -0.620631 0.480657
vn -0.264159 -0.486956 0.832523
vn 0.161968 -0.222801 0.961315
vn 0.544696 0.101053 0.832523
vn 0.781473 0.397830 0.480657
vn 0.808855 0.588008 0.000000
vn 0.619505 0.620631 -0.480657
vn 0.264159 0.486956 -0.832523
vn -0.161968 0.222801 -0.961315
vn -0.544696 -0.101053 -0.832523
vn -0.781473 -0.397830 -0.480657
vn -0.710690 -0.703505 0.000000
vn -0.528910 -0.696703 0.484622
vn -0.205408 -0.503221 0.839391
vn 0.173132 -0.174900 0.969245
vn 0.505282 0.200284 0.839391
vn 0.702042 0.521803 0.484622
vn 0.710690 0.703505 0.000000
vn 0.528910 0.696703 -0.484622
vn 0.205408 0.503221 -0.839391
vn -0.173132 0.174900 -0.969245
vn -0.505282 -0.200284 -0.839391
vn -0.702042 -0.521803 -0.484622
vn -0.599073 -0.800695 0.000000
vn -0.434735 -0.756328 0.488849
vn -0.153910 -0.509304 0.846712
vn 0.168155 -0.125812 0.977699
vn 0.445163 0.291391 0.846712
vn 0.602890 0.630516 0.488849
vn 0.599073 0.800695 0.000000
vn 0.434735 0.756328 -0.488849
vn 0.153910 0.509304 -0.846712
vn -0.168155 0.125812 -0.977699
vn -0.445163 -0.291391 -0.846712
vn -0.602890 -0.630516 -0.488849
vn -0.478118 -0.878296 0.000000
vn -0.340649 -0.800590 0.492964
vn -0.111903 -0.508368 0.853838
vn 0.146827 -0.079928 0.985928
vn 0.366215 0.369928 0.853838
vn 0.487476 0.720662 0.492964
vn 0.478118 0.878296 0.000000
vn 0.340649 0.800590 -0.492964
vn 0.111903 0.508368 -0.853838
vn -0.146827 0.079928 -0.985928
vn -0.366215 -0.369928 -0.853838
vn -0.487476 -0.720662 -0.492964
vn -0.352028 -0.935989 0.000000
vn -0.249795 -0.831303 0.496526
vn -0.080630 -0.503869 0.860009
vn 0.110140 -0.041424 0.993052
vn 0.271398 0.432121 0.860009
vn 0.359935 0.789879 0.496526
vn 0.352028 0.935989 0.000000
vn 0.249795 0.831303 -0.496526
vn 0.080630 0.503869 -0.860009
vn -0.110140 0.041424 -0.993052
vn -0.271398 -0.432121 -0.860009
vn -0.359935 -0.789879 -0.496526
vn -0.224900 -0.974382 0.000000
vn -0.164673 -0.850786 0.499045
vn -0.060322 -0.499223 0.864371
vn 0.060193 -0.013893 0.998090
vn 0.164578 0.475159 0.864371
vn 0.224866 0.836893 0.499045
vn 0.224900 0.974382 0.000000
vn 0.164673 0.850786 -0.499045
vn 0.060322 0.499223 -0.864371
vn -0.060193 0.013893 -0.998090
vn -0.164578 -0.475159 -0.864371
vn -0.224866 -0.836893 -0.499045
vn -0.100575 -0.994930 0.000000
vn -0.087100 -0.861634 0.500000
vn -0.050287 -0.497465 0.866025
vn 0.000000 -0.000000 1.000000
vn 0.050287 0.497465 0.866025
vn 0.087100 0.861634 0.500000
vn 0.100575 0.994930 0.000000
vn 0.087100 0.861634 -0.500000
vn 0.050287 0.497465 -0.866025
vn -0.000000 0.000000 -1.000000
vn -0.050287 -0.497465 -0.866025
vn -0.087100 -0.861634 -0.500000
vn 0.017483 -0.999847 0.000000
vn -0.018249 -0.866477 0.498883
vn -0.049092 -0.500935 0.864092
vn -0.066781 -0.001168 0.997767
vn -0.066576 0.498912 0.864092
vn -0.048532 0.865309 0.498883
vn -0.017483 0.999847 0.000000
vn 0.018249 0.866477 -0.498883
vn 0.049092 0.500935 -0.864092
vn 0.066781 0.001168 -0.997767
vn 0.066576 -0.498912 -0.864092
vn 0.048532 -0.865309 -0.498883
vn 0.126259 -0.991997 0.000000
vn 0.041240 -0.867763 0.495264
vn -0.054829 -0.511012 0.857823
vn -0.136207 -0.017336 0.990529
vn -0.181088 0.480985 0.857823
vn -0.177447 0.850427 0.495264
vn -0.126259 0.991997 0.000000
vn -0.041240 0.867763 -0.495264
vn 0.054829 0.511012 -0.857823
vn 0.136207 0.017336 -0.990529
vn 0.181088 -0.480985 -0.857823
vn 0.177447 -0.850427 -0.495264
vn 0.223240 -0.974764 0.000000
vn 0.091102 -0.867582 0.488877
vn -0.065446 -0.527933 0.846760
vn -0.204458 -0.046825 0.977755
vn -0.288686 0.446830 0.846760
vn -0.295560 0.820758 0.488877
vn -0.223240 0.974764 0.000000
vn -0.091102 0.867582 -0.488877
vn 0.065446 0.527933 -0.846760
vn 0.204458 0.046825 -0.977755
vn 0.288686 -0.446830 -0.846760
vn 0.295560 -0.820758 -0.488877
vn 0.306448 -0.951887 0.000000
vn 0.131264 -0.867539 0.479735
vn -0.079092 -0.550735 0.830925
vn -0.268255 -0.086361 0.959469
vn -0.385540 0.401153 0.830925
vn -0.399519 0.781178 0.479735
vn -0.306448 0.951887 0.000000
vn -0.131264 0.867539 -0.479735
vn 0.079092 0.550735 -0.830925
vn 0.268255 0.086361 -0.959469
vn 0.385540 -0.401153 -0.830925
vn 0.399519 -0.781178 -0.479735
vn 0.374484 -0.927233 0.000000
vn 0.161722 -0.868673 0.468244
vn -0.094373 -0.577353 0.811022
vn -0.325180 -0.131331 0.936488
vn -0.468856 0.349880 0.811022
vn -0.486903 0.737342 0.468244
vn -0.374484 0.927233 0.000000
vn -0.161722 0.868673 -0.468244
vn 0.094373 0.577353 -0.811022
vn 0.325180 0.131331 -0.936488
vn 0.468856 -0.349880 -0.811022
vn 0.486903 -0.737342 -0.468244
vn 0.426616 -0.904433 0.000000
vn 0.182570 -0.871417 0.455303
vn -0.110396 -0.604906 0.788608
vn -0.373781 -0.176310 0.910606
vn -0.537011 0.299527 0.788608
vn -0.556350 0.695107 0.455303
vn -0.426616 0.904433 0.000000
vn -0.182570 0.871417 -0.455303
vn 0.110396 0.604906 -0.788608
vn 0.373781 0.176310 -0.910606
vn 0.537011 -0.299527 -0.788608
vn 0.556350 -0.695107 -0.455303
vn 0.462985 -0.886366 0.000000
vn 0.194299 -0.875562 0.442312
vn -0.126450 -0.630151 0.766107
vn -0.413316 -0.215892 0.884624
vn -0.589435 0.256215 0.766107
vn -0.607615 0.659670 0.442312
vn -0.462985 0.886366 0.000000
vn -0.194299 0.875562 -0.442312
vn 0.126450 0.630151 -0.766107
vn 0.413316 0.215892 -0.884624
vn 0.589435 -0.256215 -0.766107
vn 0.607615 -0.659670 -0.442312
vn 0.484972 -0.874530 0.000000
vn 0.198415 -0.880244 0.431047
vn -0.141307 -0.650098 0.746596
vn -0.443166 -0.245758 0.862095
vn -0.626278 0.224432 0.746596
vn -0.641580 0.634486 0.431047
vn -0.484972 0.874530 0.000000
vn -0.198415 0.880244 -0.431047
vn 0.141307 0.650098 -0.746596
vn 0.443166 0.245758 -0.862095
vn 0.626278 -0.224432 -0.746596
vn 0.641580 -0.634486 -0.431047
vn 0.495651 -0.868522 0.000000
vn 0.198171 -0.884033 0.423337
vn -0.152409 -0.662668 0.733241
vn -0.462151 -0.263742 0.846674
vn -0.648060 0.205854 0.733241
vn -0.660322 0.620291 0.423337
vn -0.495651 0.868522 0.000000
vn -0.198171 0.884033 -0.423337
vn 0.152409 0.662668 -0.733241
vn 0.462151 0.263742 -0.846674
vn 0.648060 -0.205854 -0.733241
vn 0.660322 -0.620291 -0.423337
vn 0.500000 -0.866025 0.000000
vn 0.198858 -0.885189 0.420589
vn -0.155568 -0.667168 0.728482
vn -0.468310 -0.270379 0.841178
vn -0.655568 0.198858 0.728482
vn -0.667168 0.614811 0.420589
vn -0.500000 0.866025 0.000000
vn -0.198858 0.885189 -0.420589
vn 0.155568 0.667168 -0.728482
vn 0.468310 0.270379 -0.841178
vn 0.655568 -0.198858 -0.728482
vn 0.667168 -0.614811 -0.420589
vn 0.504336 -0.863507 0.000000
vn 0.207027 -0.882001 0.423337
vn -0.145755 -0.664163 0.733241
vn -0.459482 -0.268363 0.846674
vn -0.650092 0.199344 0.733241
vn -0.666509 0.613638 0.423337
vn -0.504336 0.863507 0.000000
vn -0.207027 0.882001 -0.423337
vn 0.145755 0.664163 -0.733241
vn 0.459482 0.268363 -0.846674
vn 0.650092 -0.199344 -0.733241
vn 0.666509 -0.613638 -0.423337
vn 0.514879 -0.857263 0.000000
vn 0.228691 -0.872868 0.431047
vn -0.118775 -0.654589 0.746596
vn -0.434415 -0.260914 0.862095
vn -0.633654 0.202673 0.746596
vn -0.663106 0.611954 0.431047
vn -0.514879 0.857263 0.000000
vn -0.228691 0.872868 -0.431047
vn 0.118775 0.654589 -0.746596
vn 0.434415 0.260914 -0.862095
vn 0.633654 -0.202673 -0.746596
vn 0.663106 -0.611954 -0.431047
vn 0.536123 -0.844140 0.000000
vn 0.267483 -0.856045 0.442312
vn -0.072829 -0.638573 0.766107
vn -0.393626 -0.249997 0.884624
vn -0.608952 0.205567 0.766107
vn -0.661109 0.606048 0.442312
vn -0.536123 0.844140 0.000000
vn -0.267483 0.856045 -0.442312
vn 0.072829 0.638573 -0.766107
vn 0.393626 0.249997 -0.884624
vn 0.608952 -0.205567 -0.766107
vn 0.661109 -0.606048 -0.442312
vn 0.569954 -0.821677 0.000000
vn 0.323805 -0.829367 0.455303
vn -0.009107 -0.614829 0.788608
vn -0.339579 -0.235549 0.910606
vn -0.579061 0.206847 0.788608
vn -0.663384 0.593819 0.455303
vn -0.569954 0.821677 0.000000
vn -0.323805 0.829367 -0.455303
vn 0.009107 0.614829 -0.788608
vn 0.339579 0.235549 -0.910606
vn 0.579061 -0.206847 -0.788608
vn 0.663384 -0.593819 -0.455303
vn 0.615766 -0.787929 0.000000
vn 0.395106 -0.790341 0.468244
vn 0.068577 -0.580982 0.811022
vn -0.276327 -0.215949 0.936488
vn -0.547189 0.206947 0.811022
vn -0.671432 0.574392 0.468244
vn -0.615766 0.787929 0.000000
vn -0.395106 0.790341 -0.468244
vn -0.068577 0.580982 -0.811022
vn 0.276327 0.215949 -0.936488
vn 0.547189 -0.206947 -0.811022
vn 0.671432 -0.574392 -0.468244
vn 0.671135 -0.741336 0.000000
vn 0.476760 -0.736583 0.479735
vn 0.154638 -0.534463 0.830925
vn -0.208919 -0.189135 0.959469
vn -0.516496 0.206872 0.830925
vn -0.685679 0.547448 0.479735
vn -0.671135 0.741336 0.000000
vn -0.476760 0.736583 -0.479735
vn -0.154638 0.534463 -0.830925
vn 0.208919 0.189135 -0.959469
vn 0.516496 -0.206872 -0.830925
vn 0.685679 -0.547448 -0.479735
vn 0.732550 -0.680713 0.000000
vn 0.563017 -0.666342 0.488877
vn 0.242623 -0.473424 0.846760
vn -0.142781 -0.153653 0.977755
vn -0.489927 0.207289 0.846760
vn -0.705797 0.512688 0.488877
vn -0.732550 0.680713 0.000000
vn -0.563017 0.666342 -0.488877
vn -0.242623 0.473424 -0.846760
vn 0.142781 0.153653 -0.977755
vn 0.489927 -0.207289 -0.846760
vn 0.705797 -0.512688 -0.488877
vn 0.795965 -0.605342 0.000000
vn 0.647768 -0.578887 0.495264
vn 0.326001 -0.397319 0.857823
vn -0.083117 -0.109290 0.990529
vn -0.469964 0.208023 0.857823
vn -0.730885 0.469597 0.495264
vn -0.795965 0.605342 0.000000
vn -0.647768 0.578887 -0.495264
vn -0.326001 0.397319 -0.857823
vn 0.083117 0.109290 -0.990529
vn 0.469964 -0.208023 -0.857823
vn 0.730885 -0.469597 -0.495264
vn 0.857151 -0.515065 0.000000
vn 0.725114 -0.474684 0.498883
vn 0.398783 -0.307112 0.864092
vn -0.034402 -0.057250 0.997767
vn -0.458368 0.207952 0.864092
vn -0.759516 0.417434 0.498883
vn -0.857151 0.515065 0.000000
vn -0.725114 0.474684 -0.498883
vn -0.398783 0.307112 -0.864092
vn 0.034402 0.057250 -0.997767
vn 0.458368 -0.207952 -0.864092
vn 0.759516 -0.417434 -0.498883
vn 0.911922 -0.410365 0.000000
vn 0.789747 -0.355386 0.500000
vn 0.455961 -0.205182 0.866025
vn -0.000000 -0.000000 1.000000
vn -0.455961 0.205182 0.866025
vn -0.789747 0.355386 0.500000
vn -0.911922 0.410365 0.000000
vn -0.789747 0.355386 -0.500000
vn -0.455961 0.205182 -0.866025
vn 0.000000 0.000000 -1.000000
vn 0.455961 -0.205182 -0.866025
vn 0.789747 -0.355386 -0.500000
vn 0.956290 -0.292421 0.000000
vn 0.837203 -0.223707 0.499045
vn 0.493789 -0.095050 0.864371
vn 0.018064 0.059075 0.998090
vn -0.462501 0.197371 0.864371
vn -0.819139 0.282782 0.499045
vn -0.956290 0.292421 0.000000
vn -0.837203 0.223707 -0.499045
vn -0.493789 0.095050 -0.864371
vn -0.018064 -0.059075 -0.998090
vn 0.462501 -0.197371 -0.864371
vn 0.819139 -0.282782 -0.499045
vn 0.986605 -0.163129 0.000000
vn 0.864023 -0.083226 0.496526
vn 0.509926 0.018977 0.860009
vn 0.019196 0.116096 0.993052
vn -0.476678 0.182107 0.860009
vn -0.844827 0.199322 0.496526
vn -0.986605 0.163129 0.000000
vn -0.864023 0.083226 -0.496526
vn -0.509926 -0.018977 -0.860009
vn -0.019196 -0.116096 -0.993052
vn 0.476678 -0.182107 -0.860009
vn 0.844827 -0.199322 -0.496526
vn 0.999685 -0.025085 0.000000
vn 0.867850 0.061835 0.492964
vn 0.503474 0.132187 0.853838
vn 0.004194 0.167120 0.985928
vn -0.496211 0.157273 0.853838
vn -0.863656 0.105285 0.492964
vn -0.999685 0.025085 0.000000
vn -0.867850 -0.061835 -0.492964
vn -0.503474 -0.132187 -0.853838
vn -0.004194 -0.167120 -0.985928
vn 0.496211 -0.157273 -0.853838
vn 0.863656 -0.105285 -0.492964
vn 0.992958 0.118465 0.000000
vn 0.847488 0.206860 0.488849
vn 0.474933 0.239827 0.846712
vn -0.024879 0.208533 0.977699
vn -0.518025 0.121362 0.846712
vn -0.872367 0.001673 0.488849
vn -0.992958 -0.118465 0.000000
vn -0.847488 -0.206860 -0.488849
vn -0.474933 -0.239827 -0.846712
vn 0.024879 -0.208533 -0.977699
vn 0.518025 -0.121362 -0.846712
vn 0.872367 -0.001673 -0.488849
vn 0.964598 0.263723 0.000000
vn 0.802916 0.347084 0.484622
vn 0.426092 0.337445 0.839391
vn -0.064902 0.237387 0.969245
vn -0.538506 0.073721 0.839391
vn -0.867818 -0.109698 0.484622
vn -0.964598 -0.263723 0.000000
vn -0.802916 -0.347084 -0.484622
vn -0.426092 -0.337445 -0.839391
vn 0.064902 -0.237387 -0.969245
vn 0.538506 -0.073721 -0.839391
vn 0.867818 0.109698 -0.484622
vn 0.913658 0.406485 0.000000
vn 0.735267 0.477861 0.480657
vn 0.359862 0.421194 0.832523
vn -0.111967 0.251669 0.961315
vn -0.553795 0.014710 0.832523
vn -0.847234 -0.226191 0.480657
vn -0.913658 -0.406485 0.000000
vn -0.735267 -0.477861 -0.480657
vn -0.359862 -0.421194 -0.832523
vn 0.111967 -0.251669 -0.961315
vn 0.553795 -0.014710 -0.832523
vn 0.847234 0.226191 -0.480657
vn 0.840165 0.542330 0.000000
vn 0.646758 0.594917 0.477260
vn 0.280052 0.488097 0.826639
vn -0.161693 0.250491 0.954521
vn -0.560113 -0.054233 0.826639
vn -0.808451 -0.344426 0.477260
vn -0.840165 -0.542330 0.000000
vn -0.646758 -0.594917 -0.477260
vn -0.280052 -0.488097 -0.826639
vn 0.161693 -0.250491 -0.954521
vn 0.560113 0.054233 -0.826639
vn 0.808451 0.344426 -0.477260
vn 0.745183 0.666861 0.000000
vn 0.540560 0.694612 0.474667
vn 0.191096 0.536242 0.822147
vn -0.209573 0.234187 0.949334
vn -0.554087 -0.130618 0.822147
vn -0.750134 -0.460425 0.474667
vn -0.745183 -0.666861 0.000000
vn -0.540560 -0.694612 -0.474667
vn -0.191096 -0.536242 -0.822147
vn 0.209573 -0.234187 -0.949334
vn 0.554087 0.130618 -0.822147
vn 0.750134 0.460425 -0.474667
vn 0.630789 0.775954 0.000000
vn 0.420612 0.774154 0.473045
vn 0.097732 0.564920 0.819338
vn -0.251335 0.204316 0.946090
vn -0.533057 -0.211034 0.819338
vn -0.671947 -0.569838 0.473045
vn -0.630789 -0.775954 0.000000
vn -0.420612 -0.774154 -0.473045
vn -0.097732 -0.564920 -0.819338
vn 0.251335 -0.204316 -0.946090
vn 0.533057 0.211034 -0.819338
vn 0.671947 0.569838 -0.473045
vn 0.500000 0.866025 0.000000
vn 0.291370 0.831778 0.472493
vn 0.004667 0.574656 0.818382
vn -0.283286 0.163555 0.944986
vn -0.495333 -0.291370 0.818382
vn -0.574656 -0.668222 0.472493
vn -0.500000 -0.866025 0.000000
vn -0.291370 -0.831778 -0.472493
vn -0.004667 -0.574656 -0.818382
vn 0.283286 -0.163555 -0.944986
vn 0.495333 0.291370 -0.818382
vn 0.574656 0.668222 -0.472493
vn 0.356601 0.934257 0.000000
vn 0.157521 0.866842 0.473045
vn -0.083768 0.567159 0.819338
vn -0.302610 0.115505 0.946090
vn -0.440369 -0.367098 0.819338
vn -0.460131 -0.751337 0.473045
vn -0.356601 -0.934257 0.000000
vn -0.157521 -0.866842 -0.473045
vn 0.083768 -0.567159 -0.819338
vn 0.302610 -0.115505 -0.946090
vn 0.440369 0.367098 -0.819338
vn 0.460131 0.751337 -0.473045
vn 0.204927 0.978777 0.000000
vn 0.023673 0.879847 0.474667
vn -0.163925 0.545162 0.822147
vn -0.307599 0.064402 0.949334
vn -0.368852 -0.433615 0.822147
vn -0.331271 -0.815445 0.474667
vn -0.204927 -0.978777 0.000000
vn -0.023673 -0.879847 -0.474667
vn 0.163925 -0.545162 -0.822147
vn 0.307599 -0.064402 -0.949334
vn 0.368852 0.433615 -0.822147
vn 0.331271 0.815445 -0.474667
vn 0.049589 0.998770 0.000000
vn -0.105944 0.872352 0.477260
vn -0.233089 0.512189 0.826639
vn -0.297778 0.014785 0.954521
vn -0.282678 -0.486581 0.826639
vn -0.191834 -0.857568 0.477260
vn -0.049589 -0.998770 0.000000
vn 0.105944 -0.872352 -0.477260
vn 0.233089 -0.512189 -0.826639
vn 0.297778 -0.014785 -0.954521
vn 0.282678 0.486581 -0.826639
vn 0.191834 0.857568 -0.477260
vn -0.104803 0.994493 0.000000
vn -0.227730 0.846822 0.480657
vn -0.289636 0.472246 0.832523
vn -0.273936 -0.028868 0.961315
vn -0.184834 -0.522247 0.832523
vn -0.046206 -0.875690 0.480657
vn 0.104803 -0.994493 0.000000
vn 0.227730 -0.846822 -0.480657
vn 0.289636 -0.472246 -0.832523
vn 0.273936 0.028868 -0.961315
vn 0.184834 0.522247 -0.832523
vn 0.046206 0.875690 -0.480657
vn -0.253908 0.967228 0.000000
vn -0.338908 0.806401 0.484622
vn -0.333098 0.429499 0.839391
vn -0.238034 -0.062487 0.969245
vn -0.079189 -0.537729 0.839391
vn 0.100874 -0.868888 0.484622
vn 0.253908 -0.967228 0.000000
vn 0.338908 -0.806401 -0.484622
vn 0.333098 -0.429499 -0.839391
vn 0.238034 0.062487 -0.969245
vn 0.079189 0.537729 -0.839391
vn -0.100874 0.868888 -0.484622
vn -0.393886 0.919159 0.000000
vn -0.437632 0.754655 0.488849
vn -0.364115 0.387942 0.846712
vn -0.193034 -0.082721 0.977699
vn 0.029770 -0.531218 0.846712
vn 0.244598 -0.837376 0.488849
vn 0.393886 -0.919159 0.000000
vn 0.437632 -0.754655 -0.488849
vn 0.364115 -0.387942 -0.846712
vn 0.193034 0.082721 -0.977699
vn -0.029770 0.531218 -0.846712
vn -0.244598 0.837376 -0.488849
vn -0.521567 0.853210 0.000000
vn -0.523007 0.695306 0.492964
vn -0.384308 0.351095 0.853838
vn -0.142633 -0.087192 0.985928
vn 0.137260 -0.502115 0.853838
vn 0.380374 -0.782498 0.492964
vn 0.521567 -0.853210 0.000000
vn 0.523007 -0.695306 -0.492964
vn 0.384308 -0.351095 -0.853838
vn 0.142633 0.087192 -0.985928
vn -0.137260 0.502115 -0.853838
vn -0.380374 0.782498 -0.492964
vn -0.634577 0.772860 0.000000
vn -0.595032 0.631980 0.496526
vn -0.396048 0.321762 0.860009
vn -0.090944 -0.074672 0.993052
vn 0.238528 -0.451098 0.860009
vn 0.504087 -0.706652 0.496526
vn 0.634577 -0.772860 0.000000
vn 0.595032 -0.631980 -0.496526
vn 0.396048 -0.321762 -0.860009
vn 0.090944 0.074672 -0.993052
vn -0.238528 0.451098 -0.860009
vn -0.504087 0.706652 -0.496526
vn -0.731389 0.681960 0.000000
vn -0.654466 0.568004 0.499045
vn -0.402179 0.301852 0.864371
vn -0.042128 -0.045182 0.998090
vn 0.329211 -0.380109 0.864371
vn 0.612337 -0.613186 0.499045
vn 0.731389 -0.681960 0.000000
vn 0.654466 -0.568004 -0.499045
vn 0.402179 -0.301852 -0.864371
vn 0.042128 0.045182 -0.998090
vn -0.329211 0.380109 -0.864371
vn -0.612337 0.613186 -0.499045
vn -0.811347 0.584565 0.000000
vn -0.702647 0.506248 0.500000
vn -0.405673 0.292282 0.866025
vn -0.000000 -0.000000 1.000000
vn 0.405673 -0.292282 0.866025
vn 0.702647 -0.506248 0.500000
vn 0.811347 -0.584565 0.000000
vn 0.702647 -0.506248 -0.500000
vn 0.405673 -0.292282 -0.866025
vn 0.000000 -0.000000 -1.000000
vn -0.405673 0.292282 -0.866025
vn -0.702647 0.506248 -0.500000
vn -0.874635 0.484782 0.000000
vn -0.741266 0.449043 0.498883
vn -0.409276 0.292983 0.864092
vn 0.032379 0.058418 0.997767
vn 0.465359 -0.191800 0.864092
vn 0.773646 -0.390625 0.498883
vn 0.874635 -0.484782 0.000000
vn 0.741266 -0.449043 -0.498883
vn 0.409276 -0.292983 -0.864092
vn -0.032379 -0.058418 -0.997767
vn -0.465359 0.191800 -0.864092
vn -0.773646 0.390625 -0.498883
vn -0.922224 0.386655 0.000000
vn -0.772125 0.398166 0.495264
vn -0.415135 0.302989 0.857823
vn 0.053090 0.126627 0.990529
vn 0.507089 -0.083666 0.857823
vn 0.825215 -0.271540 0.495264
vn 0.922224 -0.386655 0.000000
vn 0.772125 -0.398166 -0.495264
vn 0.415135 -0.302989 -0.857823
vn -0.053090 -0.126627 -0.990529
vn -0.507089 0.083666 -0.857823
vn -0.825215 0.271540 -0.495264
vn -0.955790 0.294050 0.000000
vn -0.796900 0.354894 0.488877
vn -0.424481 0.320645 0.846760
vn 0.061677 0.200478 0.977755
vn 0.531309 0.026594 0.846760
vn 0.858577 -0.154416 0.488877
vn 0.955790 -0.294050 0.000000
vn 0.796900 -0.354894 -0.488877
vn 0.424481 -0.320645 -0.846760
vn -0.061677 -0.200478 -0.977755
vn -0.531309 -0.026594 -0.846760
vn -0.858577 0.154416 -0.488877
vn -0.977583 0.210552 0.000000
vn -0.816943 0.320091 0.479735
vn -0.437405 0.343863 0.830925
vn 0.059336 0.275496 0.959469
vn 0.540178 0.133311 0.830925
vn 0.876280 -0.044595 0.479735
vn 0.977583 -0.210552 0.000000
vn 0.816943 -0.320091 -0.479735
vn 0.437405 -0.343863 -0.830925
vn -0.059336 -0.275496 -0.959469
vn -0.540178 -0.133311 -0.830925
vn -0.876280 0.044595 -0.479735
vn -0.990250 0.139304 0.000000
vn -0.833154 0.294281 0.468244
vn -0.452816 0.370406 0.811022
vn 0.048854 0.347280 0.936488
vn 0.537434 0.231101 0.811022
vn 0.882008 0.052999 0.468244
vn 0.990250 -0.139304 0.000000
vn 0.833154 -0.294281 -0.468244
vn 0.452816 -0.370406 -0.811022
vn -0.048854 -0.347280 -0.936488
vn -0.537434 -0.231101 -0.811022
vn -0.882008 -0.052999 -0.468244
vn -0.996570 0.082756 0.000000
vn -0.845954 0.277599 0.455303
vn -0.468666 0.398058 0.788608
vn 0.034201 0.411859 0.910606
vn 0.527904 0.315302 0.788608
vn 0.880155 0.134260 0.455303
vn 0.996570 -0.082756 0.000000
vn 0.845954 -0.277599 -0.455303
vn 0.468666 -0.398058 -0.788608
vn -0.034201 -0.411859 -0.910606
vn -0.527904 -0.315302 -0.788608
vn -0.880155 -0.134260 -0.455303
vn -0.999108 0.042226 0.000000
vn -0.855408 0.269513 0.442312
vn -0.482502 0.424584 0.766107
vn 0.019690 0.465888 0.884624
vn 0.516606 0.382358 0.766107
vn 0.875098 0.196375 0.442312
vn 0.999108 -0.042226 0.000000
vn 0.855408 -0.269513 -0.442312
vn 0.482502 -0.424584 -0.766107
vn -0.019690 -0.465888 -0.884624
vn -0.516606 -0.382358 -0.766107
vn -0.875098 -0.196375 -0.442312
vn -0.999851 0.017267 0.000000
vn -0.861521 0.268290 0.431047
vn -0.492348 0.447424 0.746596
vn 0.008750 0.506672 0.862095
vn 0.507503 0.430157 0.746596
vn 0.870271 0.238382 0.431047
vn 0.999851 -0.017267 0.000000
vn 0.861521 -0.268290 -0.431047
vn 0.492348 -0.447424 -0.746596
vn -0.008750 -0.506672 -0.862095
vn -0.507503 -0.430157 -0.746596
vn -0.870271 -0.238382 -0.431047
vn -0.999987 0.005014 0.000000
vn -0.864680 0.270395 0.423337
vn -0.497683 0.463324 0.733241
vn 0.002668 0.532105 0.846674
vn 0.502304 0.458309 0.733241
vn 0.867349 0.261710 0.423337
vn 0.999987 -0.005014 0.000000
vn 0.864680 -0.270395 -0.423337
vn 0.497683 -0.463324 -0.733241
vn -0.002668 -0.532105 -0.846674
vn -0.502304 -0.458309 -0.733241
vn -0.867349 -0.261710 -0.423337
vn -1.000000 -0.000000 0.000000
vn -0.866025 0.270379 0.420589
vn -0.500000 0.468310 0.728482
vn -0.000000 0.540758 0.841178
vn 0.500000 0.468310 0.728482
vn 0.866025 0.270379 0.420589
vn 1.000000 0.000000 0.000000
vn 0.866025 -0.270379 -0.420589
vn 0.500000 -0.468310 -0.728482
vn 0.000000 -0.540758 -0.841178
vn -0.500000 -0.468310 -0.728482
vn -0.866025 -0.270379 -0.420589
vn -0.999987 -0.005014 0.000000
vn -0.867349 0.261710 0.423337
vn -0.502304 0.458309 0.733241
vn -0.002668 0.532105 0.846674
vn 0.497683 0.463324 0.733241
vn 0.864680 0.270395 0.423337
vn 0.999987 0.005014 0.000000
vn 0.867349 -0.261710 -0.423337
vn 0.502304 -0.458309 -0.733241
vn 0.002668 -0.532105 -0.846674
vn -0.497683 -0.463324 -0.733241
vn -0.864680 -0.270395 -0.423337
vn -0.999851 -0.017267 0.000000
vn -0.870271 0.238382 0.431047
vn -0.507503 0.430157 0.746596
vn -0.008750 0.506672 0.862095
vn 0.492348 0.447424 0.746596
vn 0.861521 0.268290 0.431047
vn 0.999851 0.017267 0.000000
vn 0.870271 -0.238382 -0.431047
vn 0.507503 -0.430157 -0.746596
vn 0.008750 -0.506672 -0.862095
vn -0.492348 -0.447424 -0.746596
vn -0.861521 -0.268290 -0.431047
vn -0.999108 -0.042226 0.000000
vn -0.875098 0.196375 0.442312
vn -0.516606 0.382358 0.766107
vn -0.019690 0.465888 0.884624
vn 0.482502 0.424584 0.766107
vn 0.855408 0.269513 0.442312
vn 0.999108 0.042226 0.000000
vn 0.875098 -0.196375 -0.442312
vn 0.516606 -0.382358 -0.766107
vn 0.019690 -0.465888 -0.884624
vn -0.482502 -0.424584 -0.766107
vn -0.855408 -0.269513 -0.442312
vn -0.996570 -0.082756 0.000000
vn -0.880155 0.134260 0.455303
vn -0.527904 0.315302 0.788608
vn -0.034201 0.411859 0.910606
vn 0.468666 0.398058 0.788608
vn 0.845954 0.277599 0.455303
vn 0.996570 0.082756 0.000000
vn 0.880155 -0.134260 -0.455303
vn 0.527904 -0.315302 -0.788608
vn 0.034201 -0.411859 -0.910606
vn -0.468666 -0.398058 -0.788608
vn -0.845954 -0.277599 -0.455303
vn -0.990250 -0.139304 0.000000
vn -0.882008 0.052999 0.468244
vn -0.537434 0.231101 0.811022
vn -0.048854 0.347280 0.936488
vn 0.452816 0.370406 0.811022
vn 0.833154 0.294281 0.468244
vn 0.990250 0.139304 0.000000
vn 0.882008 -0.052999 -0.468244
vn 0.537434 -0.231101 -0.811022
vn 0.048854 -0.347280 -0.936488
vn -0.452816 -0.370406 -0.811022
vn -0.833154 -0.294281 -0.468244
vn -0.977583 -0.210552 0.000000
vn -0.876280 -0.044595 0.479735
vn -0.540178 0.133311 0.830925
vn -0.059336 0.275496 0.959469
vn 0.437405 0.343863 0.830925
vn 0.816943 0.320091 0.479735
vn 0.977583 0.210552 0.000000
vn 0.876280 0.044595 -0.479735
vn 0.540178 -0.133311 -0.830925
vn 0.059336 -0.275496 -0.959469
vn -0.437405 -0.343863 -0.830925
vn -0.816943 -0.320091 -0.479735
vn -0.955790 -0.294050 0.000000
vn -0.858577 -0.154416 0.488877
vn -0.531309 0.026594 0.846760
vn -0.061677 0.200478 0.977755
vn 0.424481 0.320645 0.846760
vn 0.796900 0.354894 0.488877
vn 0.955790 0.294050 0.000000
vn 0.858577 0.154416 -0.488877
vn 0.531309 -0.026594 -0.846760
vn 0.061677 -0.200478 -0.977755
vn -0.424481 -0.320645 -0.846760
vn -0.796900 -0.354894 -0.488877
vn -0.922224 -0.386655 0.000000
vn -0.825215 -0.271540 0.495264
vn -0.507089 -0.083666 0.857823
vn -0.053090 0.126627 0.990529
vn 0.415135 0.302989 0.857823
vn 0.772125 0.398166 0.495264
vn 0.922224 0.386655 0.000000
vn 0.825215 0.271540 -0.495264
vn 0.507089 0.083666 -0.857823
vn 0.053090 -0.126627 -0.990529
vn -0.415135 -0.302989 -0.857823
vn -0.772125 -0.398166 -0.495264
vn -0.874635 -0.484782 0.000000
vn -0.773646 -0.390625 0.498883
vn -0.465359 -0.191800 0.864092
vn -0.032379 0.058418 0.997767
vn 0.409276 0.292983 0.864092
vn 0.741266 0.449043 0.498883
vn 0.874635 0.484782 0.000000
vn 0.773646 0.390625 -0.498883
vn 0.465359 0.191800 -0.864092
vn 0.032379 -0.058418 -0.997767
vn -0.409276 -0.292983 -0.864092
vn -0.741266 -0.449043 -0.498883
vn -0.811347 -0.584565 0.000000
vn -0.702647 -0.506248 0.500000
vn -0.405673 -0.292282 0.866025
vn -0.000000 0.000000 1.000000
vn 0.405673 0.292282 0.866025
vn 0.702647 0.506248 0.500000
vn 0.811347 0.584565 0.000000
vn 0.702647 0.506248 -0.500000
vn 0.405673 0.292282 -0.866025
vn 0.000000 -0.000000 -1.000000
vn -0.405673 -0.292282 -0.866025
vn -0.702647 -0.506248 -0.500000
vn -0.731389 -0.681960 0.000000
vn -0.612337 -0.613186 0.499045
vn -0.329211 -0.380109 0.864371
vn 0.042128 -0.045182 0.998090
vn 0.402179 0.301852 0.864371
vn 0.654466 0.568004 0.499045
vn 0.731389 0.681960 0.000000
vn 0.612337 0.613186 -0.499045
vn 0.329211 0.380109 -0.864371
vn -0.042128 0.045182 -0.998090
vn -0.402179 -0.301852 -0.864371
vn -0.654466 -0.568004 -0.499045
vn -0.634577 -0.772860 0.000000
vn -0.504087 -0.706652 0.496526
vn -0.238528 -0.451098 0.860009
vn 0.090944 -0.074672 0.993052
vn 0.396048 0.321762 0.860009
vn 0.595032 0.631980 0.496526
vn 0.634577 0.772860 0.000000
vn 0.504087 0.706652 -0.496526
vn 0.238528 0.451098 -0.860009
vn -0.090944 0.074672 -0.993052
vn -0.396048 -0.321762 -0.860009
vn -0.595032 -0.631980 -0.496526
vn -0.521567 -0.853210 0.000000
vn -0.380374 -0.782498 0.492964
vn -0.137260 -0.502115 0.853838
vn 0.142633 -0.087192 0.985928
vn 0.384308 0.351095 0.853838
vn 0.523007 0.695306 0.492964
vn 0.521567 0.853210 0.000000
vn 0.380374 0.782498 -0.492964
vn 0.137260 0.502115 -0.853838
vn -0.142633 0.087192 -0.985928
vn -0.384308 -0.351095 -0.853838
vn -0.523007 -0.695306 -0.492964
vn -0.393886 -0.919159 0.000000
vn -0.244598 -0.837376 0.488849
vn -0.029770 -0.531218 0.846712
vn 0.193034 -0.082721 0.977699
vn 0.364115 0.387942 0.846712
vn 0.437632 0.754655 0.488849
vn 0.393886 0.919159 0.000000
vn 0.244598 0.837376 -0.488849
vn 0.029770 0.531218 -0.846712
vn -0.193034 0.082721 -0.977699
vn -0.364115 -0.387942 -0.846712
vn -0.437632 -0.754655 -0.488849
vn -0.253908 -0.967228 0.000000
vn -0.100874 -0.868888 0.484622
vn 0.079189 -0.537729 0.839391
vn 0.238034 -0.062487 0.969245
vn 0.333098 0.429499 0.839391
vn 0.338908 0.806401 0.484622
vn 0.253908 0.967228 0.000000
vn 0.100874 0.868888 -0.484622
vn -0.079189 0.537729 -0.839391
vn -0.238034 0.062487 -0.969245
vn -0.333098 -0.429499 -0.839391
vn -0.338908 -0.806401 -0.484622
vn -0.104803 -0.994493 0.000000
vn 0.046206 -0.875690 0.480657
vn 0.184834 -0.522247 0.832523
vn 0.273936 -0.028868 0.961315
vn 0.289636 0.472246 0.832523
vn 0.227730 0.846822 0.480657
vn 0.104803 0.994493 0.000000
vn -0.046206 0.875690 -0.480657
vn -0.184834 0.522247 -0.832523
vn -0.273936 0.028868 -0.961315
vn -0.289636 -0.472246 -0.832523
vn -0.227730 -0.846822 -0.480657
vn 0.049589 -0.998770 0.000000
vn 0.191834 -0.857568 0.477260
vn 0.282678 -0.486581 0.826639
vn 0.297778 0.014785 0.954521
vn 0.233089 0.512189 0.826639
vn 0.105944 0.872352 0.477260
vn -0.049589 0.998770 0.000000
vn -0.191834 0.857568 -0.477260
vn -0.282678 0.486581 -0.826639
vn -0.297778 -0.014785 -0.954521
vn -0.233089 -0.512189 -0.826639
vn -0.105944 -0.872352 -0.477260
vn 0.204927 -0.978777 0.000000
vn 0.331271 -0.815445 0.474667
vn 0.368852 -0.433615 0.822147
vn 0.307599 0.064402 0.949334
vn 0.163925 0.545162 0.822147
vn -0.023673 0.879847 0.474667
vn -0.204927 0.978777 0.000000
vn -0.331271 0.815445 -0.474667
vn -0.368852 0.433615 -0.822147
vn -0.307599 -0.064402 -0.949334
vn -0.163925 -0.545162 -0.822147
vn 0.023673 -0.879847 -0.474667
vn 0.356601 -0.934257 0.000000
vn 0.460131 -0.751337 0.473045
vn 0.440369 -0.367098 0.819338
vn 0.302610 0.115505 0.946090
vn 0.083768 0.567159 0.819338
vn -0.157521 0.866842 0.473045
vn -0.356601 0.934257 0.000000
vn -0.460131 0.751337 -0.473045
vn -0.440369 0.367098 -0.819338
vn -0.302610 -0.115505 -0.946090
vn -0.083768 -0.567159 -0.819338
vn 0.157521 -0.866842 -0.473045
vn 0.500000 -0.866025 0.000000
vn 0.574656 -0.668222 0.472493
vn 0.495333 -0.291370 0.818382
vn 0.283286 0.163555 0.944986
vn -0.004667 0.574656 0.818382
vn -0.291370 0.831778 0.472493
vn -0.500000 0.866025 0.000000
vn -0.574656 0.668222 -0.472493
vn -0.495333 0.291370 -0.818382
vn -0.283286 -0.163555 -0.944986
vn 0.004667 -0.574656 -0.818382
vn 0.291370 -0.831778 -0.472493
vn 0.630789 -0.775954 0.000000
vn 0.671947 -0.569838 0.473045
vn 0.533057 -0.211034 0.819338
vn 0.251335 0.204316 0.946090
vn -0.097732 0.564920 0.819338
vn -0.420612 0.774154 0.473045
vn -0.630789 0.775954 0.000000
vn -0.671947 0.569838 -0.473045
vn -0.533057 0.211034 -0.819338
vn -0.251335 -0.204316 -0.946090
vn 0.097732 -0.564920 -0.819338
vn 0.420612 -0.774154 -0.473045
vn 0.745183 -0.666861 0.000000
vn 0.750134 -0.460425 0.474667
vn 0.554087 -0.130618 0.822147
vn 0.209573 0.234187 0.949334
vn -0.191096 0.536242 0.822147
vn -0.540560 0.694612 0.474667
vn -0.745183 0.666861 0.000000
vn -0.750134 0.460425 -0.474667
vn -0.554087 0.130618 -0.822147
vn -0.209573 -0.234187 -0.949334
vn 0.191096 -0.536242 -0.822147
vn 0.540560 -0.694612 -0.474667
vn 0.840165 -0.542330 0.000000
vn 0.808451 -0.344426 0.477260
vn 0.560113 -0.054233 0.826639
vn 0.161693 0.250491 0.954521
vn -0.280052 0.488097 0.826639
vn -0.646758 0.594917 0.477260
vn -0.840165 0.542330 0.000000
vn -0.808451 0.344426 -0.477260
vn -0.560113 0.054233 -0.826639
vn -0.161693 -0.250491 -0.954521
vn 0.280052 -0.488097 -0.826639
vn 0.646758 -0.594917 -0.477260
vn 0.913658 -0.406485 0.000000
vn 0.847234 -0.226191 0.480657
vn 0.553795 0.014710 0.832523
vn 0.111967 0.251669 0.961315
vn -0.359862 0.421194 0.832523
vn -0.735267 0.477861 0.480657
vn -0.913658 0.406485 0.000000
vn -0.847234 0.226191 -0.480657
vn -0.553795 -0.014710 -0.832523
vn -0.111967 -0.251669 -0.961315
vn 0.359862 -0.421194 -0.832523
vn 0.735267 -0.477861 -0.480657
vn 0.964598 -0.263723 0.000000
vn 0.867818 -0.109698 0.484622
vn 0.538506 0.073721 0.839391
vn 0.064902 0.237387 0.969245
vn -0.426092 0.337445 0.839391
vn -0.802916 0.347084 0.484622
vn -0.964598 0.263723 0.000000
vn -0.867818 0.109698 -0.484622
vn -0.538506 -0.073721 -0.839391
vn -0.064902 -0.237387 -0.969245
vn 0.426092 -0.337445 -0.839391
vn 0.802916 -0.347084 -0.484622
vn 0.992958 -0.118465 0.000000
vn 0.872367 0.001673 0.488849
vn 0.518025 0.121362 0.846712
vn 0.024879 0.208533 0.977699
vn -0.474933 0.239827 0.846712
vn -0.847488 0.206860 0.488849
vn -0.992958 0.118465 0.000000
vn -0.872367 -0.001673 -0.488849
vn -0.518025 -0.121362 -0.846712
vn -0.024879 -0.208533 -0.977699
vn 0.474933 -0.239827 -0.846712
vn 0.847488 -0.206860 -0.488849
vn 0.999685 0.025085 0.000000
vn 0.863656 0.105285 0.492964
vn 0.496211 0.157273 0.853838
vn -0.004194 0.167120 0.985928
vn -0.503474 0.132187 0.853838
vn -0.867850 0.061835 0.492964
vn -0.999685 -0.025085 0.000000
vn -0.863656 -0.105285 -0.492964
vn -0.496211 -0.157273 -0.853838
vn 0.004194 -0.167120 -0.985928
vn 0.503474 -0.132187 -0.853838
vn 0.867850 -0.061835 -0.492964
vn 0.986605 0.163129 0.000000
vn 0.844827 0.199322 0.496526
vn 0.476678 0.182107 0.860009
vn -0.019196 0.116096 0.993052
vn -0.509926 0.018977 0.860009
vn -0.864023 -0.083226 0.496526
vn -0.986605 -0.163129 0.000000
vn -0.844827 -0.199322 -0.496526
vn -0.476678 -0.182107 -0.860009
vn 0.019196 -0.116096 -0.993052
vn 0.509926 -0.018977 -0.860009
vn 0.864023 0.083226 -0.496526
vn 0.956290 0.292421 0.000000
vn 0.819139 0.282782 0.499045
vn 0.462501 0.197371 0.864371
vn -0.018064 0.059075 0.998090
vn -0.493789 -0.095050 0.864371
vn -0.837203 -0.223707 0.499045
vn -0.956290 -0.292421 0.000000
vn -0.819139 -0.282782 -0.499045
vn -0.462501 -0.197371 -0.864371
vn 0.018064 -0.059075 -0.998090
vn 0.493789 0.095050 -0.864371
vn 0.837203 0.223707 -0.499045
vn 0.911922 0.410365 0.000000
vn 0.789747 0.355386 0.500000
vn 0.455961 0.205182 0.866025
vn -0.000000 0.000000 1.000000
vn -0.455961 -0.205182 0.866025
vn -0.789747 -0.355386 0.500000
vn -0.911922 -0.410365 0.000000
vn -0.789747 -0.355386 -0.500000
vn -0.455961 -0.205182 -0.866025
vn -0.000000 -0.000000 -1.000000
vn 0.455961 0.205182 -0.866025
vn 0.789747 0.355386 -0.500000
vn 0.857151 0.515065 0.000000
vn 0.759516 0.417434 0.498883
vn 0.458368 0.207952 0.864092
vn 0.034402 -0.057250 0.997767
vn -0.398783 -0.307112 0.864092
vn -0.725114 -0.474684 0.498883
vn -0.857151 -0.515065 0.000000
vn -0.759516 -0.417434 -0.498883
vn -0.458368 -0.207952 -0.864092
vn -0.034402 0.057250 -0.997767
vn 0.398783 0.307112 -0.864092
vn 0.725114 0.474684 -0.498883
vn 0.795965 0.605342 0.000000
vn 0.730885 0.469597 0.495264
vn 0.469964 0.208023 0.857823
vn 0.083117 -0.109290 0.990529
vn -0.326001 -0.397319 0.857823
vn -0.647768 -0.578887 0.495264
vn -0.795965 -0.605342 0.000000
vn -0.730885 -0.469597 -0.495264
vn -0.469964 -0.208023 -0.857823
vn -0.083117 0.109290 -0.990529
vn 0.326001 0.397319 -0.857823
vn 0.647768 0.578887 -0.495264
vn 0.732550 0.680713 0.000000
vn 0.705797 0.512688 0.488877
vn 0.489927 0.207289 0.846760
vn 0.142781 -0.153653 0.977755
vn -0.242623 -0.473424 0.846760
vn -0.563017 -0.666342 0.488877
vn -0.732550 -0.680713 0.000000
vn -0.705797 -0.512688 -0.488877
vn -0.489927 -0.207289 -0.846760
vn -0.142781 0.153653 -0.977755
vn 0.242623 0.473424 -0.846760
vn 0.563017 0.666342 -0.488877
vn 0.671135 0.741336 0.000000
vn 0.685679 0.547448 0.479735
vn 0.516496 0.206872 0.830925
vn 0.208919 -0.189135 0.959469
vn -0.154638 -0.534463 0.830925
vn -0.476760 -0.736583 0.479735
vn -0.671135 -0.741336 0.000000
vn -0.685679 -0.547448 -0.479735
vn -0.516496 -0.206872 -0.830925
vn -0.208919 0.189135 -0.959469
vn 0.154638 0.534463 -0.830925
vn 0.476760 0.736583 -0.479735
vn 0.615766 0.787929 0.000000
vn 0.671432 0.574392 0.468244
vn 0.547189 0.206947 0.811022
vn 0.276327 -0.215949 0.936488
vn -0.068577 -0.580982 0.811022
vn -0.395106 -0.790341 0.468244
vn -0.615766 -0.787929 0.000000
vn -0.671432 -0.574392 -0.468244
vn -0.547189 -0.206947 -0.811022
vn -0.276327 0.215949 -0.936488
vn 0.068577 0.580982 -0.811022
vn 0.395106 0.790341 -0.468244
vn 0.569954 0.821677 0.000000
vn 0.663384 0.593819 0.455303
vn 0.579061 0.206847 0.788608
vn 0.339579 -0.235549 0.910606
vn 0.009107 -0.614829 0.788608
vn -0.323805 -0.829367 0.455303
vn -0.569954 -0.821677 0.000000
vn -0.663384 -0.593819 -0.455303
vn -0.579061 -0.206847 -0.788608
vn -0.339579 0.235549 -0.910606
vn -0.009107 0.614829 -0.788608
vn 0.323805 0.829367 -0.455303
vn 0.536123 0.844140 0.000000
vn 0.661109 0.606048 0.442312
vn 0.608952 0.205567 0.766107
vn 0.393626 -0.249997 0.884624
vn 0.072829 -0.638573 0.766107
vn -0.267483 -0.856045 0.442312
vn -0.536123 -0.844140 0.000000
vn -0.661109 -0.606048 -0.442312
vn -0.608952 -0.205567 -0.766107
vn -0.393626 0.249997 -0.884624
vn -0.072829 0.638573 -0.766107
vn 0.267483 0.856045 -0.442312
vn 0.514879 0.857263 0.000000
vn 0.663106 0.611954 0.431047
vn 0.633654 0.202673 0.746596
vn 0.434415 -0.260914 0.862095
vn 0.118775 -0.654589 0.746596
vn -0.228691 -0.872868 0.431047
vn -0.514879 -0.857263 0.000000
vn -0.663106 -0.611954 -0.431047
vn -0.633654 -0.202673 -0.746596
vn -0.434415 0.260914 -0.862095
vn -0.118775 0.654589 -0.746596
vn 0.228691 0.872868 -0.431047
vn 0.504336 0.863507 0.000000
vn 0.666509 0.613638 0.423337
vn 0.650092 0.199344 0.733241
vn 0.459482 -0.268363 0.846674
vn 0.145755 -0.664163 0.733241
vn -0.207027 -0.882001 0.423337
vn -0.504336 -0.863507 0.000000
vn -0.666509 -0.613638 -0.423337
vn -0.650092 -0.199344 -0.733241
vn -0.459482 0.268363 -0.846674
vn -0.145755 0.664163 -0.733241
vn 0.207027 0.882001 -0.423337
vn 0.500000 0.866025 0.000000
vn 0.667168 0.614811 0.420589
vn 0.655568 0.198858 0.728482
vn 0.468310 -0.270379 0.841178
vn 0.155568 -0.667168 0.728482
vn -0.198858 -0.885189 0.420589
vn -0.500000 -0.866025 0.000000
vn -0.667168 -0.614811 -0.420589
vn -0.655568 -0.198858 -0.728482
vn -0.468310 0.270379 -0.841178
vn -0.155568 0.667168 -0.728482
vn 0.198858 0.885189 -0.420589
vn 0.495651 0.868522 0.000000
vn 0.660322 0.620291 0.423337
vn 0.648060 0.205854 0.733241
vn 0.462151 -0.263742 0.846674
vn 0.152409 -0.662668 0.733241
vn -0.198171 -0.884033 0.423337
vn -0.495651 -0.868522 0.000000
vn -0.660322 -0.620291 -0.423337
vn -0.648060 -0.205854 -0.733241
vn -0.462151 0.263742 -0.846674
vn -0.152409 0.662668 -0.733241
vn 0.198171 0.884033 -0.423337
vn 0.484972 0.874530 0.000000
vn 0.641580 0.634486 0.431047
vn 0.626278 0.224432 0.746596
vn 0.443166 -0.245758 0.862095
vn 0.141307 -0.650098 0.746596
vn -0.198415 -0.880244 0.431047
vn -0.484972 -0.874530 0.000000
vn -0.641580 -0.634486 -0.431047
vn -0.626278 -0.224432 -0.746596
vn -0.443166 0.245758 -0.862095
vn -0.141307 0.650098 -0.746596
vn 0.198415 0.880244 -0.431047
vn 0.462985 0.886366 0.000000
vn 0.607615 0.659670 0.442312
vn 0.589435 0.256215 0.766107
vn 0.413316 -0.215892 0.884624
vn 0.126450 -0.630151 0.766107
vn -0.194299 -0.875562 0.442312
vn -0.462985 -0.886366 0.000000
vn -0.607615 -0.659670 -0.442312
vn -0.589435 -0.256215 -0.766107
vn -0.413316 0.215892 -0.884624
vn -0.126450 0.630151 -0.766107
vn 0.194299 0.875562 -0.442312
vn 0.426616 0.904433 0.000000
vn 0.556350 0.695107 0.455303
vn 0.537011 0.299527 0.788608
vn 0.373781 -0.176310 0.910606
vn 0.110396 -0.604906 0.788608
vn -0.182570 -0.871417 0.455303
vn -0.426616 -0.904433 0.000000
vn -0.556350 -0.695107 -0.455303
vn -0.537011 -0.299527 -0.788608
vn -0.373781 0.176310 -0.910606
vn -0.110396 0.604906 -0.788608
vn 0.182570 0.871417 -0.455303
vn 0.374484 0.927233 0.000000
vn 0.486903 0.737342 0.468244
vn 0.468856 0.349880 0.811022
vn 0.325180 -0.131331 0.936488
vn 0.094373 -0.577353 0.811022
vn -0.161722 -0.868673 0.468244
vn -0.374484 -0.927233 0.000000
vn -0.486903 -0.737342 -0.468244
vn -0.468856 -0.349880 -0.811022
vn -0.325180 0.131331 -0.936488
vn -0.094373 0.577353 -0.811022
vn 0.161722 0.868673 -0.468244
vn 0.306448 0.951887 0.000000
vn 0.399519 0.781178 0.479735
vn 0.385540 0.401153 0.830925
vn 0.268255 -0.086361 0.959469
vn 0.079092 -0.550735 0.830925
vn -0.131264 -0.867539 0.479735
vn -0.306448 -0.951887 0.000000
vn -0.399519 -0.781178 -0.479735
vn -0.385540 -0.401153 -0.830925
vn -0.268255 0.086361 -0.959469
vn -0.079092 0.550735 -0.830925
vn 0.131264 0.867539 -0.479735
vn 0.223240 0.974764 0.000000
vn 0.295560 0.820758 0.488877
vn 0.288686 0.446830 0.846760
vn 0.204458 -0.046825 0.977755
vn 0.065446 -0.527933 0.846760
vn -0.091102 -0.867582 0.488877
vn -0.223240 -0.974764 0.000000
vn -0.295560 -0.820758 -0.488877
vn -0.288686 -0.446830 -0.846760
vn -0.204458 0.046825 -0.977755
vn -0.065446 0.527933 -0.846760
vn 0.091102 0.867582 -0.488877
vn 0.126259 0.991997 0.000000
vn 0.177447 0.850427 0.495264
vn 0.181088 0.480985 0.857823
vn 0.136207 -0.017336 0.990529
vn 0.054829 -0.511012 0.857823
vn -0.041240 -0.867763 0.495264
vn -0.126259 -0.991997 0.000000
vn -0.177447 -0.850427 -0.495264
vn -0.181088 -0.480985 -0.857823
vn -0.136207 0.017336 -0.990529
vn -0.054829 0.511012 -0.857823
vn 0.041240 0.867763 -0.495264
vn 0.017483 0.999847 0.000000
vn 0.048532 0.865309 0.498883
vn 0.066576 0.498912 0.864092
vn 0.066781 -0.001168 0.997767
vn 0.049092 -0.500935 0.864092
vn 0.018249 -0.866477 0.498883
vn -0.017483 -0.999847 0.000000
vn -0.048532 -0.865309 -0.498883
vn -0.066576 -0.498912 -0.864092
vn -0.066781 0.001168 -0.997767
vn -0.049092 0.500935 -0.864092
vn -0.018249 0.866477 -0.498883
vn -0.100575 0.994930 0.000000
vn -0.087100 0.861634 0.500000
vn -0.050287 0.497465 0.866025
vn -0.000000 0.000000 1.000000
vn 0.050287 -0.497465 0.866025
vn 0.087100 -0.861634 0.500000
vn 0.100575 -0.994930 0.000000
vn 0.087100 -0.861634 -0.500000
vn 0.050287 -0.497465 -0.866025
vn 0.000000 -0.000000 -1.000000
vn -0.050287 0.497465 -0.866025
vn -0.087100 0.861634 -0.500000
vn -0.224900 0.974382 0.000000
vn -0.224866 0.836893 0.499045
vn -0.164578 0.475159 0.864371
vn -0.060193 -0.013893 0.998090
vn 0.060322 -0.499223 0.864371
vn 0.164673 -0.850786 0.499045
vn 0.224900 -0.974382 0.000000
vn 0.224866 -0.836893 -0.499045
vn 0.164578 -0.475159 -0.864371
vn 0.060193 0.013893 -0.998090
vn -0.060322 0.499223 -0.864371
vn -0.164673 0.850786 -0.499045
vn -0.352028 0.935989 0.000000
vn -0.359935 0.789879 0.496526
vn -0.271398 0.432121 0.860009
vn -0.110140 -0.041424 0.993052
vn 0.080630 -0.503869 0.860009
vn 0.249795 -0.831303 0.496526
vn 0.352028 -0.935989 0.000000
vn 0.359935 -0.789879 -0.496526
vn 0.271398 -0.432121 -0.860009
vn 0.110140 0.041424 -0.993052
vn -0.080630 0.503869 -0.860009
vn -0.249795 0.831303 -0.496526
vn -0.478118 0.878296 0.000000
vn -0.487476 0.720662 0.492964
vn -0.366215 0.369928 0.853838
vn -0.146827 -0.079928 0.985928
vn 0.111903 -0.508368 0.853838
vn 0.340649 -0.800590 0.492964
vn 0.478118 -0.878296 0.000000
vn 0.487476 -0.720662 -0.492964
vn 0.366215 -0.369928 -0.853838
vn 0.146827 0.079928 -0.985928
vn -0.111903 0.508368 -0.853838
vn -0.340649 0.800590 -0.492964
vn -0.599073 0.800695 0.000000
vn -0.602890 0.630516 0.488849
vn -0.445163 0.291391 0.846712
vn -0.168155 -0.125812 0.977699
vn 0.153910 -0.509304 0.846712
vn 0.434735 -0.756328 0.488849
vn 0.599073 -0.800695 0.000000
vn 0.602890 -0.630516 -0.488849
vn 0.445163 -0.291391 -0.846712
vn 0.168155 0.125812 -0.977699
vn -0.153910 0.509304 -0.846712
vn -0.434735 0.756328 -0.488849
vn -0.710690 0.703505 0.000000
vn -0.702042 0.521803 0.484622
vn -0.505282 0.200284 0.839391
vn -0.173132 -0.174900 0.969245
vn 0.205408 -0.503221 0.839391
vn 0.528910 -0.696703 0.484622
vn 0.710690 -0.703505 0.000000
vn 0.702042 -0.521803 -0.484622
vn 0.505282 -0.200284 -0.839391
vn 0.173132 0.174900 -0.969245
vn -0.205408 0.503221 -0.839391
vn -0.528910 0.696703 -0.484622
vn -0.808855 0.588008 0.000000
vn -0.781473 0.397830 0.480657
vn -0.544696 0.101053 0.832523
vn -0.161968 -0.222801 0.961315
vn 0.264159 -0.486956 0.832523
vn 0.619505 -0.620631 0.480657
vn 0.808855 -0.588008 0.000000
vn 0.781473 -0.397830 -0.480657
vn 0.544696 -0.101053 -0.832523
vn 0.161968 0.222801 -0.961315
vn -0.264159 0.486956 -0.832523
vn -0.619505 0.620631 -0.480657
vn -0.889754 0.456440 0.000000
vn -0.838593 0.262650 0.477260
vn -0.562730 -0.001516 0.826639
vn -0.136085 -0.265276 0.954521
vn 0.327024 -0.457955 0.826639
vn 0.702507 -0.527926 0.477260
vn 0.889754 -0.456440 0.000000
vn 0.838593 -0.262650 -0.477260
vn 0.562730 0.001516 -0.826639
vn 0.136085 0.265276 -0.954521
vn -0.327024 0.457955 -0.826639
vn -0.702507 0.527926 -0.477260
vn -0.950109 0.311917 0.000000
vn -0.871832 0.120833 0.474667
vn -0.559947 -0.102628 0.822147
vn -0.098026 -0.298589 0.949334
vn 0.390162 -0.414544 0.822147
vn 0.773806 -0.419422 0.474667
vn 0.950109 -0.311917 0.000000
vn 0.871832 -0.120833 -0.474667
vn 0.559947 0.102628 -0.822147
vn 0.098026 0.298589 -0.949334
vn -0.390162 0.414544 -0.822147
vn -0.773806 0.419422 -0.474667
vn -0.987391 0.158302 0.000000
vn -0.880743 -0.022816 0.473045
vn -0.538101 -0.197822 0.819338
vn -0.051275 -0.319821 0.946090
vn 0.449290 -0.356124 0.819338
vn 0.829468 -0.297004 0.473045
vn 0.987391 -0.158302 0.000000
vn 0.880743 0.022816 -0.473045
vn 0.538101 0.197822 -0.819338
vn 0.051275 0.319821 -0.946090
vn -0.449290 0.356124 -0.819338
vn -0.829468 0.297004 -0.473045
f 133//154 146//167 145//166
f 133//154 134//155 146//167
f 134//155 147//168 146//167
f 134//155 135//156 147//168
f 135//156 148//169 147//168
f 135//156 136//157 148//169
f 136//157 149//170 148//169
f 136//157 137//158 149//170
f 137//158 150//171 149//170
f 137//158 138//159 150//171
f 138//159 151//172 150//171
f 138//159 139//160 151//172
f 139//160 152//173 151//172
f 139//160 140//161 152//173
f 140//161 153//174 152//173
f 140//161 141//162 153//174
f 141//162 154//175 153//174
f 141//162 142//163 154//175
f 142//163 155//176 154//175
f 142//163 143//164 155//176
f 143//164 156//177 155//176
f 143//164 144//165 156//177
f 144//165 145//166 156//177
f 144//165 133//154 145//166
f 145//166 158//179 157//178
f 145//166 146//167 158//179
f 146//167 159//180 158//179
f 146//167 147//168 159//180
f 147//168 160//181 159//180
f 147//168 148//169 160//181
f 148//169 161//182 160//181
f 148//169 149//170 161//182
f 149//170 162//183 161//182
f 149//170 150//171 162//183
f 150//171 163//184 162//183
f 150//171 151//172 163//184
f 151//172 164//185 163//184
f 151//172 152//173 164//185
f 152//173 165//186 164//185
f 152//173 153//174 165//186
f 153//174 166//187 165//186
f 153//174 154//175 166//187
f 154//175 167//188 166//187
f 154//175 155//176 167//188
f 155//176 168//189 167//188
f 155//176 156//177 168//189
f 156//177 157//178 168//189
f 156//177 145//166 157//178
f 157//178 170//191 169//190
f 157//178 158//179 170//191
f 158//179 171//192 170//191
f 158//179 159//180 171//192
f 159//180 172//193 171//192
f 159//180 160//181 172//193
f 160//181 173//194 172//193
f 160//181 161//182 173//194
f 161//182 174//195 173//194
f 161//182 162//183 174//195
f 162//183 175//196 174//195
f 162//183 163//184 175//196
f 163//184 176//197 175//196
f 163//184 164//185 176//197
f 164//185 177//198 176//197
f 164//185 165//186 177//198
f 165//186 178//199 177//198
f 165//186 166//187 178//199
f 166//187 179//200 178//199
f 166//187 167//188 179//200
f 167//188 180//201 179//200
f 167//188 168//189 180//201
f 168//189 169//190 180//201
f 168//189 157//178 169//190
f 169//190 182//203 181//202
f 169//190 170//191 182//203
f 170//191 183//204 182//203
f 170//191 171//192 183//204
f 171//192 184//205 183//204
f 171//192 172//193 184//205
f 172//193 185//206 184//205
f 172//193 173//194 185//206
f 173//194 186//207 185//206
f 173//194 174//195 186//207
f 174//195 187//208 186//207
f 174//195 175//196 187//208
f 175//196 188//209 187//208
f 175//196 176//197 188//209
f 176//197 189//210 188//209
f 176//197 177//198 189//210
f 177//198 190//211 189//210
f 177//198 178//199 190//211
f 178//199 191//212 190//211
f 178//199 179//200 191//212
f 179//200 192//213 191//212
f 179//200 180//201 192//213
f 180//201 181//202 192//213
f 180//201 169//190 181//202
f 181//202 194//215 193//214
f 181//202 182//203 194//215
f 182//203 195//216 194//215
f 182//203 183//204 195//216
f 183//204 196//217 195//216
f 183//204 184//205 196//217
f 184//205 197//218 196//217
f 184//205 185//206 197//218
f 185//206 198//219 197//218
f 185//206 186//207 198//219
f 186//207 199//220 198//219
f 186//207 187//208 199//220
f 187//208 200//221 199//220
f 187//208 188//209 200//221
f 188//209 201//222 200//221
f 188//209 189//210 201//222
f 189//210 202//223 201//222
f 189//210 190//211 202//223
f 190//211 203//224 202//223
f 190//211 191//212 203//224
f 191//212 204//225 203//224
f 191//212 192//213 204//225
f 192//213 193//214 204//225
f 192//213 181//202 193//214
f 193//214 206//227 205//226
f 193//214 194//215 206//227
f 194//215 207//228 206//227
f 194//215 195//216 207//228
f 195//216 208//229 207//228
f 195//216 196//217 208//229
f 196//217 209//230 208//229
f 196//217 197//218 209//230
f 197//218 210//231 209//230
f 197//218 198//219 210//231
f 198//219 211//232 210//231
f 198//219 199//220 211//232
f 199//220 212//233 211//232
f 199//220 200//221 212//233
f 200//221 213//234 212//233
f 200//221 201//222 213//234
f 201//222 214//235 213//234
f 201//222 202//223 214//235
f 202//223 215//236 214//235
f 202//223 203//224 215//236
f 203//224 216//237 215//236
f 203//224 204//225 216//237
f 204//225 205//226 216//237
f 204//225 193//214 205//226
f 205//226 218//239 217//238
f 205//226 206//227 218//239
f 206//227 219//240 218//239
f 206//227 207//228 219//240
f 207//228 220//241 219//240
f 207//228 208//229 220//241
f 208//229 221//242 220//241
f 208//229 209//230 221//242
f 209//230 222//243 221//242
f 209//230 210//231 222//243
f 210//231 223//244 222//243
f 210//231 211//232 223//244
f 211//232 224//245 223//244
f 211//232 212//233 224//245
f 212//233 225//246 224//245
f 212//233 213//234 225//246
f 213//234 226//247 225//246
f 213//234 214//235 226//247
f 214//235 227//248 226//247
f 214//235 215//236 227//248
f 215//236 228//249 227//248
f 215//236 216//237 228//249
f 216//237 217//238 228//249
f 216//237 205//226 217//238
f 217//238 230//251 229//250
f 217//238 218//239 230//251
f 218//239 231//252 230//251
f 218//239 219//240 231//252
f 219//240 232//253 231//252
f 219//240 220//241 232//253
f 220//241 233//254 232//253
f 220//241 221//242 233//254
f 221//242 234//255 233//254
f 221//242 222//243 234//255
f 222//243 235//256 234//255
f 222//243 223//244 235//256
f 223//244 236//257 235//256
f 223//244 224//245 236//257
f 224//245 237//258 236//257
f 224//245 225//246 237//258
f 225//246 238//259 237//258
f 225//246 226//247 238//259
f 226//247 239//260 238//259
f 226//247 227//248 239//260
f 227//248 240//261 239//260
f 227//248 228//249 240//261
f 228//249 229//250 240//261
f 228//249 217//238 229//250
f 229//250 242//263 241//262
f 229//250 230//251 242//263
f 230//251 243//264 242//263
f 230//251 231//252 243//264
f 231//252 244//265 243//264
f 231//252 232//253 244//265
f 232//253 245//266 244//265
f 232//253 233//254 245//266
f 233//254 246//267 245//266
f 233//254 234//255 246//267
f 234//255 247//268 246//267
f 234//255 235//256 247//268
f 235//256 248//269 247//268
f 235//256 236//257 248//269
f 236//257 249//270 248//269
f 236//257 237//258 249//270
f 237//258 250//271 249//270
f 237//258 238//259 250//271
f 238//259 251//272 250//271
f 238//259 239//260 251//272
f 239//260 252//273 251//272
f 239//260 240//261 252//273
f 240//261 241//262 252//273
f 240//261 229//250 241//262
f 241//262 254//275 253//274
f 241//262 242//263 254//275
f 242//263 255//276 254//275
f 242//263 243//264 255//276
f 243//264 256//277 255//276
f 243//264 244//265 256//277
f 244//265 257//278 256//277
f 244//265 245//266 257//278
f 245//266 258//279 257//278
f 245//266 246//267 258//279
f 246//267 259//280 258//279
f 246//267 247//268 259//280
f 247//268 260//281 259//280
f 247//268 248//269 260//281
f 248//269 261//282 260//281
f 248//269 249//270 261//282
f 249//270 262//283 261//282
f 249//270 250//271 262//283
f 250//271 263//284 262//283
f 250//271 251//272 263//284
f 251//272 264//285 263//284
f 251//272 252//273 264//285
f 252//273 253//274 264//285
f 252//273 241//262 253//274
f 253//274 266//287 265//286
f 253//274 254//275 266//287
f 254//275 267//288 266//287
f 254//275 255//276 267//288
f 255//276 268//289 267//288
f 255//276 256//277 268//289
f 256//277 269//290 268//289
f 256//277 257//278 269//290
f 257//278 270//291 269//290
f 257//278 258//279 270//291
f 258//279 271//292 270//291
f 258//279 259//280 271//292
f 259//280 272//293 271//292
f 259//280 260//281 272//293
f 260//281 273//294 272//293
f 260//281 261//282 273//294
f 261//282 274//295 273//294
f 261//282 262//283 274//295
f 262//283 275//296 274//295
f 262//283 263//284 275//296
f 263//284 276//297 275//296
f 263//284 264//285 276//297
f 264//285 265//286 276//297
f 264//285 253//274 265//286
f 265//286 278//299 277//298
f 265//286 266//287 278//299
f 266//287 279//300 278//299
f 266//287 267//288 279//300
f 267//288 280//301 279//300
f 267//288 268//289 280//301
f 268//289 281//302 280//301
f 268//289 269//290 281//302
f 269//290 282//303 281//302
f 269//290 270//291 282//303
f 270//291 283//304 282//303
f 270//291 271//292 283//304
f 271//292 284//305 283//304
f 271//292 272//293 284//305
f 272//293 285//306 284//305
f 272//293 273//294 285//306
f 273//294 286//307 285//306
f 273//294 274//295 286//307
f 274//295 287//308 286//307
f 274//295 275//296 287//308
f 275//296 288//309 287//308
f 275//296 276//297 288//309
f 276//297 277//298 288//309
f 276//297 265//286 277//298
f 277//298 290//311 289//310
f 277//298 278//299 290//311
f 278//299 291//312 290//311
f 278//299 279//300 291//312
f 279//300 292//313 291//312
f 279//300 280//301 292//313
f 280//301 293//314 292//313
f 280//301 281//302 293//314
f 281//302 294//315 293//314
f 281//302 282//303 294//315
f 282//303 295//316 294//315
f 282//303 283//304 295//316
f 283//304 296//317 295//316
f 283//304 284//305 296//317
f 284//305 297//318 296//317
f 284//305 285//306 297//318
f 285//306 298//319 297//318
f 285//306 286//307 298//319
f 286//307 299//320 298//319
f 286//307 287//308 299//320
f 287//308 300//321 299//320
f 287//308 288//309 300//321
f 288//309 289//310 300//321
f 288//309 277//298 289//310
f 289//310 302//323 301//322
f 289//310 290//311 302//323
f 290//311 303//324 302//323
f 290//311 291//312 303//324
f 291//312 304//325 303//324
f 291//312 292//313 304//325
f 292//313 305//326 304//325
f 292//313 293//314 305//326
f 293//314 306//327 305//326
f 293//314 294//315 306//327
f 294//315 307//328 306//327
f 294//315 295//316 307//328
f 295//316 308//329 307//328
f 295//316 296//317 308//329
f 296//317 309//330 308//329
f 296//317 297//318 309//330
f 297//318 310//331 309//330
f 297//318 298//319 310//331
f 298//319 311//332 310//331
f 298//319 299//320 311//332
f 299//320 312//333 311//332
f 299//320 300//321 312//333
f 300//321 301//322 312//333
f 300//321 289//310 301//322
f 301//322 314//335 313//334
f 301//322 302//323 314//335
f 302//323 315//336 314//335
f 302//323 303//324 315//336
f 303//324 316//337 315//336
f 303//324 304//325 316//337
f 304//325 317//338 316//337
f 304//325 305//326 317//338
f 305//326 318//339 317//338
f 305//326 306//327 318//339
f 306//327 319//340 318//339
f 306//327 307//328 319//340
f 307//328 320//341 319//340
f 307//328 308//329 320//341
f 308//329 321//342 320//341
f 308//329 309//330 321//342
f 309//330 322//343 321//342
f 309//330 310//331 322//343
f 310//331 323//344 322//343
f 310//331 311//332 323//344
f 311//332 324//345 323//344
f 311//332 312//333 324//345
f 312//333 313//334 324//345
f 312//333 301//322 313//334
f 313//334 326//347 325//346
f 313//334 314//335 326//347
f 314//335 327//348 326//347
f 314//335 315//336 327//348
f 315//336 328//349 327//348
f 315//336 316//337 328//349
f 316//337 329//350 328//349
f 316//337 317//338 329//350
f 317//338 330//351 329//350
f 317//338 318//339 330//351
f 318//339 331//352 330//351
f 318//339 319//340 331//352
f 319//340 332//353 331//352
f 319//340 320//341 332//353
f 320//341 333//354 332//353
f 320//341 321//342 333//354
f 321//342 334//355 333//354
f 321//342 322//343 334//355
f 322//343 335//356 334//355
f 322//343 323//344 335//356
f 323//344 336//357 335//356
f 323//344 324//345 336//357
f 324//345 325//346 336//357
f 324//345 313//334 325//346
f 325//346 338//359 337//358
f 325//346 326//347 338//359
f 326//347 339//360 338//359
f 326//347 327//348 339//360
f 327//348 340//361 339//360
f 327//348 328//349 340//361
f 328//349 341//362 340//361
f 328//349 329//350 341//362
f 329//350 342//363 341//362
f 329//350 330//351 342//363
f 330//351 343//364 342//363
f 330//351 331//352 343//364
f 331//352 344//365 343//364
f 331//352 332//353 344//365
f 332//353 345//366 344//365
f 332//353 333//354 345//366
f 333//354 346//367 345//366
f 333//354 334//355 346//367
f 334//355 347//368 346//367
f 334//355 335//356 347//368
f 335//356 348//369 347//368
f 335//356 336//357 348//369
f 336//357 337//358 348//369
f 336//357 325//346 337//358
f 337//358 350//371 349//370
f 337//358 338//359 350//371
f 338//359 351//372 350//371
f 338//359 339//360 351//372
f 339//360 352//373 351//372
f 339//360 340//361 352//373
f 340//361 353//374 352//373
f 340//361 341//362 353//374
f 341//362 354//375 353//374
f 341//362 342//363 354//375
f 342//363 355//376 354//375
f 342//363 343//364 355//376
f 343//364 356//377 355//376
f 343//364 344//365 356//377
f 344//365 357//378 356//377
f 344//365 345//366 357//378
f 345//366 358//379 357//378
f 345//366 346//367 358//379
f 346//367 359//380 358//379
f 346//367 347//368 359//380
f 347//368 360//381 359//380
f 347//368 348//369 360//381
f 348//369 349//370 360//381
f 348//369 337//358 349//370
f 349//370 362//383 361//382
f 349//370 350//371 362//383
f 350//371 363//384 362//383
f 350//371 351//372 363//384
f 351//372 364//385 363//384
f 351//372 352//373 364//385
f 352//373 365//386 364//385
f 352//373 353//374 365//386
f 353//374 366//387 365//386
f 353//374 354//375 366//387
f 354//375 367//388 366//387
f 354//375 355//376 367//388
f 355//376 368//389 367//388
f 355//376 356//377 368//389
f 356//377 369//390 368//389
f 356//377 357//378 369//390
f 357//378 370//391 369//390
f 357//378 358//379 370//391
f 358//379 371//392 370//391
f 358//379 359//380 371//392
f 359//380 372//393 371//392
f 359//380 360//381 372//393
f 360//381 361//382 372//393
f 360//381 349//370 361//382
f 361//382 374//395 373//394
f 361//382 362//383 374//395
f 362//383 375//396 374//395
f 362//383 363//384 375//396
f 363//384 376//397 375//396
f 363//384 364//385 376//397
f 364//385 377//398 376//397
f 364//385 365//386 377//398
f 365//386 378//399 377//398
f 365//386 366//387 378//399
f 366//387 379//400 378//399
f 366//387 367//388 379//400
f 367//388 380//401 379//400
f 367//388 368//389 380//401
f 368//389 381//402 380//401
f 368//389 369//390 381//402
f 369//390 382//403 381//402
f 369//390 370//391 382//403
f 370//391 383//404 382//403
f 370//391 371//392 383//404
f 371//392 384//405 383//404
f 371//392 372//393 384//405
f 372//393 373//394 384//405
f 372//393 361//382 373//394
f 373//394 386//407 385//406
f 373//394 374//395 386//407
f 374//395 387//408 386//407
f 374//395 375//396 387//408
f 375//396 388//409 387//408
f 375//396 376//397 388//409
f 376//397 389//410 388//409
f 376//397 377//398 389//410
f 377//398 390//411 389//410
f 377//398 378//399 390//411
f 378//399 391//412 390//411
f 378//399 379//400 391//412
f 379//400 392//413 391//412
f 379//400 380//401 392//413
f 380//401 393//414 392//413
f 380//401 381//402 393//414
f 381//402 394//415 393//414
f 381//402 382//403 394//415
f 382//403 395//416 394//415
f 382//403 383//404 395//416
f 383//404 396//417 395//416
f 383//404 384//405 396//417
f 384//405 385//406 396//417
f 384//405 373//394 385//406
f 385//406 398//419 397//418
f 385//406 386//407 398//419
f 386//407 399//420 398//419
f 386//407 387//408 399//420
f 387//408 400//421 399//420
f 387//408 388//409 400//421
f 388//409 401//422 400//421
f 388//409 389//410 401//422
f 389//410 402//423 401//422
f 389//410 390//411 402//423
f 390//411 403//424 402//423
f 390//411 391//412 403//424
f 391//412 404//425 403//424
f 391//412 392//413 404//425
f 392//413 405//426 404//425
f 392//413 393//414 405//426
f 393//414 406//427 405//426
f 393//414 394//415 406//427
f 394//415 407//428 406//427
f 394//415 395//416 407//428
f 395//416 408//429 407//428
f 395//416 396//417 408//429
f 396//417 397//418 408//429
f 396//417 385//406 397//418
f 397//418 410//431 409//430
f 397//418 398//419 410//431
f 398//419 411//432 410//431
f 398//419 399//420 411//432
f 399//420 412//433 411//432
f 399//420 400//421 412//433
f 400//421 413//434 412//433
f 400//421 401//422 413//434
f 401//422 414//435 413//434
f 401//422 402//423 414//435
f 402//423 415//436 414//435
f 402//423 403//424 415//436
f 403//424 416//437 415//436
f 403//424 404//425 416//437
f 404//425 417//438 416//437
f 404//425 405//426 417//438
f 405//426 418//439 417//438
f 405//426 406//427 418//439
f 406//427 419//440 418//439
f 406//427 407//428 419//440
f 407//428 420//441 419//440
f 407//428 408//429 420//441
f 408//429 409//430 420//441
f 408//429 397//418 409//430
f 409//430 422//443 421//442
f 409//430 410//431 422//443
f 410//431 423//444 422//443
f 410//431 411//432 423//444
f 411//432 424//445 423//444
f 411//432 412//433 424//445
f 412//433 425//446 424//445
f 412//433 413//434 425//446
f 413//434 426//447 425//446
f 413//434 414//435 426//447
f 414//435 427//448 426//447
f 414//435 415//436 427//448
f 415//436 428//449 427//448
f 415//436 416//437 428//449
f 416//437 429//450 428//449
f 416//437 417//438 429//450
f 417//438 430//451 429//450
f 417//438 418//439 430//451
f 418//439 431//452 430//451
f 418//439 419//440 431//452
f 419//440 432//453 431//452
f 419//440 420//441 432//453
f 420//441 421//442 432//453
f 420//441 409//430 421//442
f 421//442 434//455 433//454
f 421//442 422//443 434//455
f 422//443 435//456 434//455
f 422//443 423//444 435//456
f 423//444 436//457 435//456
f 423//444 424//445 436//457
f 424//445 437//458 436//457
f 424//445 425//446 437//458
f 425//446 438//459 437//458
f 425//446 426//447 438//459
f 426//447 439//460 438//459
f 426//447 427//448 439//460
f 427//448 440//461 439//460
f 427//448 428//449 440//461
f 428//449 441//462 440//461
f 428//449 429//450 441//462
f 429//450 442//463 441//462
f 429//450 430//451 442//463
f 430//451 443//464 442//463
f 430//451 431//452 443//464
f 431//452 444//465 443//464
f 431//452 432//453 444//465
f 432//453 433//454 444//465
f 432//453 421//442 433//454
f 433//454 446//467 445//466
f 433//454 434//455 446//467
f 434//455 447//468 446//467
f 434//455 435//456 447//468
f 435//456 448//469 447//468
f 435//456 436//457 448//469
f 436//457 449//470 448//469
f 436//457 437//458 449//470
f 437//458 450//471 449//470
f 437//458 438//459 450//471
f 438//459 451//472 450//471
f 438//459 439//460 451//472
f 439//460 452//473 451//472
f 439//460 440//461 452//473
f 440//461 453//474 452//473
f 440//461 441//462 453//474
f 441//462 454//475 453//474
f 441//462 442//463 454//475
f 442//463 455//476 454//475
f 442//463 443//464 455//476
f 443//464 456//477 455//476
f 443//464 444//465 456//477
f 444//465 445//466 456//477
f 444//465 433//454 445//466
f 445//466 458//479 457//478
f 445//466 446//467 458//479
f 446//467 459//480 458//479
f 446//467 447//468 459//480
f 447//468 460//481 459//480
f 447//468 448//469 460//481
f 448//469 461//482 460//481
f 448//469 449//470 461//482
f 449//470 462//483 461//482
f 449//470 450//471 462//483
f 450//471 463//484 462//483
f 450//471 451//472 463//484
f 451//472 464//485 463//484
f 451//472 452//473 464//485
f 452//473 465//486 464//485
f 452//473 453//474 465//486
f 453//474 466//487 465//486
f 453//474 454//475 466//487
f 454//475 467//488 466//487
f 454//475 455//476 467//488
f 455//476 468//489 467//488
f 455//476 456//477 468//489
f 456//477 457//478 468//489
f 456//477 445//466 457//478
f 457//478 470//491 469//490
f 457//478 458//479 470//491
f 458//479 471//492 470//491
f 458//479 459//480 471//492
f 459//480 472//493 471//492
f 459//480 460//481 472//493
f 460//481 473//494 472//493
f 460//481 461//482 473//494
f 461//482 474//495 473//494
f 461//482 462//483 474//495
f 462//483 475//496 474//495
f 462//483 463//484 475//496
f 463//484 476//497 475//496
f 463//484 464//485 476//497
f 464//485 477//498 476//497
f 464//485 465//486 477//498
f 465//486 478//499 477//498
f 465//486 466//487 478//499
f 466//487 479//500 478//499
f 466//487 467//488 479//500
f 467//488 480//501 479//500
f 467//488 468//489 480//501
f 468//489 469//490 480//501
f 468//489 457//478 469//490
f 469//490 482//503 481//502
f 469//490 470//491 482//503
f 470//491 483//504 482//503
f 470//491 471//492 483//504
f 471//492 484//505 483//504
f 471//492 472//493 484//505
f 472//493 485//506 484//505
f 472//493 473//494 485//506
f 473//494 486//507 485//506
f 473//494 474//495 486//507
f 474//495 487//508 486//507
f 474//495 475//496 487//508
f 475//496 488//509 487//508
f 475//496 476//497 488//509
f 476//497 489//510 488//509
f 476//497 477//498 489//510
f 477//498 490//511 489//510
f 477//498 478//499 490//511
f 478//499 491//512 490//511
f 478//499 479//500 491//512
f 479//500 492//513 491//512
f 479//500 480//501 492//513
f 480//501 481//502 492//513
f 480//501 469//490 481//502
f 481//502 494//515 493//514
f 481//502 482//503 494//515
f 482//503 495//516 494//515
f 482//503 483//504 495//516
f 483//504 496//517 495//516
f 483//504 484//505 496//517
f 484//505 497//518 496//517
f 484//505 485//506 497//518
f 485//506 498//519 497//518
f 485//506 486//507 498//519
f 486//507 499//520 498//519
f 486//507 487//508 499//520
f 487//508 500//521 499//520
f 487//508 488//509 500//521
f 488//509 501//522 500//521
f 488//509 489//510 501//522
f 489//510 502//523 501//522
f 489//510 490//511 502//523
f 490//511 503//524 502//523
f 490//511 491//512 503//524
f 491//512 504//525 503//524
f 491//512 492//513 504//525
f 492//513 493//514 504//525
f 492//513 481//502 493//514
f 493//514 506//527 505//526
f 493//514 494//515 506//527
f 494//515 507//528 506//527
f 494//515 495//516 507//528
f 495//516 508//529 507//528
f 495//516 496//517 508//529
f 496//517 509//530 508//529
f 496//517 497//518 509//530
f 497//518 510//531 509//530
f 497//518 498//519 510//531
f 498//519 511//532 510//531
f 498//519 499//520 511//532
f 499//520 512//533 511//532
f 499//520 500//521 512//533
f 500//521 513//534 512//533
f 500//521 501//522 513//534
f 501//522 514//535 513//534
f 501//522 502//523 514//535
f 502//523 515//536 514//535
f 502//523 503//524 515//536
f 503//524 516//537 515//536
f 503//524 504//525 516//537
f 504//525 505//526 516//537
f 504//525 493//514 505//526
f 505//526 518//539 517//538
f 505//526 506//527 518//539
f 506//527 519//540 518//539
f 506//527 507//528 519//540
f 507//528 520//541 519//540
f 507//528 508//529 520//541
f 508//529 521//542 520//541
f 508//529 509//530 521//542
f 509//530 522//543 521//542
f 509//530 510//531 522//543
f 510//531 523//544 522//543
f 510//531 511//532 523//544
f 511//532 524//545 523//544
f 511//532 512//533 524//545
f 512//533 525//546 524//545
f 512//533 513//534 525//546
f 513//534 526//547 525//546
f 513//534 514//535 526//547
f 514//535 527//548 526//547
f 514//535 515//536 527//548
f 515//536 528//549 527//548
f 515//536 516//537 528//549
f 516//537 517//538 528//549
f 516//537 505//526 517//538
f 517//538 530//551 529//550
f 517//538 518//539 530//551
f 518//539 531//552 530//551
f 518//539 519//540 531//552
f 519//540 532//553 531//552
f 519//540 520//541 532//553
f 520//541 533//554 532//553
f 520//541 521//542 533//554
f 521//542 534//555 533//554
f 521//542 522//543 534//555
f 522//543 535//556 534//555
f 522//543 523//544 535//556
f 523//544 536//557 535//556
f 523//544 524//545 536//557
f 524//545 537//558 536//557
f 524//545 525//546 537//558
f 525//546 538//559 537//558
f 525//546 526//547 538//559
f 526//547 539//560 538//559
f 526//547 527//548 539//560
f 527//548 540//561 539//560
f 527//548 528//549 540//561
f 528//549 529//550 540//561
f 528//549 517//538 529//550
f 529//550 542//563 541//562
f 529//550 530//551 542//563
f 530//551 543//564 542//563
f 530//551 531//552 543//564
f 531//552 544//565 543//564
f 531//552 532//553 544//565
f 532//553 545//566 544//565
f 532//553 533//554 545//566
f 533//554 546//567 545//566
f 533//554 534//555 546//567
f 534//555 547//568 546//567
f 534//555 535//556 547//568
f 535//556 548//569 547//568
f 535//556 536//557 548//569
f 536//557 549//570 548//569
f 536//557 537//558 549//570
f 537//558 550//571 549//570
f 537//558 538//559 550//571
f 538//559 551//572 550//571
f 538//559 539//560 551//572
f 539//560 552//573 551//572
f 539//560 540//561 552//573
f 540//561 541//562 552//573
f 540//561 529//550 541//562
f 541//562 554//575 553//574
f 541//562 542//563 554//575
f 542//563 555//576 554//575
f 542//563 543//564 555//576
f 543//564 556//577 555//576
f 543//564 544//565 556//577
f 544//565 557//578 556//577
f 544//565 545//566 557//578
f 545//566 558//579 557//578
f 545//566 546//567 558//579
f 546//567 559//580 558//579
f 546//567 547//568 559//580
f 547//568 560//581 559//580
f 547//568 548//569 560//581
f 548//569 561//582 560//581
f 548//569 549//570 561//582
f 549//570 562//583 561//582
f 549//570 550//571 562//583
f 550//571 563//584 562//583
f 550//571 551//572 563//584
f 551//572 564//585 563//584
f 551//572 552//573 564//585
f 552//573 553//574 564//585
f 552//573 541//562 553//574
f 553//574 566//587 565//586
f 553//574 554//575 566//587
f 554//575 567//588 566//587
f 554//575 555//576 567//588
f 555//576 568//589 567//588
f 555//576 556//577 568//589
f 556//577 569//590 568//589
f 556//577 557//578 569//590
f 557//578 570//591 569//590
f 557//578 558//579 570//591
f 558//579 571//592 570//591
f 558//579 559//580 571//592
f 559//580 572//593 571//592
f 559//580 560//581 572//593
f 560//581 573//594 572//593
f 560//581 561//582 573//594
f 561//582 574//595 573//594
f 561//582 562//583 574//595
f 562//583 575//596 574//595
f 562//583 563//584 575//596
f 563//584 576//597 575//596
f 563//584 564//585 576//597
f 564//585 565//586 576//597
f 564//585 553//574 565//586
f 565//586 578//599 577//598
f 565//586 566//587 578//599
f 566//587 579//600 578//599
f 566//587 567//588 579//600
f 567//588 580//601 579//600
f 567//588 568//589 580//601
f 568//589 581//602 580//601
f 568//589 569//590 581//602
f 569//590 582//603 581//602
f 569//590 570//591 582//603
f 570//591 583//604 582//603
f 570//591 571//592 583//604
f 571//592 584//605 583//604
f 571//592 572//593 584//605
f 572//593 585//606 584//605
f 572//593 573//594 585//606
f 573//594 586//607 585//606
f 573//594 574//595 586//607
f 574//595 587//608 586//607
f 574//595 575//596 587//608
f 575//596 588//609 587//608
f 575//596 576//597 588//609
f 576//597 577//598 588//609
f 576//597 565//586 577//598
f 577//598 590//611 589//610
f 577//598 578//599 590//611
f 578//599 591//612 590//611
f 578//599 579//600 591//612
f 579//600 592//613 591//612
f 579//600 580//601 592//613
f 580//601 593//614 592//613
f 580//601 581//602 593//614
f 581//602 594//615 593//614
f 581//602 582//603 594//615
f 582//603 595//616 594//615
f 582//603 583//604 595//616
f 583//604 596//617 595//616
f 583//604 584//605 596//617
f 584//605 597//618 596//617
f 584//605 585//606 597//618
f 585//606 598//619 597//618
f 585//606 586//607 598//619
f 586//607 599//620 598//619
f 586//607 587//608 599//620
f 587//608 600//621 599//620
f 587//608 588//609 600//621
f 588//609 589//610 600//621
f 588//609 577//598 589//610
f 589//610 602//623 601//622
f 589//610 590//611 602//623
f 590//611 603//624 602//623
f 590//611 591//612 603//624
f 591//612 604//625 603//624
f 591//612 592//613 604//625
f 592//613 605//626 604//625
f 592//613 593//614 605//626
f 593//614 606//627 605//626
f 593//614 594//615 606//627
f 594//615 607//628 606//627
f 594//615 595//616 607//628
f 595//616 608//629 607//628
f 595//616 596//617 608//629
f 596//617 609//630 608//629
f 596//617 597//618 609//630
f 597//618 610//631 609//630
f 597//618 598//619 610//631
f 598//619 611//632 610//631
f 598//619 599//620 611//632
f 599//620 612//633 611//632
f 599//620 600//621 612//633
f 600//621 601//622 612//633
f 600//621 589//610 601//622
f 601//622 614//635 613//634
f 601//622 602//623 614//635
f 602//623 615//636 614//635
f 602//623 603//624 615//636
f 603//624 616//637 615//636
f 603//624 604//625 616//637
f 604//625 617//638 616//637
f 604//625 605//626 617//638
f 605//626 618//639 617//638
f 605//626 606//627 618//639
f 606//627 619//640 618//639
f 606//627 607//628 619//640
f 607//628 620//641 619//640
f 607//628 608//629 620//641
f 608//629 621//642 620//641
f 608//629 609//630 621//642
f 609//630 622//643 621//642
f 609//630 610//631 622//643
f 610//631 623//644 622//643
f 610//631 611//632 623//644
f 611//632 624//645 623//644
f 611//632 612//633 624//645
f 612//633 613//634 624//645
f 612//633 601//622 613//634
f 613//634 626//647 625//646
f 613//634 614//635 626//647
f 614//635 627//648 626//647
f 614//635 615//636 627//648
f 615//636 628//649 627//648
f 615//636 616//637 628//649
f 616//637 629//650 628//649
f 616//637 617//638 629//650
f 617//638 630//651 629//650
f 617//638 618//639 630//651
f 618//639 631//652 630//651
f 618//639 619//640 631//652
f 619//640 632//653 631//652
f 619//640 620//641 632//653
f 620//641 633//654 632//653
f 620//641 621//642 633//654
f 621//642 634//655 633//654
f 621//642 622//643 634//655
f 622//643 635//656 634//655
f 622//643 623//644 635//656
f 623//644 636//657 635//656
f 623//644 624//645 636//657
f 624//645 625//646 636//657
f 624//645 613//634 625//646
f 625//646 638//659 637//658
f 625//646 626//647 638//659
f 626//647 639//660 638//659
f 626//647 627//648 639//660
f 627//648 640//661 639//660
f 627//648 628//649 640//661
f 628//649 641//662 640//661
f 628//649 629//650 641//662
f 629//650 642//663 641//662
f 629//650 630//651 642//663
f 630//651 643//664 642//663
f 630//651 631//652 643//664
f 631//652 644//665 643//664
f 631//652 632//653 644//665
f 632//653 645//666 644//665
f 632//653 633//654 645//666
f 633//654 646//667 645//666
f 633//654 634//655 646//667
f 634//655 647//668 646//667
f 634//655 635//656 647//668
f 635//656 648//669 647//668
f 635//656 636//657 648//669
f 636//657 637//658 648//669
f 636//657 625//646 637//658
f 637//658 650//671 649//670
f 637//658 638//659 650//671
f 638//659 651//672 650//671
f 638//659 639//660 651//672
f 639//660 652//673 651//672
f 639//660 640//661 652//673
f 640//661 653//674 652//673
f 640//661 641//662 653//674
f 641//662 654//675 653//674
f 641//662 642//663 654//675
f 642//663 655//676 654//675
f 642//663 643//664 655//676
f 643//664 656//677 655//676
f 643//664 644//665 656//677
f 644//665 657//678 656//677
f 644//665 645//666 657//678
f 645//666 658//679 657//678
f 645//666 646//667 658//679
f 646//667 659//680 658//679
f 646//667 647//668 659//680
f 647//668 660//681 659//680
f 647//668 648//669 660//681
f 648//669 649//670 660//681
f 648//669 637//658 649//670
f 649//670 662//683 661//682
f 649//670 650//671 662//683
f 650//671 663//684 662//683
f 650//671 651//672 663//684
f 651//672 664//685 663//684
f 651//672 652//673 664//685
f 652//673 665//686 664//685
f 652//673 653//674 665//686
f 653//674 666//687 665//686
f 653//674 654//675 666//687
f 654//675 667//688 666//687
f 654//675 655//676 667//688
f 655//676 668//689 667//688
f 655//676 656//677 668//689
f 656//677 669//690 668//689
f 656//677 657//678 669//690
f 657//678 670//691 669//690
f 657//678 658//679 670//691
f 658//679 671//692 670//691
f 658//679 659//680 671//692
f 659//680 672//693 671//692
f 659//680 660//681 672//693
f 660//681 661//682 672//693
f 660//681 649//670 661//682
f 661//682 674//695 673//694
f 661//682 662//683 674//695
f 662//683 675//696 674//695
f 662//683 663//684 675//696
f 663//684 676//697 675//696
f 663//684 664//685 676//697
f 664//685 677//698 676//697
f 664//685 665//686 677//698
f 665//686 678//699 677//698
f 665//686 666//687 678//699
f 666//687 679//700 678//699
f 666//687 667//688 679//700
f 667//688 680//701 679//700
f 667//688 668//689 680//701
f 668//689 681//702 680//701
f 668//689 669//690 681//702
f 669//690 682//703 681//702
f 669//690 670//691 682//703
f 670//691 683//704 682//703
f 670//691 671//692 683//704
f 671//692 684//705 683//704
f 671//692 672//693 684//705
f 672//693 673//694 684//705
f 672//693 661//682 673//694
f 673//694 686//707 685//706
f 673//694 674//695 686//707
f 674//695 687//708 686//707
f 674//695 675//696 687//708
f 675//696 688//709 687//708
f 675//696 676//697 688//709
f 676//697 689//710 688//709
f 676//697 677//698 689//710
f 677//698 690//711 689//710
f 677//698 678//699 690//711
f 678//699 691//712 690//711
f 678//699 679//700 691//712
f 679//700 692//713 691//712
f 679//700 680//701 692//713
f 680//701 693//714 692//713
f 680//701 681//702 693//714
f 681//702 694//715 693//714
f 681//702 682//703 694//715
f 682//703 695//716 694//715
f 682//703 683//704 695//716
f 683//704 696//717 695//716
f 683//704 684//705 696//717
f 684//705 685//706 696//717
f 684//705 673//694 685//706
f 685//706 698//719 697//718
f 685//706 686//707 698//719
f 686//707 699//720 698//719
f 686//707 687//708 699//720
f 687//708 700//721 699//720
f 687//708 688//709 700//721
f 688//709 701//722 700//721
f 688//709 689//710 701//722
f 689//710 702//723 701//722
f 689//710 690//711 702//723
f 690//711 703//724 702//723
f 690//711 691//712 703//724
f 691//712 704//725 703//724
f 691//712 692//713 704//725
f 692//713 705//726 704//725
f 692//713 693//714 705//726
f 693//714 706//727 705//726
f 693//714 694//715 706//727
f 694//715 707//728 706//727
f 694//715 695//716 707//728
f 695//716 708//729 707//728
f 695//716 696//717 708//729
f 696//717 697//718 708//729
f 696//717 685//706 697//718
f 697//718 710//731 709//730
f 697//718 698//719 710//731
f 698//719 711//732 710//731
f 698//719 699//720 711//732
f 699//720 712//733 711//732
f 699//720 700//721 712//733
f 700//721 713//734 712//733
f 700//721 701//722 713//734
f 701//722 714//735 713//734
f 701//722 702//723 714//735
f 702//723 715//736 714//735
f 702//723 703//724 715//736
f 703//724 716//737 715//736
f 703//724 704//725 716//737
f 704//725 717//738 716//737
f 704//725 705//726 717//738
f 705//726 718//739 717//738
f 705//726 706//727 718//739
f 706//727 719//740 718//739
f 706//727 707//728 719//740
f 707//728 720//741 719//740
f 707//728 708//729 720//741
f 708//729 709//730 720//741
f 708//729 697//718 709//730
f 709//730 722//743 721//742
f 709//730 710//731 722//743
f 710//731 723//744 722//743
f 710//731 711//732 723//744
f 711//732 724//745 723//744
f 711//732 712//733 724//745
f 712//733 725//746 724//745
f 712//733 713//734 725//746
f 713//734 726//747 725//746
f 713//734 714//735 726//747
f 714//735 727//748 726//747
f 714//735 715//736 727//748
f 715//736 728//749 727//748
f 715//736 716//737 728//749
f 716//737 729//750 728//749
f 716//737 717//738 729//750
f 717//738 730//751 729//750
f 717//738 718//739 730//751
f 718//739 731//752 730//751
f 718//739 719//740 731//752
f 719//740 732//753 731//752
f 719//740 720//741 732//753
f 720//741 721//742 732//753
f 720//741 709//730 721//742
f 721//742 734//755 733//754
f 721//742 722//743 734//755
f 722//743 735//756 734//755
f 722//743 723//744 735//756
f 723//744 736//757 735//756
f 723//744 724//745 736//757
f 724//745 737//758 736//757
f 724//745 725//746 737//758
f 725//746 738//759 737//758
f 725//746 726//747 738//759
f 726//747 739//760 738//759
f 726//747 727//748 739//760
f 727//748 740//761 739//760
f 727//748 728//749 740//761
f 728//749 741//762 740//761
f 728//749 729//750 741//762
f 729//750 742//763 741//762
f 729//750 730//751 742//763
f 730//751 743//764 742//763
f 730//751 731//752 743//764
f 731//752 744//765 743//764
f 731//752 732//753 744//765
f 732//753 733//754 744//765
f 732//753 721//742 733//754
f 733//754 746//767 745//766
f 733//754 734//755 746//767
f 734//755 747//768 746//767
f 734//755 735//756 747//768
f 735//756 748//769 747//768
f 735//756 736//757 748//769
f 736//757 749//770 748//769
f 736//757 737//758 749//770
f 737//758 750//771 749//770
f 737//758 738//759 750//771
f 738//759 751//772 750//771
f 738//759 739//760 751//772
f 739//760 752//773 751//772
f 739//760 740//761 752//773
f 740//761 753//774 752//773
f 740//761 741//762 753//774
f 741//762 754//775 753//774
f 741//762 742//763 754//775
f 742//763 755//776 754//775
f 742//763 743//764 755//776
f 743//764 756//777 755//776
f 743//764 744//765 756//777
f 744//765 745//766 756//777
f 744//765 733//754 745//766
f 745//766 758//779 757//778
f 745//766 746//767 758//779
f 746//767 759//780 758//779
f 746//767 747//768 759//780
f 747//768 760//781 759//780
f 747//768 748//769 760//781
f 748//769 761//782 760//781
f 748//769 749//770 761//782
f 749//770 762//783 761//782
f 749//770 750//771 762//783
f 750//771 763//784 762//783
f 750//771 751//772 763//784
f 751//772 764//785 763//784
f 751//772 752//773 764//785
f 752//773 765//786 764//785
f 752//773 753//774 765//786
f 753//774 766//787 765//786
f 753//774 754//775 766//787
f 754//775 767//788 766//787
f 754//775 755//776 767//788
f 755//776 768//789 767//788
f 755//776 756//777 768//789
f 756//777 757//778 768//789
f 756//777 745//766 757//778
f 757//778 770//791 769//790
f 757//778 758//779 770//791
f 758//779 771//792 770//791
f 758//779 759//780 771//792
f 759//780 772//793 771//792
f 759//780 760//781 772//793
f 760//781 773//794 772//793
f 760//781 761//782 773//794
f 761//782 774//795 773//794
f 761//782 762//783 774//795
f 762//783 775//796 774//795
f 762//783 763//784 775//796
f 763//784 776//797 775//796
f 763//784 764//785 776//797
f 764//785 777//798 776//797
f 764//785 765//786 777//798
f 765//786 778//799 777//798
f 765//786 766//787 778//799
f 766//787 779//800 778//799
f 766//787 767//788 779//800
f 767//788 780//801 779//800
f 767//788 768//789 780//801
f 768//789 769//790 780//801
f 768//789 757//778 769//790
f 769//790 782//803 781//802
f 769//790 770//791 782//803
f 770//791 783//804 782//803
f 770//791 771//792 783//804
f 771//792 784//805 783//804
f 771//792 772//793 784//805
f 772//793 785//806 784//805
f 772//793 773//794 785//806
f 773//794 786//807 785//806
f 773//794 774//795 786//807
f 774//795 787//808 786//807
f 774//795 775//796 787//808
f 775//796 788//809 787//808
f 775//796 776//797 788//809
f 776//797 789//810 788//809
f 776//797 777//798 789//810
f 777//798 790//811 789//810
f 777//798 778//799 790//811
f 778//799 791//812 790//811
f 778//799 779//800 791//812
f 779//800 792//813 791//812
f 779//800 780//801 792//813
f 780//801 781//802 792//813
f 780//801 769//790 781//802
f 781//802 794//815 793//814
f 781//802 782//803 794//815
f 782//803 795//816 794//815
f 782//803 783//804 795//816
f 783//804 796//817 795//816
f 783//804 784//805 796//817
f 784//805 797//818 796//817
f 784//805 785//806 797//818
f 785//806 798//819 797//818
f 785//806 786//807 798//819
f 786//807 799//820 798//819
f 786//807 787//808 799//820
f 787//808 800//821 799//820
f 787//808 788//809 800//821
f 788//809 801//822 800//821
f 788//809 789//810 801//822
f 789//810 802//823 801//822
f 789//810 790//811 802//823
f 790//811 803//824 802//823
f 790//811 791//812 803//824
f 791//812 804//825 803//824
f 791//812 792//813 804//825
f 792//813 793//814 804//825
f 792//813 781//802 793//814
f 793//814 806//827 805//826
f 793//814 794//815 806//827
f 794//815 807//828 806//827
f 794//815 795//816 807//828
f 795//816 808//829 807//828
f 795//816 796//817 808//829
f 796//817 809//830 808//829
f 796//817 797//818 809//830
f 797//818 810//831 809//830
f 797//818 798//819 810//831
f 798//819 811//832 810//831
f 798//819 799//820 811//832
f 799//820 812//833 811//832
f 799//820 800//821 812//833
f 800//821 813//834 812//833
f 800//821 801//822 813//834
f 801//822 814//835 813//834
f 801//822 802//823 814//835
f 802//823 815//836 814//835
f 802//823 803//824 815//836
f 803//824 816//837 815//836
f 803//824 804//825 816//837
f 804//825 805//826 816//837
f 804//825 793//814 805//826
f 805//826 818//839 817//838
f 805//826 806//827 818//839
f 806//827 819//840 818//839
f 806//827 807//828 819//840
f 807//828 820//841 819//840
f 807//828 808//829 820//841
f 808//829 821//842 820//841
f 808//829 809//830 821//842
f 809//830 822//843 821//842
f 809//830 810//831 822//843
f 810//831 823//844 822//843
f 810//831 811//832 823//844
f 811//832 824//845 823//844
f 811//832 812//833 824//845
f 812//833 825//846 824//845
f 812//833 813//834 825//846
f 813//834 826//847 825//846
f 813//834 814//835 826//847
f 814//835 827//848 826//847
f 814//835 815//836 827//848
f 815//836 828//849 827//848
f 815//836 816//837 828//849
f 816//837 817//838 828//849
f 816//837 805//826 817//838
f 817//838 830//851 829//850
f 817//838 818//839 830//851
f 818//839 831//852 830//851
f 818//839 819//840 831//852
f 819//840 832//853 831//852
f 819//840 820//841 832//853
f 820//841 833//854 832//853
f 820//841 821//842 833//854
f 821//842 834//855 833//854
f 821//842 822//843 834//855
f 822//843 835//856 834//855
f 822//843 823//844 835//856
f 823//844 836//857 835//856
f 823//844 824//845 836//857
f 824//845 837//858 836//857
f 824//845 825//846 837//858
f 825//846 838//859 837//858
f 825//846 826//847 838//859
f 826//847 839//860 838//859
f 826//847 827//848 839//860
f 827//848 840//861 839//860
f 827//848 828//849 840//861
f 828//849 829//850 840//861
f 828//849 817//838 829//850
f 829//850 842//863 841//862
f 829//850 830//851 842//863
f 830//851 843//864 842//863
f 830//851 831//852 843//864
f 831//852 844//865 843//864
f 831//852 832//853 844//865
f 832//853 845//866 844//865
f 832//853 833//854 845//866
f 833//854 846//867 845//866
f 833//854 834//855 846//867
f 834//855 847//868 846//867
f 834//855 835//856 847//868
f 835//856 848//869 847//868
f 835//856 836//857 848//869
f 836//857 849//870 848//869
f 836//857 837//858 849//870
f 837//858 850//871 849//870
f 837//858 838//859 850//871
f 838//859 851//872 850//871
f 838//859 839//860 851//872
f 839//860 852//873 851//872
f 839//860 840//861 852//873
f 840//861 841//862 852//873
f 840//861 829//850 841//862
f 841//862 854//875 853//874
f 841//862 842//863 854//875
f 842//863 855//876 854//875
f 842//863 843//864 855//876
f 843//864 856//877 855//876
f 843//864 844//865 856//877
f 844//865 857//878 856//877
f 844//865 845//866 857//878
f 845//866 858//879 857//878
f 845//866 846//867 858//879
f 846//867 859//880 858//879
f 846//867 847//868 859//880
f 847//868 860//881 859//880
f 847//868 848//869 860//881
f 848//869 861//882 860//881
f 848//869 849//870 861//882
f 849//870 862//883 861//882
f 849//870 850//871 862//883
f 850//871 863//884 862//883
f 850//871 851//872 863//884
f 851//872 864//885 863//884
f 851//872 852//873 864//885
f 852//873 853//874 864//885
f 852//873 841//862 853//874
f 853//874 866//887 865//886
f 853//874 854//875 866//887
f 854//875 867//888 866//887
f 854//875 855//876 867//888
f 855//876 868//889 867//888
f 855//876 856//877 868//889
f 856//877 869//890 868//889
f 856//877 857//878 869//890
f 857//878 870//891 869//890
f 857//878 858//879 870//891
f 858//879 871//892 870//891
f 858//879 859//880 871//892
f 859//880 872//893 871//892
f 859//880 860//881 872//893
f 860//881 873//894 872//893
f 860//881 861//882 873//894
f 861//882 874//895 873//894
f 861//882 862//883 874//895
f 862//883 875//896 874//895
f 862//883 863//884 875//896
f 863//884 876//897 875//896
f 863//884 864//885 876//897
f 864//885 865//886 876//897
f 864//885 853//874 865//886
f 865//886 878//899 877//898
f 865//886 866//887 878//899
f 866//887 879//900 878//899
f 866//887 867//888 879//900
f 867//888 880//901 879//900
f 867//888 868//889 880//901
f 868//889 881//902 880//901
f 868//889 869//890 881//902
f 869//890 882//903 881//902
f 869//890 870//891 882//903
f 870//891 883//904 882//903
f 870//891 871//892 883//904
f 871//892 884//905 883//904
f 871//892 872//893 884//905
f 872//893 885//906 884//905
f 872//893 873//894 885//906
f 873//894 886//907 885//906
f 873//894 874//895 886//907
f 874//895 887//908 886//907
f 874//895 875//896 887//908
f 875//896 888//909 887//908
f 875//896 876//897 888//909
f 876//897 877//898 888//909
f 876//897 865//886 877//898
f 877//898 890//911 889//910
f 877//898 878//899 890//911
f 878//899 891//912 890//911
f 878//899 879//900 891//912
f 879//900 892//913 891//912
f 879//900 880//901 892//913
f 880//901 893//914 892//913
f 880//901 881//902 893//914
f 881//902 894//915 893//914
f 881//902 882//903 894//915
f 882//903 895//916 894//915
f 882//903 883//904 895//916
f 883//904 896//917 895//916
f 883//904 884//905 896//917
f 884//905 897//918 896//917
f 884//905 885//906 897//918
f 885//906 898//919 897//918
f 885//906 886//907 898//919
f 886//907 899//920 898//919
f 886//907 887//908 899//920
f 887//908 900//921 899//920
f 887//908 888//909 900//921
f 888//909 889//910 900//921
f 888//909 877//898 889//910
f 889//910 902//923 901//922
f 889//910 890//911 902//923
f 890//911 903//924 902//923
f 890//911 891//912 903//924
f 891//912 904//925 903//924
f 891//912 892//913 904//925
f 892//913 905//926 904//925
f 892//913 893//914 905//926
f 893//914 906//927 905//926
f 893//914 894//915 906//927
f 894//915 907//928 906//927
f 894//915 895//916 907//928
f 895//916 908//929 907//928
f 895//916 896//917 908//929
f 896//917 909//930 908//929
f 896//917 897//918 909//930
f 897//918 910//931 909//930
f 897//918 898//919 910//931
f 898//919 911//932 910//931
f 898//919 899//920 911//932
f 899//920 912//933 911//932
f 899//920 900//921 912//933
f 900//921 901//922 912//933
f 900//921 889//910 901//922
f 901//922 914//935 913//934
f 901//922 902//923 914//935
f 902//923 915//936 914//935
f 902//923 903//924 915//936
f 903//924 916//937 915//936
f 903//924 904//925 916//937
f 904//925 917//938 916//937
f 904//925 905//926 917//938
f 905//926 918//939 917//938
f 905//926 906//927 918//939
f 906//927 919//940 918//939
f 906//927 907//928 919//940
f 907//928 920//941 919//940
f 907//928 908//929 920//941
f 908//929 921//942 920//941
f 908//929 909//930 921//942
f 909//930 922//943 921//942
f 909//930 910//931 922//943
f 910//931 923//944 922//943
f 910//931 911//932 923//944
f 911//932 924//945 923//944
f 911//932 912//933 924//945
f 912//933 913//934 924//945
f 912//933 901//922 913//934
f 913//934 926//947 925//946
f 913//934 914//935 926//947
f 914//935 927//948 926//947
f 914//935 915//936 927//948
f 915//936 928//949 927//948
f 915//936 916//937 928//949
f 916//937 929//950 928//949
f 916//937 917//938 929//950
f 917//938 930//951 929//950
f 917//938 918//939 930//951
f 918//939 931//952 930//951
f 918//939 919//940 931//952
f 919//940 932//953 931//952
f 919//940 920//941 932//953
f 920//941 933//954 932//953
f 920//941 921//942 933//954
f 921//942 934//955 933//954
f 921//942 922//943 934//955
f 922//943 935//956 934//955
f 922//943 923//944 935//956
f 923//944 936//957 935//956
f 923//944 924//945 936//957
f 924//945 925//946 936//957
f 924//945 913//934 925//946
f 925//946 938//959 937//958
f 925//946 926//947 938//959
f 926//947 939//960 938//959
f 926//947 927//948 939//960
f 927//948 940//961 939//960
f 927//948 928//949 940//961
f 928//949 941//962 940//961
f 928//949 929//950 941//962
f 929//950 942//963 941//962
f 929//950 930//951 942//963
f 930//951 943//964 942//963
f 930//951 931//952 943//964
f 931//952 944//965 943//964
f 931//952 932//953 944//965
f 932//953 945//966 944//965
f 932//953 933//954 945//966
f 933//954 946//967 945//966
f 933//954 934//955 946//967
f 934//955 947//968 946//967
f 934//955 935//956 947//968
f 935//956 948//969 947//968
f 935//956 936//957 948//969
f 936//957 937//958 948//969
f 936//957 925//946 937//958
f 937//958 950//971 949//970
f 937//958 938//959 950//971
f 938//959 951//972 950//971
f 938//959 939//960 951//972
f 939//960 952//973 951//972
f 939//960 940//961 952//973
f 940//961 953//974 952//973
f 940//961 941//962 953//974
f 941//962 954//975 953//974
f 941//962 942//963 954//975
f 942//963 955//976 954//975
f 942//963 943//964 955//976
f 943//964 956//977 955//976
f 943//964 944//965 956//977
f 944//965 957//978 956//977
f 944//965 945//966 957//978
f 945//966 958//979 957//978
f 945//966 946//967 958//979
f 946//967 959//980 958//979
f 946//967 947//968 959//980
f 947//968 960//981 959//980
f 947//968 948//969 960//981
f 948//969 949//970 960//981
f 948//969 937//958 949//970
f 949//970 962//983 961//982
f 949//970 950//971 962//983
f 950//971 963//984 962//983
f 950//971 951//972 963//984
f 951//972 964//985 963//984
f 951//972 952//973 964//985
f 952//973 965//986 964//985
f 952//973 953//974 965//986
f 953//974 966//987 965//986
f 953//974 954//975 966//987
f 954//975 967//988 966//987
f 954//975 955//976 967//988
f 955//976 968//989 967//988
f 955//976 956//977 968//989
f 956//977 969//990 968//989
f 956//977 957//978 969//990
f 957//978 970//991 969//990
f 957//978 958//979 970//991
f 958//979 971//992 970//991
f 958//979 959//980 971//992
f 959//980 972//993 971//992
f 959//980 960//981 972//993
f 960//981 961//982 972//993
f 960//981 949//970 961//982
f 961//982 974//995 973//994
f 961//982 962//983 974//995
f 962//983 975//996 974//995
f 962//983 963//984 975//996
f 963//984 976//997 975//996
f 963//984 964//985 976//997
f 964//985 977//998 976//997
f 964//985 965//986 977//998
f 965//986 978//999 977//998
f 965//986 966//987 978//999
f 966//987 979//1000 978//999
f 966//987 967//988 979//1000
f 967//988 980//1001 979//1000
f 967//988 968//989 980//1001
f 968//989 981//1002 980//1001
f 968//989 969//990 981//1002
f 969//990 982//1003 981//1002
f 969//990 970//991 982//1003
f 970//991 983//1004 982//1003
f 970//991 971//992 983//1004
f 971//992 984//1005 983//1004
f 971//992 972//993 984//1005
f 972//993 973//994 984//1005
f 972//993 961//982 973//994
f 973//994 986//1007 985//1006
f 973//994 974//995 986//1007
f 974//995 987//1008 986//1007
f 974//995 975//996 987//1008
f 975//996 988//1009 987//1008
f 975//996 976//997 988//1009
f 976//997 989//1010 988//1009
f 976//997 977//998 989//1010
f 977//998 990//1011 989//1010
f 977//998 978//999 990//1011
f 978//999 991//1012 990//1011
f 978//999 979//1000 991//1012
f 979//1000 992//1013 991//1012
f 979//1000 980//1001 992//1013
f 980//1001 993//1014 992//1013
f 980//1001 981//1002 993//1014
f 981//1002 994//1015 993//1014
f 981//1002 982//1003 994//1015
f 982//1003 995//1016 994//1015
f 982//1003 983//1004 995//1016
f 983//1004 996//1017 995//1016
f 983//1004 984//1005 996//1017
f 984//1005 985//1006 996//1017
f 984//1005 973//994 985//1006
f 985//1006 998//1019 997//1018
f 985//1006 986//1007 998//1019
f 986//1007 999//1020 998//1019
f 986//1007 987//1008 999//1020
f 987//1008 1000//1021 999//1020
f 987//1008 988//1009 1000//1021
f 988//1009 1001//1022 1000//1021
f 988//1009 989//1010 1001//1022
f 989//1010 1002//1023 1001//1022
f 989//1010 990//1011 1002//1023
f 990//1011 1003//1024 1002//1023
f 990//1011 991//1012 1003//1024
f 991//1012 1004//1025 1003//1024
f 991//1012 992//1013 1004//1025
f 992//1013 1005//1026 1004//1025
f 992//1013 993//1014 1005//1026
f 993//1014 1006//1027 1005//1026
f 993//1014 994//1015 1006//1027
f 994//1015 1007//1028 1006//1027
f 994//1015 995//1016 1007//1028
f 995//1016 1008//1029 1007//1028
f 995//1016 996//1017 1008//1029
f 996//1017 997//1018 1008//1029
f 996//1017 985//1006 997//1018
f 997//1018 1010//1031 1009//1030
f 997//1018 998//1019 1010//1031
f 998//1019 1011//1032 1010//1031
f 998//1019 999//1020 1011//1032
f 999//1020 1012//1033 1011//1032
f 999//1020 1000//1021 1012//1033
f 1000//1021 1013//1034 1012//1033
f 1000//1021 1001//1022 1013//1034
f 1001//1022 1014//1035 1013//1034
f 1001//1022 1002//1023 1014//1035
f 1002//1023 1015//1036 1014//1035
f 1002//1023 1003//1024 1015//1036
f 1003//1024 1016//1037 1015//1036
f 1003//1024 1004//1025 1016//1037
f 1004//1025 1017//1038 1016//1037
f 1004//1025 1005//1026 1017//1038
f 1005//1026 1018//1039 1017//1038
f 1005//1026 1006//1027 1018//1039
f 1006//1027 1019//1040 1018//1039
f 1006//1027 1007//1028 1019//1040
f 1007//1028 1020//1041 1019//1040
f 1007//1028 1008//1029 1020//1041
f 1008//1029 1009//1030 1020//1041
f 1008//1029 997//1018 1009//1030
f 1009//1030 1022//1043 1021//1042
f 1009//1030 1010//1031 1022//1043
f 1010//1031 1023//1044 1022//1043
f 1010//1031 1011//1032 1023//1044
f 1011//1032 1024//1045 1023//1044
f 1011//1032 1012//1033 1024//1045
f 1012//1033 1025//1046 1024//1045
f 1012//1033 1013//1034 1025//1046
f 1013//1034 1026//1047 1025//1046
f 1013//1034 1014//1035 1026//1047
f 1014//1035 1027//1048 1026//1047
f 1014//1035 1015//1036 1027//1048
f 1015//1036 1028//1049 1027//1048
f 1015//1036 1016//1037 1028//1049
f 1016//1037 1029//1050 1028//1049
f 1016//1037 1017//1038 1029//1050
f 1017//1038 1030//1051 1029//1050
f 1017//1038 1018//1039 1030//1051
f 1018//1039 1031//1052 1030//1051
f 1018//1039 1019//1040 1031//1052
f 1019//1040 1032//1053 1031//1052
f 1019//1040 1020//1041 1032//1053
f 1020//1041 1021//1042 1032//1053
f 1020//1041 1009//1030 1021//1042
f 1021//1042 1034//1055 1033//1054
f 1021//1042 1022//1043 1034//1055
f 1022//1043 1035//1056 1034//1055
f 1022//1043 1023//1044 1035//1056
f 1023//1044 1036//1057 1035//1056
f 1023//1044 1024//1045 1036//1057
f 1024//1045 1037//1058 1036//1057
f 1024//1045 1025//1046 1037//1058
f 1025//1046 1038//1059 1037//1058
f 1025//1046 1026//1047 1038//1059
f 1026//1047 1039//1060 1038//1059
f 1026//1047 1027//1048 1039//1060
f 1027//1048 1040//1061 1039//1060
f 1027//1048 1028//1049 1040//1061
f 1028//1049 1041//1062 1040//1061
f 1028//1049 1029//1050 1041//1062
f 1029//1050 1042//1063 1041//1062
f 1029//1050 1030//1051 1042//1063
f 1030//1051 1043//1064 1042//1063
f 1030//1051 1031//1052 1043//1064
f 1031//1052 1044//1065 1043//1064
f 1031//1052 1032//1053 1044//1065
f 1032//1053 1033//1054 1044//1065
f 1032//1053 1021//1042 1033//1054
f 1033//1054 1046//1067 1045//1066
f 1033//1054 1034//1055 1046//1067
f 1034//1055 1047//1068 1046//1067
f 1034//1055 1035//1056 1047//1068
f 1035//1056 1048//1069 1047//1068
f 1035//1056 1036//1057 1048//1069
f 1036//1057 1049//1070 1048//1069
f 1036//1057 1037//1058 1049//1070
f 1037//1058 1050//1071 1049//1070
f 1037//1058 1038//1059 1050//1071
f 1038//1059 1051//1072 1050//1071
f 1038//1059 1039//1060 1051//1072
f 1039//1060 1052//1073 1051//1072
f 1039//1060 1040//1061 1052//1073
f 1040//1061 1053//1074 1052//1073
f 1040//1061 1041//1062 1053//1074
f 1041//1062 1054//1075 1053//1074
f 1041//1062 1042//1063 1054//1075
f 1042//1063 1055//1076 1054//1075
f 1042//1063 1043//1064 1055//1076
f 1043//1064 1056//1077 1055//1076
f 1043//1064 1044//1065 1056//1077
f 1044//1065 1045//1066 1056//1077
f 1044//1065 1033//1054 1045//1066
f 1045//1066 1058//1079 1057//1078
f 1045//1066 1046//1067 1058//1079
f 1046//1067 1059//1080 1058//1079
f 1046//1067 1047//1068 1059//1080
f 1047//1068 1060//1081 1059//1080
f 1047//1068 1048//1069 1060//1081
f 1048//1069 1061//1082 1060//1081
f 1048//1069 1049//1070 1061//1082
f 1049//1070 1062//1083 1061//1082
f 1049//1070 1050//1071 1062//1083
f 1050//1071 1063//1084 1062//1083
f 1050//1071 1051//1072 1063//1084
f 1051//1072 1064//1085 1063//1084
f 1051//1072 1052//1073 1064//1085
f 1052//1073 1065//1086 1064//1085
f 1052//1073 1053//1074 1065//1086
f 1053//1074 1066//1087 1065//1086
f 1053//1074 1054//1075 1066//1087
f 1054//1075 1067//1088 1066//1087
f 1054//1075 1055//1076 1067//1088
f 1055//1076 1068//1089 1067//1088
f 1055//1076 1056//1077 1068//1089
f 1056//1077 1057//1078 1068//1089
f 1056//1077 1045//1066 1057//1078
f 1057//1078 1070//1091 1069//1090
f 1057//1078 1058//1079 1070//1091
f 1058//1079 1071//1092 1070//1091
f 1058//1079 1059//1080 1071//1092
f 1059//1080 1072//1093 1071//1092
f 1059//1080 1060//1081 1072//1093
f 1060//1081 1073//1094 1072//1093
f 1060//1081 1061//1082 1073//1094
f 1061//1082 1074//1095 1073//1094
f 1061//1082 1062//1083 1074//1095
f 1062//1083 1075//1096 1074//1095
f 1062//1083 1063//1084 1075//1096
f 1063//1084 1076//1097 1075//1096
f 1063//1084 1064//1085 1076//1097
f 1064//1085 1077//1098 1076//1097
f 1064//1085 1065//1086 1077//1098
f 1065//1086 1078//1099 1077//1098
f 1065//1086 1066//1087 1078//1099
f 1066//1087 1079//1100 1078//1099
f 1066//1087 1067//1088 1079//1100
f 1067//1088 1080//1101 1079//1100
f 1067//1088 1068//1089 1080//1101
f 1068//1089 1069//1090 1080//1101
f 1068//1089 1057//1078 1069//1090
f 1069//1090 1082//1103 1081//1102
f 1069//1090 1070//1091 1082//1103
f 1070//1091 1083//1104 1082//1103
f 1070//1091 1071//1092 1083//1104
f 1071//1092 1084//1105 1083//1104
f 1071//1092 1072//1093 1084//1105
f 1072//1093 1085//1106 1084//1105
f 1072//1093 1073//1094 1085//1106
f 1073//1094 1086//1107 1085//1106
f 1073//1094 1074//1095 1086//1107
f 1074//1095 1087//1108 1086//1107
f 1074//1095 1075//1096 1087//1108
f 1075//1096 1088//1109 1087//1108
f 1075//1096 1076//1097 1088//1109
f 1076//1097 1089//1110 1088//1109
f 1076//1097 1077//1098 1089//1110
f 1077//1098 1090//1111 1089//1110
f 1077//1098 1078//1099 1090//1111
f 1078//1099 1091//1112 1090//1111
f 1078//1099 1079//1100 1091//1112
f 1079//1100 1092//1113 1091//1112
f 1079//1100 1080//1101 1092//1113
f 1080//1101 1081//1102 1092//1113
f 1080//1101 1069//1090 1081//1102
f 1081//1102 1094//1115 1093//1114
f 1081//1102 1082//1103 1094//1115
f 1082//1103 1095//1116 1094//1115
f 1082//1103 1083//1104 1095//1116
f 1083//1104 1096//1117 1095//1116
f 1083//1104 1084//1105 1096//1117
f 1084//1105 1097//1118 1096//1117
f 1084//1105 1085//1106 1097//1118
f 1085//1106 1098//1119 1097//1118
f 1085//1106 1086//1107 1098//1119
f 1086//1107 1099//1120 1098//1119
f 1086//1107 1087//1108 1099//1120
f 1087//1108 1100//1121 1099//1120
f 1087//1108 1088//1109 1100//1121
f 1088//1109 1101//1122 1100//1121
f 1088//1109 1089//1110 1101//1122
f 1089//1110 1102//1123 1101//1122
f 1089//1110 1090//1111 1102//1123
f 1090//1111 1103//1124 1102//1123
f 1090//1111 1091//1112 1103//1124
f 1091//1112 1104//1125 1103//1124
f 1091//1112 1092//1113 1104//1125
f 1092//1113 1093//1114 1104//1125
f 1092//1113 1081//1102 1093//1114
f 1093//1114 1106//1127 1105//1126
f 1093//1114 1094//1115 1106//1127
f 1094//1115 1107//1128 1106//1127
f 1094//1115 1095//1116 1107//1128
f 1095//1116 1108//1129 1107//1128
f 1095//1116 1096//1117 1108//1129
f 1096//1117 1109//1130 1108//1129
f 1096//1117 1097//1118 1109//1130
f 1097//1118 1110//1131 1109//1130
f 1097//1118 1098//1119 1110//1131
f 1098//1119 1111//1132 1110//1131
f 1098//1119 1099//1120 1111//1132
f 1099//1120 1112//1133 1111//1132
f 1099//1120 1100//1121 1112//1133
f 1100//1121 1113//1134 1112//1133
f 1100//1121 1101//1122 1113//1134
f 1101//1122 1114//1135 1113//1134
f 1101//1122 1102//1123 1114//1135
f 1102//1123 1115//1136 1114//1135
f 1102//1123 1103//1124 1115//1136
f 1103//1124 1116//1137 1115//1136
f 1103//1124 1104//1125 1116//1137
f 1104//1125 1105//1126 1116//1137
f 1104//1125 1093//1114 1105//1126
f 1105//1126 1118//1139 1117//1138
f 1105//1126 1106//1127 1118//1139
f 1106//1127 1119//1140 1118//1139
f 1106//1127 1107//1128 1119//1140
f 1107//1128 1120//1141 1119//1140
f 1107//1128 1108//1129 1120//1141
f 1108//1129 1121//1142 1120//1141
f 1108//1129 1109//1130 1121//1142
f 1109//1130 1122//1143 1121//1142
f 1109//1130 1110//1131 1122//1143
f 1110//1131 1123//1144 1122//1143
f 1110//1131 1111//1132 1123//1144
f 1111//1132 1124//1145 1123//1144
f 1111//1132 1112//1133 1124//1145
f 1112//1133 1125//1146 1124//1145
f 1112//1133 1113//1134 1125//1146
f 1113//1134 1126//1147 1125//1146
f 1113//1134 1114//1135 1126//1147
f 1114//1135 1127//1148 1126//1147
f 1114//1135 1115//1136 1127//1148
f 1115//1136 1128//1149 1127//1148
f 1115//1136 1116//1137 1128//1149
f 1116//1137 1117//1138 1128//1149
f 1116//1137 1105//1126 1117//1138
f 1117//1138 1130//1151 1129//1150
f 1117//1138 1118//1139 1130//1151
f 1118//1139 1131//1152 1130//1151
f 1118//1139 1119//1140 1131//1152
f 1119//1140 1132//1153 1131//1152
f 1119//1140 1120//1141 1132//1153
f 1120//1141 1133//1154 1132//1153
f 1120//1141 1121//1142 1133//1154
f 1121//1142 1134//1155 1133//1154
f 1121//1142 1122//1143 1134//1155
f 1122//1143 1135//1156 1134//1155
f 1122//1143 1123//1144 1135//1156
f 1123//1144 1136//1157 1135//1156
f 1123//1144 1124//1145 1136//1157
f 1124//1145 1137//1158 1136//1157
f 1124//1145 1125//1146 1137//1158
f 1125//1146 1138//1159 1137//1158
f 1125//1146 1126//1147 1138//1159
f 1126//1147 1139//1160 1138//1159
f 1126//1147 1127//1148 1139//1160
f 1127//1148 1140//1161 1139//1160
f 1127//1148 1128//1149 1140//1161
f 1128//1149 1129//1150 1140//1161
f 1128//1149 1117//1138 1129//1150
f 1129//1150 1142//1163 1141//1162
f 1129//1150 1130//1151 1142//1163
f 1130//1151 1143//1164 1142//1163
f 1130//1151 1131//1152 1143//1164
f 1131//1152 1144//1165 1143//1164
f 1131//1152 1132//1153 1144//1165
f 1132//1153 1145//1166 1144//1165
f 1132//1153 1133//1154 1145//1166
f 1133//1154 1146//1167 1145//1166
f 1133//1154 1134//1155 1146//1167
f 1134//1155 1147//1168 1146//1167
f 1134//1155 1135//1156 1147//1168
f 1135//1156 1148//1169 1147//1168
f 1135//1156 1136//1157 1148//1169
f 1136//1157 1149//1170 1148//1169
f 1136//1157 1137//1158 1149//1170
f 1137//1158 1150//1171 1149//1170
f 1137//1158 1138//1159 1150//1171
f 1138//1159 1151//1172 1150//1171
f 1138//1159 1139//1160 1151//1172
f 1139//1160 1152//1173 1151//1172
f 1139//1160 1140//1161 1152//1173
f 1140//1161 1141//1162 1152//1173
f 1140//1161 1129//1150 1141//1162
f 1141//1162 1154//1175 1153//1174
f 1141//1162 1142//1163 1154//1175
f 1142//1163 1155//1176 1154//1175
f 1142//1163 1143//1164 1155//1176
f 1143//1164 1156//1177 1155//1176
f 1143//1164 1144//1165 1156//1177
f 1144//1165 1157//1178 1156//1177
f 1144//1165 1145//1166 1157//1178
f 1145//1166 1158//1179 1157//1178
f 1145//1166 1146//1167 1158//1179
f 1146//1167 1159//1180 1158//1179
f 1146//1167 1147//1168 1159//1180
f 1147//1168 1160//1181 1159//1180
f 1147//1168 1148//1169 1160//1181
f 1148//1169 1161//1182 1160//1181
f 1148//1169 1149//1170 1161//1182
f 1149//1170 1162//1183 1161//1182
f 1149//1170 1150//1171 1162//1183
f 1150//1171 1163//1184 1162//1183
f 1150//1171 1151//1172 1163//1184
f 1151//1172 1164//1185 1163//1184
f 1151//1172 1152//1173 1164//1185
f 1152//1173 1153//1174 1164//1185
f 1152//1173 1141//1162 1153//1174
f 1153//1174 1166//1187 1165//1186
f 1153//1174 1154//1175 1166//1187
f 1154//1175 1167//1188 1166//1187
f 1154//1175 1155//1176 1167//1188
f 1155//1176 1168//1189 1167//1188
f 1155//1176 1156//1177 1168//1189
f 1156//1177 1169//1190 1168//1189
f 1156//1177 1157//1178 1169//1190
f 1157//1178 1170//1191 1169//1190
f 1157//1178 1158//1179 1170//1191
f 1158//1179 1171//1192 1170//1191
f 1158//1179 1159//1180 1171//1192
f 1159//1180 1172//1193 1171//1192
f 1159//1180 1160//1181 1172//1193
f 1160//1181 1173//1194 1172//1193
f 1160//1181 1161//1182 1173//1194
f 1161//1182 1174//1195 1173//1194
f 1161//1182 1162//1183 1174//1195
f 1162//1183 1175//1196 1174//1195
f 1162//1183 1163//1184 1175//1196
f 1163//1184 1176//1197 1175//1196
f 1163//1184 1164//1185 1176//1197
f 1164//1185 1165//1186 1176//1197
f 1164//1185 1153//1174 1165//1186
f 1165//1186 1178//1199 1177//1198
f 1165//1186 1166//1187 1178//1199
f 1166//1187 1179//1200 1178//1199
f 1166//1187 1167//1188 1179//1200
f 1167//1188 1180//1201 1179//1200
f 1167//1188 1168//1189 1180//1201
f 1168//1189 1181//1202 1180//1201
f 1168//1189 1169//1190 1181//1202
f 1169//1190 1182//1203 1181//1202
f 1169//1190 1170//1191 1182//1203
f 1170//1191 1183//1204 1182//1203
f 1170//1191 1171//1192 1183//1204
f 1171//1192 1184//1205 1183//1204
f 1171//1192 1172//1193 1184//1205
f 1172//1193 1185//1206 1184//1205
f 1172//1193 1173//1194 1185//1206
f 1173//1194 1186//1207 1185//1206
f 1173//1194 1174//1195 1186//1207
f 1174//1195 1187//1208 1186//1207
f 1174//1195 1175//1196 1187//1208
f 1175//1196 1188//1209 1187//1208
f 1175//1196 1176//1197 1188//1209
f 1176//1197 1177//1198 1188//1209
f 1176//1197 1165//1186 1177//1198
f 1177//1198 1190//1211 1189//1210
f 1177//1198 1178//1199 1190//1211
f 1178//1199 1191//1212 1190//1211
f 1178//1199 1179//1200 1191//1212
f 1179//1200 1192//1213 1191//1212
f 1179//1200 1180//1201 1192//1213
f 1180//1201 1193//1214 1192//1213
f 1180//1201 1181//1202 1193//1214
f 1181//1202 1194//1215 1193//1214
f 1181//1202 1182//1203 1194//1215
f 1182//1203 1195//1216 1194//1215
f 1182//1203 1183//1204 1195//1216
f 1183//1204 1196//1217 1195//1216
f 1183//1204 1184//1205 1196//1217
f 1184//1205 1197//1218 1196//1217
f 1184//1205 1185//1206 1197//1218
f 1185//1206 1198//1219 1197//1218
f 1185//1206 1186//1207 1198//1219
f 1186//1207 1199//1220 1198//1219
f 1186//1207 1187//1208 1199//1220
f 1187//1208 1200//1221 1199//1220
f 1187//1208 1188//1209 1200//1221
f 1188//1209 1189//1210 1200//1221
f 1188//1209 1177//1198 1189//1210
f 1189//1210 1202//1223 1201//1222
f 1189//1210 1190//1211 1202//1223
f 1190//1211 1203//1224 1202//1223
f 1190//1211 1191//1212 1203//1224
f 1191//1212 1204//1225 1203//1224
f 1191//1212 1192//1213 1204//1225
f 1192//1213 1205//1226 1204//1225
f 1192//1213 1193//1214 1205//1226
f 1193//1214 1206//1227 1205//1226
f 1193//1214 1194//1215 1206//1227
f 1194//1215 1207//1228 1206//1227
f 1194//1215 1195//1216 1207//1228
f 1195//1216 1208//1229 1207//1228
f 1195//1216 1196//1217 1208//1229
f 1196//1217 1209//1230 1208//1229
f 1196//1217 1197//1218 1209//1230
f 1197//1218 1210//1231 1209//1230
f 1197//1218 1198//1219 1210//1231
f 1198//1219 1211//1232 1210//1231
f 1198//1219 1199//1220 1211//1232
f 1199//1220 1212//1233 1211//1232
f 1199//1220 1200//1221 1212//1233
f 1200//1221 1201//1222 1212//1233
f 1200//1221 1189//1210 1201//1222
f 1201//1222 1214//1235 1213//1234
f 1201//1222 1202//1223 1214//1235
f 1202//1223 1215//1236 1214//1235
f 1202//1223 1203//1224 1215//1236
f 1203//1224 1216//1237 1215//1236
f 1203//1224 1204//1225 1216//1237
f 1204//1225 1217//1238 1216//1237
f 1204//1225 1205//1226 1217//1238
f 1205//1226 1218//1239 1217//1238
f 1205//1226 1206//1227 1218//1239
f 1206//1227 1219//1240 1218//1239
f 1206//1227 1207//1228 1219//1240
f 1207//1228 1220//1241 1219//1240
f 1207//1228 1208//1229 1220//1241
f 1208//1229 1221//1242 1220//1241
f 1208//1229 1209//1230 1221//1242
f 1209//1230 1222//1243 1221//1242
f 1209//1230 1210//1231 1222//1243
f 1210//1231 1223//1244 1222//1243
f 1210//1231 1211//1232 1223//1244
f 1211//1232 1224//1245 1223//1244
f 1211//1232 1212//1233 1224//1245
f 1212//1233 1213//1234 1224//1245
f 1212//1233 1201//1222 1213//1234
f 1213//1234 1226//1247 1225//1246
f 1213//1234 1214//1235 1226//1247
f 1214//1235 1227//1248 1226//1247
f 1214//1235 1215//1236 1227//1248
f 1215//1236 1228//1249 1227//1248
f 1215//1236 1216//1237 1228//1249
f 1216//1237 1229//1250 1228//1249
f 1216//1237 1217//1238 1229//1250
f 1217//1238 1230//1251 1229//1250
f 1217//1238 1218//1239 1230//1251
f 1218//1239 1231//1252 1230//1251
f 1218//1239 1219//1240 1231//1252
f 1219//1240 1232//1253 1231//1252
f 1219//1240 1220//1241 1232//1253
f 1220//1241 1233//1254 1232//1253
f 1220//1241 1221//1242 1233//1254
f 1221//1242 1234//1255 1233//1254
f 1221//1242 1222//1243 1234//1255
f 1222//1243 1235//1256 1234//1255
f 1222//1243 1223//1244 1235//1256
f 1223//1244 1236//1257 1235//1256
f 1223//1244 1224//1245 1236//1257
f 1224//1245 1225//1246 1236//1257
f 1224//1245 1213//1234 1225//1246
f 1225//1246 1238//1259 1237//1258
f 1225//1246 1226//1247 1238//1259
f 1226//1247 1239//1260 1238//1259
f 1226//1247 1227//1248 1239//1260
f 1227//1248 1240//1261 1239//1260
f 1227//1248 1228//1249 1240//1261
f 1228//1249 1241//1262 1240//1261
f 1228//1249 1229//1250 1241//1262
f 1229//1250 1242//1263 1241//1262
f 1229//1250 1230//1251 1242//1263
f 1230//1251 1243//1264 1242//1263
f 1230//1251 1231//1252 1243//1264
f 1231//1252 1244//1265 1243//1264
f 1231//1252 1232//1253 1244//1265
f 1232//1253 1245//1266 1244//1265
f 1232//1253 1233//1254 1245//1266
f 1233//1254 1246//1267 1245//1266
f 1233//1254 1234//1255 1246//1267
f 1234//1255 1247//1268 1246//1267
f 1234//1255 1235//1256 1247//1268
f 1235//1256 1248//1269 1247//1268
f 1235//1256 1236//1257 1248//1269
f 1236//1257 1237//1258 1248//1269
f 1236//1257 1225//1246 1237//1258
f 1237//1258 1250//1271 1249//1270
f 1237//1258 1238//1259 1250//1271
f 1238//1259 1251//1272 1250//1271
f 1238//1259 1239//1260 1251//1272
f 1239//1260 1252//1273 1251//1272
f 1239//1260 1240//1261 1252//1273
f 1240//1261 1253//1274 1252//1273
f 1240//1261 1241//1262 1253//1274
f 1241//1262 1254//1275 1253//1274
f 1241//1262 1242//1263 1254//1275
f 1242//1263 1255//1276 1254//1275
f 1242//1263 1243//1264 1255//1276
f 1243//1264 1256//1277 1255//1276
f 1243//1264 1244//1265 1256//1277
f 1244//1265 1257//1278 1256//1277
f 1244//1265 1245//1266 1257//1278
f 1245//1266 1258//1279 1257//1278
f 1245//1266 1246//1267 1258//1279
f 1246//1267 1259//1280 1258//1279
f 1246//1267 1247//1268 1259//1280
f 1247//1268 1260//1281 1259//1280
f 1247//1268 1248//1269 1260//1281
f 1248//1269 1249//1270 1260//1281
f 1248//1269 1237//1258 1249//1270
f 1249//1270 1262//1283 1261//1282
f 1249//1270 1250//1271 1262//1283
f 1250//1271 1263//1284 1262//1283
f 1250//1271 1251//1272 1263//1284
f 1251//1272 1264//1285 1263//1284
f 1251//1272 1252//1273 1264//1285
f 1252//1273 1265//1286 1264//1285
f 1252//1273 1253//1274 1265//1286
f 1253//1274 1266//1287 1265//1286
f 1253//1274 1254//1275 1266//1287
f 1254//1275 1267//1288 1266//1287
f 1254//1275 1255//1276 1267//1288
f 1255//1276 1268//1289 1267//1288
f 1255//1276 1256//1277 1268//1289
f 1256//1277 1269//1290 1268//1289
f 1256//1277 1257//1278 1269//1290
f 1257//1278 1270//1291 1269//1290
f 1257//1278 1258//1279 1270//1291
f 1258//1279 1271//1292 1270//1291
f 1258//1279 1259//1280 1271//1292
f 1259//1280 1272//1293 1271//1292
f 1259//1280 1260//1281 1272//1293
f 1260//1281 1261//1282 1272//1293
f 1260//1281 1249//1270 1261//1282
f 1261//1282 1274//1295 1273//1294
f 1261//1282 1262//1283 1274//1295
f 1262//1283 1275//1296 1274//1295
f 1262//1283 1263//1284 1275//1296
f 1263//1284 1276//1297 1275//1296
f 1263//1284 1264//1285 1276//1297
f 1264//1285 1277//1298 1276//1297
f 1264//1285 1265//1286 1277//1298
f 1265//1286 1278//1299 1277//1298
f 1265//1286 1266//1287 1278//1299
f 1266//1287 1279//1300 1278//1299
f 1266//1287 1267//1288 1279//1300
f 1267//1288 1280//1301 1279//1300
f 1267//1288 1268//1289 1280//1301
f 1268//1289 1281//1302 1280//1301
f 1268//1289 1269//1290 1281//1302
f 1269//1290 1282//1303 1281//1302
f 1269//1290 1270//1291 1282//1303
f 1270//1291 1283//1304 1282//1303
f 1270//1291 1271//1292 1283//1304
f 1271//1292 1284//1305 1283//1304
f 1271//1292 1272//1293 1284//1305
f 1272//1293 1273//1294 1284//1305
f 1272//1293 1261//1282 1273//1294
f 1273//1294 1286//1307 1285//1306
f 1273//1294 1274//1295 1286//1307
f 1274//1295 1287//1308 1286//1307
f 1274//1295 1275//1296 1287//1308
f 1275//1296 1288//1309 1287//1308
f 1275//1296 1276//1297 1288//1309
f 1276//1297 1289//1310 1288//1309
f 1276//1297 1277//1298 1289//1310
f 1277//1298 1290//1311 1289//1310
f 1277//1298 1278//1299 1290//1311
f 1278//1299 1291//1312 1290//1311
f 1278//1299 1279//1300 1291//1312
f 1279//1300 1292//1313 1291//1312
f 1279//1300 1280//1301 1292//1313
f 1280//1301 1293//1314 1292//1313
f 1280//1301 1281//1302 1293//1314
f 1281//1302 1294//1315 1293//1314
f 1281//1302 1282//1303 1294//1315
f 1282//1303 1295//1316 1294//1315
f 1282//1303 1283//1304 1295//1316
f 1283//1304 1296//1317 1295//1316
f 1283//1304 1284//1305 1296//1317
f 1284//1305 1285//1306 1296//1317
f 1284//1305 1273//1294 1285//1306
f 1285//1306 1298//1319 1297//1318
f 1285//1306 1286//1307 1298//1319
f 1286//1307 1299//1320 1298//1319
f 1286//1307 1287//1308 1299//1320
f 1287//1308 1300//1321 1299//1320
f 1287//1308 1288//1309 1300//1321
f 1288//1309 1301//1322 1300//1321
f 1288//1309 1289//1310 1301//1322
f 1289//1310 1302//1323 1301//1322
f 1289//1310 1290//1311 1302//1323
f 1290//1311 1303//1324 1302//1323
f 1290//1311 1291//1312 1303//1324
f 1291//1312 1304//1325 1303//1324
f 1291//1312 1292//1313 1304//1325
f 1292//1313 1305//1326 1304//1325
f 1292//1313 1293//1314 1305//1326
f 1293//1314 1306//1327 1305//1326
f 1293//1314 1294//1315 1306//1327
f 1294//1315 1307//1328 1306//1327
f 1294//1315 1295//1316 1307//1328
f 1295//1316 1308//1329 1307//1328
f 1295//1316 1296//1317 1308//1329
f 1296//1317 1297//1318 1308//1329
f 1296//1317 1285//1306 1297//1318
f 1297//1318 1310//1331 1309//1330
f 1297//1318 1298//1319 1310//1331
f 1298//1319 1311//1332 1310//1331
f 1298//1319 1299//1320 1311//1332
f 1299//1320 1312//1333 1311//1332
f 1299//1320 1300//1321 1312//1333
f 1300//1321 1313//1334 1312//1333
f 1300//1321 1301//1322 1313//1334
f 1301//1322 1314//1335 1313//1334
f 1301//1322 1302//1323 1314//1335
f 1302//1323 1315//1336 1314//1335
f 1302//1323 1303//1324 1315//1336
f 1303//1324 1316//1337 1315//1336
f 1303//1324 1304//1325 1316//1337
f 1304//1325 1317//1338 1316//1337
f 1304//1325 1305//1326 1317//1338
f 1305//1326 1318//1339 1317//1338
f 1305//1326 1306//1327 1318//1339
f 1306//1327 1319//1340 1318//1339
f 1306//1327 1307//1328 1319//1340
f 1307//1328 1320//1341 1319//1340
f 1307//1328 1308//1329 1320//1341
f 1308//1329 1309//1330 1320//1341
f 1308//1329 1297//1318 1309//1330
f 1309//1330 1322//1343 1321//1342
f 1309//1330 1310//1331 1322//1343
f 1310//1331 1323//1344 1322//1343
f 1310//1331 1311//1332 1323//1344
f 1311//1332 1324//1345 1323//1344
f 1311//1332 1312//1333 1324//1345
f 1312//1333 1325//1346 1324//1345
f 1312//1333 1313//1334 1325//1346
f 1313//1334 1326//1347 1325//1346
f 1313//1334 1314//1335 1326//1347
f 1314//1335 1327//1348 1326//1347
f 1314//1335 1315//1336 1327//1348
f 1315//1336 1328//1349 1327//1348
f 1315//1336 1316//1337 1328//1349
f 1316//1337 1329//1350 1328//1349
f 1316//1337 1317//1338 1329//1350
f 1317//1338 1330//1351 1329//1350
f 1317//1338 1318//1339 1330//1351
f 1318//1339 1331//1352 1330//1351
f 1318//1339 1319//1340 1331//1352
f 1319//1340 1332//1353 1331//1352
f 1319//1340 1320//1341 1332//1353
f 1320//1341 1321//1342 1332//1353
f 1320//1341 1309//1330 1321//1342
f 1321//1342 1334//1355 1333//1354
f 1321//1342 1322//1343 1334//1355
f 1322//1343 1335//1356 1334//1355
f 1322//1343 1323//1344 1335//1356
f 1323//1344 1336//1357 1335//1356
f 1323//1344 1324//1345 1336//1357
f 1324//1345 1337//1358 1336//1357
f 1324//1345 1325//1346 1337//1358
f 1325//1346 1338//1359 1337//1358
f 1325//1346 1326//1347 1338//1359
f 1326//1347 1339//1360 1338//1359
f 1326//1347 1327//1348 1339//1360
f 1327//1348 1340//1361 1339//1360
f 1327//1348 1328//1349 1340//1361
f 1328//1349 1341//1362 1340//1361
f 1328//1349 1329//1350 1341//1362
f 1329//1350 1342//1363 1341//1362
f 1329//1350 1330//1351 1342//1363
f 1330//1351 1343//1364 1342//1363
f 1330//1351 1331//1352 1343//1364
f 1331//1352 1344//1365 1343//1364
f 1331//1352 1332//1353 1344//1365
f 1332//1353 1333//1354 1344//1365
f 1332//1353 1321//1342 1333//1354
f 1333//1354 1346//1367 1345//1366
f 1333//1354 1334//1355 1346//1367
f 1334//1355 1347//1368 1346//1367
f 1334//1355 1335//1356 1347//1368
f 1335//1356 1348//1369 1347//1368
f 1335//1356 1336//1357 1348//1369
f 1336//1357 1349//1370 1348//1369
f 1336//1357 1337//1358 1349//1370
f 1337//1358 1350//1371 1349//1370
f 1337//1358 1338//1359 1350//1371
f 1338//1359 1351//1372 1350//1371
f 1338//1359 1339//1360 1351//1372
f 1339//1360 1352//1373 1351//1372
f 1339//1360 1340//1361 1352//1373
f 1340//1361 1353//1374 1352//1373
f 1340//1361 1341//1362 1353//1374
f 1341//1362 1354//1375 1353//1374
f 1341//1362 1342//1363 1354//1375
f 1342//1363 1355//1376 1354//1375
f 1342//1363 1343//1364 1355//1376
f 1343//1364 1356//1377 1355//1376
f 1343//1364 1344//1365 1356//1377
f 1344//1365 1345//1366 1356//1377
f 1344//1365 1333//1354 1345//1366
f 1345//1366 1358//1379 1357//1378
f 1345//1366 1346//1367 1358//1379
f 1346//1367 1359//1380 1358//1379
f 1346//1367 1347//1368 1359//1380
f 1347//1368 1360//1381 1359//1380
f 1347//1368 1348//1369 1360//1381
f 1348//1369 1361//1382 1360//1381
f 1348//1369 1349//1370 1361//1382
f 1349//1370 1362//1383 1361//1382
f 1349//1370 1350//1371 1362//1383
f 1350//1371 1363//1384 1362//1383
f 1350//1371 1351//1372 1363//1384
f 1351//1372 1364//1385 1363//1384
f 1351//1372 1352//1373 1364//1385
f 1352//1373 1365//1386 1364//1385
f 1352//1373 1353//1374 1365//1386
f 1353//1374 1366//1387 1365//1386
f 1353//1374 1354//1375 1366//1387
f 1354//1375 1367//1388 1366//1387
f 1354//1375 1355//1376 1367//1388
f 1355//1376 1368//1389 1367//1388
f 1355//1376 1356//1377 1368//1389
f 1356//1377 1357//1378 1368//1389
f 1356//1377 1345//1366 1357//1378
f 1357//1378 1370//1391 1369//1390
f 1357//1378 1358//1379 1370//1391
f 1358//1379 1371//1392 1370//1391
f 1358//1379 1359//1380 1371//1392
f 1359//1380 1372//1393 1371//1392
f 1359//1380 1360//1381 1372//1393
f 1360//1381 1373//1394 1372//1393
f 1360//1381 1361//1382 1373//1394
f 1361//1382 1374//1395 1373//1394
f 1361//1382 1362//1383 1374//1395
f 1362//1383 1375//1396 1374//1395
f 1362//1383 1363//1384 1375//1396
f 1363//1384 1376//1397 1375//1396
f 1363//1384 1364//1385 1376//1397
f 1364//1385 1377//1398 1376//1397
f 1364//1385 1365//1386 1377//1398
f 1365//1386 1378//1399 1377//1398
f 1365//1386 1366//1387 1378//1399
f 1366//1387 1379//1400 1378//1399
f 1366//1387 1367//1388 1379//1400
f 1367//1388 1380//1401 1379//1400
f 1367//1388 1368//1389 1380//1401
f 1368//1389 1369//1390 1380//1401
f 1368//1389 1357//1378 1369//1390
f 1369//1390 1382//1403 1381//1402
f 1369//1390 1370//1391 1382//1403
f 1370//1391 1383//1404 1382//1403
f 1370//1391 1371//1392 1383//1404
f 1371//1392 1384//1405 1383//1404
f 1371//1392 1372//1393 1384//1405
f 1372//1393 1385//1406 1384//1405
f 1372//1393 1373//1394 1385//1406
f 1373//1394 1386//1407 1385//1406
f 1373//1394 1374//1395 1386//1407
f 1374//1395 1387//1408 1386//1407
f 1374//1395 1375//1396 1387//1408
f 1375//1396 1388//1409 1387//1408
f 1375//1396 1376//1397 1388//1409
f 1376//1397 1389//1410 1388//1409
f 1376//1397 1377//1398 1389//1410
f 1377//1398 1390//1411 1389//1410
f 1377//1398 1378//1399 1390//1411
f 1378//1399 1391//1412 1390//1411
f 1378//1399 1379//1400 1391//1412
f 1379//1400 1392//1413 1391//1412
f 1379//1400 1380//1401 1392//1413
f 1380//1401 1381//1402 1392//1413
f 1380//1401 1369//1390 1381//1402
f 1381//1402 1394//1415 1393//1414
f 1381//1402 1382//1403 1394//1415
f 1382//1403 1395//1416 1394//1415
f 1382//1403 1383//1404 1395//1416
f 1383//1404 1396//1417 1395//1416
f 1383//1404 1384//1405 1396//1417
f 1384//1405 1397//1418 1396//1417
f 1384//1405 1385//1406 1397//1418
f 1385//1406 1398//1419 1397//1418
f 1385//1406 1386//1407 1398//1419
f 1386//1407 1399//1420 1398//1419
f 1386//1407 1387//1408 1399//1420
f 1387//1408 1400//1421 1399//1420
f 1387//1408 1388//1409 1400//1421
f 1388//1409 1401//1422 1400//1421
f 1388//1409 1389//1410 1401//1422
f 1389//1410 1402//1423 1401//1422
f 1389//1410 1390//1411 1402//1423
f 1390//1411 1403//1424 1402//1423
f 1390//1411 1391//1412 1403//1424
f 1391//1412 1404//1425 1403//1424
f 1391//1412 1392//1413 1404//1425
f 1392//1413 1393//1414 1404//1425
f 1392//1413 1381//1402 1393//1414
f 1393//1414 1406//1427 1405//1426
f 1393//1414 1394//1415 1406//1427
f 1394//1415 1407//1428 1406//1427
f 1394//1415 1395//1416 1407//1428
f 1395//1416 1408//1429 1407//1428
f 1395//1416 1396//1417 1408//1429
f 1396//1417 1409//1430 1408//1429
f 1396//1417 1397//1418 1409//1430
f 1397//1418 1410//1431 1409//1430
f 1397//1418 1398//1419 1410//1431
f 1398//1419 1411//1432 1410//1431
f 1398//1419 1399//1420 1411//1432
f 1399//1420 1412//1433 1411//1432
f 1399//1420 1400//1421 1412//1433
f 1400//1421 1413//1434 1412//1433
f 1400//1421 1401//1422 1413//1434
f 1401//1422 1414//1435 1413//1434
f 1401//1422 1402//1423 1414//1435
f 1402//1423 1415//1436 1414//1435
f 1402//1423 1403//1424 1415//1436
f 1403//1424 1416//1437 1415//1436
f 1403//1424 1404//1425 1416//1437
f 1404//1425 1405//1426 1416//1437
f 1404//1425 1393//1414 1405//1426
f 1405//1426 1418//1439 1417//1438
f 1405//1426 1406//1427 1418//1439
f 1406//1427 1419//1440 1418//1439
f 1406//1427 1407//1428 1419//1440
f 1407//1428 1420//1441 1419//1440
f 1407//1428 1408//1429 1420//1441
f 1408//1429 1421//1442 1420//1441
f 1408//1429 1409//1430 1421//1442
f 1409//1430 1422//1443 1421//1442
f 1409//1430 1410//1431 1422//1443
f 1410//1431 1423//1444 1422//1443
f 1410//1431 1411//1432 1423//1444
f 1411//1432 1424//1445 1423//1444
f 1411//1432 1412//1433 1424//1445
f 1412//1433 1425//1446 1424//1445
f 1412//1433 1413//1434 1425//1446
f 1413//1434 1426//1447 1425//1446
f 1413//1434 1414//1435 1426//1447
f 1414//1435 1427//1448 1426//1447
f 1414//1435 1415//1436 1427//1448
f 1415//1436 1428//1449 1427//1448
f 1415//1436 1416//1437 1428//1449
f 1416//1437 1417//1438 1428//1449
f 1416//1437 1405//1426 1417//1438
f 1417//1438 1430//1451 1429//1450
f 1417//1438 1418//1439 1430//1451
f 1418//1439 1431//1452 1430//1451
f 1418//1439 1419//1440 1431//1452
f 1419//1440 1432//1453 1431//1452
f 1419//1440 1420//1441 1432//1453
f 1420//1441 1433//1454 1432//1453
f 1420//1441 1421//1442 1433//1454
f 1421//1442 1434//1455 1433//1454
f 1421//1442 1422//1443 1434//1455
f 1422//1443 1435//1456 1434//1455
f 1422//1443 1423//1444 1435//1456
f 1423//1444 1436//1457 1435//1456
f 1423//1444 1424//1445 1436//1457
f 1424//1445 1437//1458 1436//1457
f 1424//1445 1425//1446 1437//1458
f 1425//1446 1438//1459 1437//1458
f 1425//1446 1426//1447 1438//1459
f 1426//1447 1439//1460 1438//1459
f 1426//1447 1427//1448 1439//1460
f 1427//1448 1440//1461 1439//1460
f 1427//1448 1428//1449 1440//1461
f 1428//1449 1429//1450 1440//1461
f 1428//1449 1417//1438 1429//1450
f 1429//1450 1442//1463 1441//1462
f 1429//1450 1430//1451 1442//1463
f 1430//1451 1443//1464 1442//1463
f 1430//1451 1431//1452 1443//1464
f 1431//1452 1444//1465 1443//1464
f 1431//1452 1432//1453 1444//1465
f 1432//1453 1445//1466 1444//1465
f 1432//1453 1433//1454 1445//1466
f 1433//1454 1446//1467 1445//1466
f 1433//1454 1434//1455 1446//1467
f 1434//1455 1447//1468 1446//1467
f 1434//1455 1435//1456 1447//1468
f 1435//1456 1448//1469 1447//1468
f 1435//1456 1436//1457 1448//1469
f 1436//1457 1449//1470 1448//1469
f 1436//1457 1437//1458 1449//1470
f 1437//1458 1450//1471 1449//1470
f 1437//1458 1438//1459 1450//1471
f 1438//1459 1451//1472 1450//1471
f 1438//1459 1439//1460 1451//1472
f 1439//1460 1452//1473 1451//1472
f 1439//1460 1440//1461 1452//1473
f 1440//1461 1441//1462 1452//1473
f 1440//1461 1429//1450 1441//1462
f 1441//1462 1454//1475 1453//1474
f 1441//1462 1442//1463 1454//1475
f 1442//1463 1455//1476 1454//1475
f 1442//1463 1443//1464 1455//1476
f 1443//1464 1456//1477 1455//1476
f 1443//1464 1444//1465 1456//1477
f 1444//1465 1457//1478 1456//1477
f 1444//1465 1445//1466 1457//1478
f 1445//1466 1458//1479 1457//1478
f 1445//1466 1446//1467 1458//1479
f 1446//1467 1459//1480 1458//1479
f 1446//1467 1447//1468 1459//1480
f 1447//1468 1460//1481 1459//1480
f 1447//1468 1448//1469 1460//1481
f 1448//1469 1461//1482 1460//1481
f 1448//1469 1449//1470 1461//1482
f 1449//1470 1462//1483 1461//1482
f 1449//1470 1450//1471 1462//1483
f 1450//1471 1463//1484 1462//1483
f 1450//1471 1451//1472 1463//1484
f 1451//1472 1464//1485 1463//1484
f 1451//1472 1452//1473 1464//1485
f 1452//1473 1453//1474 1464//1485
f 1452//1473 1441//1462 1453//1474
f 1453//1474 1466//1487 1465//1486
f 1453//1474 1454//1475 1466//1487
f 1454//1475 1467//1488 1466//1487
f 1454//1475 1455//1476 1467//1488
f 1455//1476 1468//1489 1467//1488
f 1455//1476 1456//1477 1468//1489
f 1456//1477 1469//1490 1468//1489
f 1456//1477 1457//1478 1469//1490
f 1457//1478 1470//1491 1469//1490
f 1457//1478 1458//1479 1470//1491
f 1458//1479 1471//1492 1470//1491
f 1458//1479 1459//1480 1471//1492
f 1459//1480 1472//1493 1471//1492
f 1459//1480 1460//1481 1472//1493
f 1460//1481 1473//1494 1472//1493
f 1460//1481 1461//1482 1473//1494
f 1461//1482 1474//1495 1473//1494
f 1461//1482 1462//1483 1474//1495
f 1462//1483 1475//1496 1474//1495
f 1462//1483 1463//1484 1475//1496
f 1463//1484 1476//1497 1475//1496
f 1463//1484 1464//1485 1476//1497
f 1464//1485 1465//1486 1476//1497
f 1464//1485 1453//1474 1465//1486
f 1465//1486 1478//1499 1477//1498
f 1465//1486 1466//1487 1478//1499
f 1466//1487 1479//1500 1478//1499
f 1466//1487 1467//1488 1479//1500
f 1467//1488 1480//1501 1479//1500
f 1467//1488 1468//1489 1480//1501
f 1468//1489 1481//1502 1480//1501
f 1468//1489 1469//1490 1481//1502
f 1469//1490 1482//1503 1481//1502
f 1469//1490 1470//1491 1482//1503
f 1470//1491 1483//1504 1482//1503
f 1470//1491 1471//1492 1483//1504
f 1471//1492 1484//1505 1483//1504
f 1471//1492 1472//1493 1484//1505
f 1472//1493 1485//1506 1484//1505
f 1472//1493 1473//1494 1485//1506
f 1473//1494 1486//1507 1485//1506
f 1473//1494 1474//1495 1486//1507
f 1474//1495 1487//1508 1486//1507
f 1474//1495 1475//1496 1487//1508
f 1475//1496 1488//1509 1487//1508
f 1475//1496 1476//1497 1488//1509
f 1476//1497 1477//1498 1488//1509
f 1476//1497 1465//1486 1477//1498
f 1477//1498 1490//1511 1489//1510
f 1477//1498 1478//1499 1490//1511
f 1478//1499 1491//1512 1490//1511
f 1478//1499 1479//1500 1491//1512
f 1479//1500 1492//1513 1491//1512
f 1479//1500 1480//1501 1492//1513
f 1480//1501 1493//1514 1492//1513
f 1480//1501 1481//1502 1493//1514
f 1481//1502 1494//1515 1493//1514
f 1481//1502 1482//1503 1494//1515
f 1482//1503 1495//1516 1494//1515
f 1482//1503 1483//1504 1495//1516
f 1483//1504 1496//1517 1495//1516
f 1483//1504 1484//1505 1496//1517
f 1484//1505 1497//1518 1496//1517
f 1484//1505 1485//1506 1497//1518
f 1485//1506 1498//1519 1497//1518
f 1485//1506 1486//1507 1498//1519
f 1486//1507 1499//1520 1498//1519
f 1486//1507 1487//1508 1499//1520
f 1487//1508 1500//1521 1499//1520
f 1487//1508 1488//1509 1500//1521
f 1488//1509 1489//1510 1500//1521
f 1488//1509 1477//1498 1489//1510
f 1489//1510 1502//1523 1501//1522
f 1489//1510 1490//1511 1502//1523
f 1490//1511 1503//1524 1502//1523
f 1490//1511 1491//1512 1503//1524
f 1491//1512 1504//1525 1503//1524
f 1491//1512 1492//1513 1504//1525
f 1492//1513 1505//1526 1504//1525
f 1492//1513 1493//1514 1505//1526
f 1493//1514 1506//1527 1505//1526
f 1493//1514 1494//1515 1506//1527
f 1494//1515 1507//1528 1506//1527
f 1494//1515 1495//1516 1507//1528
f 1495//1516 1508//1529 1507//1528
f 1495//1516 1496//1517 1508//1529
f 1496//1517 1509//1530 1508//1529
f 1496//1517 1497//1518 1509//1530
f 1497//1518 1510//1531 1509//1530
f 1497//1518 1498//1519 1510//1531
f 1498//1519 1511//1532 1510//1531
f 1498//1519 1499//1520 1511//1532
f 1499//1520 1512//1533 1511//1532
f 1499//1520 1500//1521 1512//1533
f 1500//1521 1501//1522 1512//1533
f 1500//1521 1489//1510 1501//1522
f 1501//1522 1514//1535 1513//1534
f 1501//1522 1502//1523 1514//1535
f 1502//1523 1515//1536 1514//1535
f 1502//1523 1503//1524 1515//1536
f 1503//1524 1516//1537 1515//1536
f 1503//1524 1504//1525 1516//1537
f 1504//1525 1517//1538 1516//1537
f 1504//1525 1505//1526 1517//1538
f 1505//1526 1518//1539 1517//1538
f 1505//1526 1506//1527 1518//1539
f 1506//1527 1519//1540 1518//1539
f 1506//1527 1507//1528 1519//1540
f 1507//1528 1520//1541 1519//1540
f 1507//1528 1508//1529 1520//1541
f 1508//1529 1521//1542 1520//1541
f 1508//1529 1509//1530 1521//1542
f 1509//1530 1522//1543 1521//1542
f 1509//1530 1510//1531 1522//1543
f 1510//1531 1523//1544 1522//1543
f 1510//1531 1511//1532 1523//1544
f 1511//1532 1524//1545 1523//1544
f 1511//1532 1512//1533 1524//1545
f 1512//1533 1513//1534 1524//1545
f 1512//1533 1501//1522 1513//1534
f 1513//1534 1526//1547 1525//1546
f 1513//1534 1514//1535 1526//1547
f 1514//1535 1527//1548 1526//1547
f 1514//1535 1515//1536 1527//1548
f 1515//1536 1528//1549 1527//1548
f 1515//1536 1516//1537 1528//1549
f 1516//1537 1529//1550 1528//1549
f 1516//1537 1517//1538 1529//1550
f 1517//1538 1530//1551 1529//1550
f 1517//1538 1518//1539 1530//1551
f 1518//1539 1531//1552 1530//1551
f 1518//1539 1519//1540 1531//1552
f 1519//1540 1532//1553 1531//1552
f 1519//1540 1520//1541 1532//1553
f 1520//1541 1533//1554 1532//1553
f 1520//1541 1521//1542 1533//1554
f 1521//1542 1534//1555 1533//1554
f 1521//1542 1522//1543 1534//1555
f 1522//1543 1535//1556 1534//1555
f 1522//1543 1523//1544 1535//1556
f 1523//1544 1536//1557 1535//1556
f 1523//1544 1524//1545 1536//1557
f 1524//1545 1525//1546 1536//1557
f 1524//1545 1513//1534 1525//1546
f 1525//1546 1538//1559 1537//1558
f 1525//1546 1526//1547 1538//1559
f 1526//1547 1539//1560 1538//1559
f 1526//1547 1527//1548 1539//1560
f 1527//1548 1540//1561 1539//1560
f 1527//1548 1528//1549 1540//1561
f 1528//1549 1541//1562 1540//1561
f 1528//1549 1529//1550 1541//1562
f 1529//1550 1542//1563 1541//1562
f 1529//1550 1530//1551 1542//1563
f 1530//1551 1543//1564 1542//1563
f 1530//1551 1531//1552 1543//1564
f 1531//1552 1544//1565 1543//1564
f 1531//1552 1532//1553 1544//1565
f 1532//1553 1545//1566 1544//1565
f 1532//1553 1533//1554 1545//1566
f 1533//1554 1546//1567 1545//1566
f 1533//1554 1534//1555 1546//1567
f 1534//1555 1547//1568 1546//1567
f 1534//1555 1535//1556 1547//1568
f 1535//1556 1548//1569 1547//1568
f 1535//1556 1536//1557 1548//1569
f 1536//1557 1537//1558 1548//1569
f 1536//1557 1525//1546 1537//1558
f 1537//1558 1550//1571 1549//1570
f 1537//1558 1538//1559 1550//1571
f 1538//1559 1551//1572 1550//1571
f 1538//1559 1539//1560 1551//1572
f 1539//1560 1552//1573 1551//1572
f 1539//1560 1540//1561 1552//1573
f 1540//1561 1553//1574 1552//1573
f 1540//1561 1541//1562 1553//1574
f 1541//1562 1554//1575 1553//1574
f 1541//1562 1542//1563 1554//1575
f 1542//1563 1555//1576 1554//1575
f 1542//1563 1543//1564 1555//1576
f 1543//1564 1556//1577 1555//1576
f 1543//1564 1544//1565 1556//1577
f 1544//1565 1557//1578 1556//1577
f 1544//1565 1545//1566 1557//1578
f 1545//1566 1558//1579 1557//1578
f 1545//1566 1546//1567 1558//1579
f 1546//1567 1559//1580 1558//1579
f 1546//1567 1547//1568 1559//1580
f 1547//1568 1560//1581 1559//1580
f 1547//1568 1548//1569 1560//1581
f 1548//1569 1549//1570 1560//1581
f 1548//1569 1537//1558 1549//1570
f 1549//1570 1562//1583 1561//1582
f 1549//1570 1550//1571 1562//1583
f 1550//1571 1563//1584 1562//1583
f 1550//1571 1551//1572 1563//1584
f 1551//1572 1564//1585 1563//1584
f 1551//1572 1552//1573 1564//1585
f 1552//1573 1565//1586 1564//1585
f 1552//1573 1553//1574 1565//1586
f 1553//1574 1566//1587 1565//1586
f 1553//1574 1554//1575 1566//1587
f 1554//1575 1567//1588 1566//1587
f 1554//1575 1555//1576 1567//1588
f 1555//1576 1568//1589 1567//1588
f 1555//1576 1556//1577 1568//1589
f 1556//1577 1569//1590 1568//1589
f 1556//1577 1557//1578 1569//1590
f 1557//1578 1570//1591 1569//1590
f 1557//1578 1558//1579 1570//1591
f 1558//1579 1571//1592 1570//1591
f 1558//1579 1559//1580 1571//1592
f 1559//1580 1572//1593 1571//1592
f 1559//1580 1560//1581 1572//1593
f 1560//1581 1561//1582 1572//1593
f 1560//1581 1549//1570 1561//1582
f 1561//1582 134//155 133//154
f 1561//1582 1562//1583 134//155
f 1562//1583 135//156 134//155
f 1562//1583 1563//1584 135//156
f 1563//1584 136//157 135//156
f 1563//1584 1564//1585 136//157
f 1564//1585 137//158 136//157
f 1564//1585 1565//1586 137//158
f 1565//1586 138//159 137//158
f 1565//1586 1566//1587 138//159
f 1566//1587 139//160 138//159
f 1566//1587 1567//1588 139//160
f 1567//1588 140//161 139//160
f 1567//1588 1568//1589 140//161
f 1568//1589 141//162 140//161
f 1568//1589 1569//1590 141//162
f 1569//1590 142//163 141//162
f 1569//1590 1570//1591 142//163
f 1570//1591 143//164 142//163
f 1570//1591 1571//1592 143//164
f 1571//1592 144//165 143//164
f 1571//1592 1572//1593 144//165
f 1572//1593 133//154 144//165
f 1572//1593 1561//1582 133//154

o glass_biconvex_lens
usemtl glass_lens
v -1.171390 0.849453 -0.164930
v -1.108383 0.829593 -0.166333
v -1.109906 0.826092 -0.158590
v -1.112494 0.822942 -0.150980
v -1.116102 0.820199 -0.143632
v -1.120668 0.817909 -0.136673
v -1.126116 0.816110 -0.130221
v -1.132351 0.814835 -0.124387
v -1.139266 0.814105 -0.119271
v -1.146744 0.813932 -0.114960
v -1.154656 0.814319 -0.111528
v -1.162868 0.815260 -0.109034
v -1.171237 0.816738 -0.107520
v -1.179623 0.818729 -0.107013
v -1.187880 0.821197 -0.107520
v -1.195868 0.824102 -0.109034
v -1.203449 0.827393 -0.111528
v -1.210495 0.831014 -0.114960
v -1.216884 0.834903 -0.119271
v -1.222508 0.838993 -0.124387
v -1.227270 0.843215 -0.130221
v -1.231089 0.847496 -0.136673
v -1.233898 0.851762 -0.143632
v -1.235651 0.855942 -0.150980
v -1.236318 0.859963 -0.158590
v -1.235886 0.863757 -0.166333
v -1.234363 0.867259 -0.174076
v -1.231775 0.870408 -0.181686
v -1.228167 0.873152 -0.189034
v -1.223600 0.875442 -0.195993
v -1.218153 0.877240 -0.202445
v -1.211918 0.878515 -0.208279
v -1.205003 0.879246 -0.213395
v -1.197525 0.879419 -0.217706
v -1.189613 0.879032 -0.221138
v -1.181401 0.878091 -0.223632
v -1.173031 0.876613 -0.225146
v -1.164646 0.874622 -0.225654
v -1.156389 0.872153 -0.225146
v -1.148401 0.869249 -0.223632
v -1.140820 0.865958 -0.221138
v -1.133774 0.862337 -0.217706
v -1.127384 0.858448 -0.213395
v -1.121761 0.854358 -0.208279
v -1.116999 0.850136 -0.202445
v -1.113180 0.845855 -0.195993
v -1.110370 0.841588 -0.189034
v -1.108617 0.837408 -0.181686
v -1.107951 0.833387 -0.174076
v -1.046865 0.804177 -0.170541
v -1.049911 0.797174 -0.155056
v -1.055086 0.790875 -0.139835
v -1.062302 0.785388 -0.125140
v -1.071436 0.780807 -0.111221
v -1.082330 0.777211 -0.098318
v -1.094800 0.774661 -0.086650
v -1.108631 0.773200 -0.076417
v -1.123587 0.772854 -0.067795
v -1.139411 0.773628 -0.060932
v -1.155834 0.775510 -0.055943
v -1.172574 0.778466 -0.052916
v -1.189344 0.782448 -0.051901
v -1.205858 0.787385 -0.052916
v -1.221834 0.793194 -0.055943
v -1.236997 0.799776 -0.060932
v -1.251089 0.807018 -0.067795
v -1.263868 0.814796 -0.076417
v -1.275115 0.822976 -0.086650
v -1.284639 0.831419 -0.098318
v -1.292276 0.839981 -0.111221
v -1.297896 0.848515 -0.125140
v -1.301401 0.856875 -0.139835
v -1.302734 0.864917 -0.155056
v -1.301870 0.872505 -0.170541
v -1.298824 0.879508 -0.186027
v -1.293649 0.885807 -0.201248
v -1.286433 0.891294 -0.215943
v -1.277299 0.895875 -0.229862
v -1.266405 0.899471 -0.242765
v -1.253935 0.902021 -0.254433
v -1.240104 0.903482 -0.264666
v -1.225149 0.903828 -0.273287
v -1.209324 0.903054 -0.280151
v -1.192901 0.901172 -0.285140
v -1.176162 0.898215 -0.288167
v -1.159391 0.894234 -0.289182
v -1.142877 0.889297 -0.288167
v -1.126901 0.883487 -0.285140
v -1.111738 0.876906 -0.280151
v -1.097646 0.869664 -0.273287
v -1.084867 0.861886 -0.264666
v -1.073620 0.853706 -0.254433
v -1.064096 0.845262 -0.242765
v -1.056459 0.836701 -0.229862
v -1.050840 0.828167 -0.215943
v -1.047334 0.819807 -0.201248
v -1.046001 0.811765 -0.186027
v -0.986836 0.773204 -0.177555
v -0.991405 0.762699 -0.154327
v -0.999167 0.753251 -0.131496
v -1.009992 0.745021 -0.109453
v -1.023692 0.738150 -0.088575
v -1.040034 0.732755 -0.069219
v -1.058738 0.728930 -0.051718
v -1.079485 0.726739 -0.036369
v -1.101918 0.726220 -0.023436
v -1.125655 0.727381 -0.013141
v -1.150289 0.730204 -0.005658
v -1.175399 0.734639 -0.001117
v -1.200554 0.740610 0.000406
v -1.225326 0.748017 -0.001117
v -1.249289 0.756731 -0.005658
v -1.272034 0.766603 -0.013141
v -1.293171 0.777466 -0.023436
v -1.312340 0.789132 -0.036369
v -1.329211 0.801403 -0.051718
v -1.343497 0.814068 -0.069219
v -1.354952 0.826911 -0.088575
v -1.363382 0.839711 -0.109453
v -1.368640 0.852251 -0.131496
v -1.370639 0.864315 -0.154327
v -1.369343 0.875696 -0.177555
v -1.364774 0.886201 -0.200784
v -1.357012 0.895650 -0.223615
v -1.346188 0.903880 -0.245658
v -1.332487 0.910751 -0.266536
v -1.316145 0.916145 -0.285891
v -1.297441 0.919971 -0.303393
v -1.276695 0.922162 -0.318742
v -1.254261 0.922681 -0.331674
v -1.230524 0.921519 -0.341970
v -1.205890 0.918697 -0.349453
v -1.180781 0.914262 -0.353994
v -1.155625 0.908290 -0.355517
v -1.130853 0.900884 -0.353994
v -1.106890 0.892170 -0.349453
v -1.084145 0.882297 -0.341970
v -1.063008 0.871435 -0.331674
v -1.043839 0.859768 -0.318742
v -1.026968 0.847497 -0.303393
v -1.012682 0.834832 -0.285891
v -1.001227 0.821990 -0.266536
v -0.992798 0.809189 -0.245658
v -0.987539 0.796650 -0.223615
v -0.985540 0.784586 -0.200784
v -0.928296 0.736675 -0.187375
v -0.934387 0.722669 -0.156403
v -0.944737 0.710071 -0.125962
v -0.959170 0.699097 -0.096571
v -0.977437 0.689936 -0.068734
v -0.999226 0.682743 -0.042927
v -1.024165 0.677643 -0.019591
v -1.051827 0.674721 0.000873
v -1.081738 0.674029 0.018117
v -1.113388 0.675578 0.031845
v -1.146233 0.679341 0.041822
v -1.179713 0.685254 0.047877
v -1.213254 0.693217 0.049907
v -1.246282 0.703092 0.047877
v -1.278233 0.714710 0.041822
v -1.308559 0.727874 0.031845
v -1.336743 0.742357 0.018117
v -1.362301 0.757913 0.000873
v -1.384796 0.774274 -0.019591
v -1.403843 0.791160 -0.042927
v -1.419117 0.808284 -0.068734
v -1.430356 0.825351 -0.096571
v -1.437368 0.842071 -0.125962
v -1.440033 0.858156 -0.156403
v -1.438305 0.873331 -0.187375
v -1.432214 0.887338 -0.218346
v -1.421863 0.899936 -0.248788
v -1.407431 0.910909 -0.278179
v -1.389164 0.920071 -0.306016
v -1.367375 0.927263 -0.331823
v -1.342436 0.932364 -0.355158
v -1.314774 0.935285 -0.375623
v -1.284862 0.935977 -0.392867
v -1.253213 0.934429 -0.406595
v -1.220368 0.930665 -0.416571
v -1.186888 0.924752 -0.422627
v -1.153347 0.916790 -0.424657
v -1.120319 0.906915 -0.422627
v -1.088368 0.895296 -0.416571
v -1.058041 0.882133 -0.406595
v -1.029858 0.867649 -0.392867
v -1.004300 0.852094 -0.375623
v -0.981805 0.835733 -0.355158
v -0.962757 0.818846 -0.331823
v -0.947484 0.801723 -0.306016
v -0.936244 0.784655 -0.278179
v -0.929233 0.767936 -0.248788
v -0.926568 0.751851 -0.218346
v -0.871244 0.694590 -0.200000
v -0.878859 0.677082 -0.161286
v -0.891796 0.661334 -0.123234
v -0.909837 0.647618 -0.086495
v -0.932670 0.636166 -0.051699
v -0.959907 0.627175 -0.019440
v -0.991081 0.620799 0.009729
v -1.025658 0.617148 0.035310
v -1.063047 0.616282 0.056865
v -1.102609 0.618218 0.074025
v -1.143666 0.622922 0.086496
v -1.185515 0.630314 0.094065
v -1.227441 0.640267 0.096602
v -1.268727 0.652610 0.094065
v -1.308666 0.667134 0.086496
v -1.346574 0.683588 0.074025
v -1.381803 0.701693 0.056865
v -1.413750 0.721137 0.035310
v -1.441869 0.741588 0.009729
v -1.465679 0.762696 -0.019440
v -1.484771 0.784101 -0.051699
v -1.498820 0.805435 -0.086495
v -1.507585 0.826334 -0.123234
v -1.510916 0.846441 -0.161286
v -1.508756 0.865410 -0.200000
v -1.501141 0.882918 -0.238714
v -1.488204 0.898666 -0.276766
v -1.470163 0.912382 -0.313505
v -1.447330 0.923834 -0.348301
v -1.420093 0.932825 -0.380560
v -1.388919 0.939201 -0.409729
v -1.354342 0.942852 -0.435310
v -1.316953 0.943718 -0.456865
v -1.277391 0.941782 -0.474025
v -1.236334 0.937078 -0.486496
v -1.194485 0.929686 -0.494065
v -1.152559 0.919733 -0.496602
v -1.111273 0.907390 -0.494065
v -1.071334 0.892866 -0.486496
v -1.033426 0.876412 -0.474025
v -0.998197 0.858307 -0.456865
v -0.966250 0.838863 -0.435310
v -0.938131 0.818412 -0.409729
v -0.914321 0.797304 -0.380560
v -0.895229 0.775899 -0.348301
v -0.881180 0.754565 -0.313505
v -0.872415 0.733666 -0.276766
v -0.869084 0.713559 -0.238714
v -1.208610 0.710547 -0.235070
v -1.144114 0.696243 -0.233667
v -1.145637 0.692741 -0.225924
v -1.148225 0.689592 -0.218314
v -1.151833 0.686848 -0.210966
v -1.156400 0.684558 -0.204007
v -1.161847 0.682760 -0.197555
v -1.168082 0.681485 -0.191721
v -1.174997 0.680754 -0.186605
v -1.182475 0.680581 -0.182294
v -1.190387 0.680968 -0.178862
v -1.198599 0.681909 -0.176368
v -1.206969 0.683387 -0.174854
v -1.215354 0.685378 -0.174346
v -1.223611 0.687847 -0.174854
v -1.231599 0.690751 -0.176368
v -1.239180 0.694042 -0.178862
v -1.246226 0.697663 -0.182294
v -1.252616 0.701552 -0.186605
v -1.258239 0.705642 -0.191721
v -1.263001 0.709864 -0.197555
v -1.266820 0.714145 -0.204007
v -1.269630 0.718412 -0.210966
v -1.271383 0.722592 -0.218314
v -1.272049 0.726613 -0.225924
v -1.271617 0.730407 -0.233667
v -1.270094 0.733908 -0.241410
v -1.267506 0.737058 -0.249020
v -1.263898 0.739801 -0.256368
v -1.259332 0.742091 -0.263327
v -1.253884 0.743890 -0.269779
v -1.247649 0.745165 -0.275613
v -1.240734 0.745895 -0.280729
v -1.233256 0.746068 -0.285040
v -1.225344 0.745681 -0.288472
v -1.217132 0.744740 -0.290966
v -1.208763 0.743262 -0.292480
v -1.200377 0.741271 -0.292987
v -1.192120 0.738803 -0.292480
v -1.184132 0.735898 -0.290966
v -1.176551 0.732607 -0.288472
v -1.169505 0.728986 -0.285040
v -1.163116 0.725097 -0.280729
v -1.157492 0.721007 -0.275613
v -1.152730 0.716785 -0.269779
v -1.148911 0.712504 -0.263327
v -1.146102 0.708238 -0.256368
v -1.144349 0.704058 -0.249020
v -1.143682 0.700037 -0.241410
v -1.078130 0.687495 -0.229459
v -1.081176 0.680492 -0.213973
v -1.086351 0.674193 -0.198752
v -1.093567 0.668706 -0.184057
v -1.102701 0.664125 -0.170138
v -1.113595 0.660529 -0.157235
v -1.126065 0.657979 -0.145567
v -1.139896 0.656518 -0.135334
v -1.154851 0.656172 -0.126713
v -1.170676 0.656946 -0.119849
v -1.187099 0.658828 -0.114860
v -1.203838 0.661785 -0.111833
v -1.220609 0.665766 -0.110818
v -1.237123 0.670703 -0.111833
v -1.253099 0.676513 -0.114860
v -1.268262 0.683094 -0.119849
v -1.282354 0.690336 -0.126713
v -1.295133 0.698114 -0.135334
v -1.306380 0.706294 -0.145567
v -1.315904 0.714738 -0.157235
v -1.323541 0.723299 -0.170138
v -1.329160 0.731833 -0.184057
v -1.332666 0.740193 -0.198752
v -1.333999 0.748235 -0.213973
v -1.333135 0.755823 -0.229459
v -1.330089 0.762826 -0.244944
v -1.324914 0.769125 -0.260165
v -1.317698 0.774612 -0.274860
v -1.308564 0.779193 -0.288779
v -1.297670 0.782789 -0.301682
v -1.285200 0.785339 -0.313350
v -1.271369 0.786800 -0.323583
v -1.256413 0.787146 -0.332205
v -1.240589 0.786372 -0.339068
v -1.224166 0.784490 -0.344057
v -1.207426 0.781534 -0.347084
v -1.190656 0.777552 -0.348099
v -1.174142 0.772615 -0.347084
v -1.158166 0.766806 -0.344057
v -1.143003 0.760224 -0.339068
v -1.128911 0.752982 -0.332205
v -1.116132 0.745204 -0.323583
v -1.104885 0.737024 -0.313350
v -1.095361 0.728581 -0.301682
v -1.087724 0.720019 -0.288779
v -1.082104 0.711485 -0.274860
v -1.078599 0.703125 -0.260165
v -1.077266 0.695083 -0.244944
v -1.010657 0.684304 -0.222445
v -1.015226 0.673799 -0.199216
v -1.022988 0.664350 -0.176385
v -1.033812 0.656120 -0.154342
v -1.047513 0.649249 -0.133464
v -1.063855 0.643855 -0.114109
v -1.082559 0.640029 -0.096607
v -1.103305 0.637838 -0.081258
v -1.125739 0.637319 -0.068326
v -1.149476 0.638481 -0.058030
v -1.174110 0.641303 -0.050547
v -1.199219 0.645738 -0.046006
v -1.224375 0.651710 -0.044483
v -1.249147 0.659116 -0.046006
v -1.273110 0.667830 -0.050547
v -1.295855 0.677703 -0.058030
v -1.316992 0.688565 -0.068326
v -1.336161 0.700232 -0.081258
v -1.353032 0.712503 -0.096607
v -1.367318 0.725168 -0.114109
v -1.378773 0.738010 -0.133464
v -1.387202 0.750811 -0.154342
v -1.392461 0.763350 -0.176385
v -1.394460 0.775414 -0.199216
v -1.393164 0.786796 -0.222445
v -1.388595 0.797301 -0.245673
v -1.380833 0.806749 -0.268504
v -1.370008 0.814979 -0.290547
v -1.356308 0.821850 -0.311425
v -1.339966 0.827245 -0.330781
v -1.321262 0.831070 -0.348282
v -1.300515 0.833261 -0.363631
v -1.278082 0.833780 -0.376564
v -1.254345 0.832619 -0.386859
v -1.229711 0.829796 -0.394342
v -1.204601 0.825361 -0.398883
v -1.179446 0.819390 -0.400406
v -1.154674 0.811983 -0.398883
v -1.130711 0.803269 -0.394342
v -1.107966 0.793397 -0.386859
v -1.086829 0.782534 -0.376564
v -1.067660 0.770868 -0.363631
v -1.050789 0.758597 -0.348282
v -1.036503 0.745932 -0.330781
v -1.025048 0.733089 -0.311425
v -1.016618 0.720289 -0.290547
v -1.011360 0.707749 -0.268504
v -1.009361 0.695685 -0.245673
v -0.941695 0.686669 -0.212625
v -0.947786 0.672662 -0.181654
v -0.958137 0.660064 -0.151212
v -0.972569 0.649091 -0.121821
v -0.990836 0.639929 -0.093984
v -1.012625 0.632737 -0.068177
v -1.037564 0.627636 -0.044842
v -1.065226 0.624715 -0.024377
v -1.095138 0.624023 -0.007133
v -1.126787 0.625571 0.006595
v -1.159632 0.629335 0.016571
v -1.193112 0.635248 0.022627
v -1.226653 0.643210 0.024657
v -1.259681 0.653085 0.022627
v -1.291632 0.664704 0.016571
v -1.321959 0.677867 0.006595
v -1.350142 0.692351 -0.007133
v -1.375700 0.707906 -0.024377
v -1.398195 0.724267 -0.044842
v -1.417243 0.741154 -0.068177
v -1.432516 0.758277 -0.093984
v -1.443756 0.775345 -0.121821
v -1.450767 0.792064 -0.151212
v -1.453432 0.808149 -0.181654
v -1.451704 0.823325 -0.212625
v -1.445613 0.837331 -0.243597
v -1.435263 0.849929 -0.274038
v -1.420830 0.860903 -0.303429
v -1.402563 0.870064 -0.331266
v -1.380774 0.877257 -0.357073
v -1.355835 0.882357 -0.380409
v -1.328173 0.885279 -0.400873
v -1.298262 0.885971 -0.418117
v -1.266612 0.884422 -0.431845
v -1.233767 0.880659 -0.441822
v -1.200287 0.874746 -0.447877
v -1.166746 0.866783 -0.449907
v -1.133718 0.856908 -0.447877
v -1.101767 0.845290 -0.441822
v -1.071441 0.832126 -0.431845
v -1.043257 0.817643 -0.418117
v -1.017699 0.802087 -0.400873
v -0.995204 0.785726 -0.380409
v -0.976157 0.768840 -0.357073
v -0.960883 0.751716 -0.331266
v -0.949644 0.734649 -0.303429
v -0.942632 0.717929 -0.274038
v -0.939967 0.701844 -0.243597
vn 0.232625 0.868168 0.438371
vn 0.324767 0.839135 0.436325
vn 0.322540 0.834014 0.447648
vn 0.318756 0.829408 0.458777
vn 0.313480 0.825397 0.469522
vn 0.306802 0.822047 0.479699
vn 0.298836 0.819418 0.489134
vn 0.289718 0.817553 0.497665
vn 0.279605 0.816485 0.505147
vn 0.268670 0.816232 0.511451
vn 0.257099 0.816798 0.516470
vn 0.245091 0.818174 0.520118
vn 0.232851 0.820336 0.522331
vn 0.220588 0.823247 0.523073
vn 0.208513 0.826857 0.522331
vn 0.196832 0.831105 0.520118
vn 0.185745 0.835917 0.516470
vn 0.175441 0.841212 0.511451
vn 0.166097 0.846899 0.505147
vn 0.157873 0.852881 0.497665
vn 0.150910 0.859054 0.489134
vn 0.145326 0.865315 0.479699
vn 0.141217 0.871554 0.469522
vn 0.138653 0.877667 0.458777
vn 0.137679 0.883547 0.447648
vn 0.138311 0.889096 0.436325
vn 0.140538 0.894216 0.425002
vn 0.144322 0.898822 0.413872
vn 0.149598 0.902834 0.403127
vn 0.156276 0.906183 0.392950
vn 0.164242 0.908813 0.383515
vn 0.173360 0.910677 0.374984
vn 0.183473 0.911746 0.367502
vn 0.194408 0.911999 0.361198
vn 0.205979 0.911432 0.356179
vn 0.217987 0.910057 0.352532
vn 0.230227 0.907895 0.350318
vn 0.242490 0.904984 0.349576
vn 0.254565 0.901374 0.350318
vn 0.266246 0.897126 0.352532
vn 0.277333 0.892313 0.356179
vn 0.287637 0.887018 0.361198
vn 0.296981 0.881331 0.367502
vn 0.305205 0.875350 0.374984
vn 0.312168 0.869176 0.383515
vn 0.317752 0.862916 0.392950
vn 0.321861 0.856676 0.403127
vn 0.324425 0.850564 0.413872
vn 0.325399 0.844683 0.425002
vn 0.412274 0.803011 0.430353
vn 0.407881 0.792910 0.452689
vn 0.400417 0.783824 0.474642
vn 0.390009 0.775911 0.495839
vn 0.376835 0.769304 0.515914
vn 0.361121 0.764117 0.534526
vn 0.343135 0.760438 0.551355
vn 0.323186 0.758331 0.566114
vn 0.301615 0.757832 0.578549
vn 0.278790 0.758949 0.588450
vn 0.255102 0.761663 0.595645
vn 0.230957 0.765927 0.600012
vn 0.206768 0.771670 0.601476
vn 0.182949 0.778791 0.600012
vn 0.159906 0.787170 0.595645
vn 0.138035 0.796664 0.588450
vn 0.117710 0.807109 0.578549
vn 0.099278 0.818327 0.566114
vn 0.083055 0.830126 0.551355
vn 0.069318 0.842305 0.534526
vn 0.058303 0.854654 0.515914
vn 0.050198 0.866963 0.495839
vn 0.045141 0.879020 0.474642
vn 0.043219 0.890621 0.452689
vn 0.044465 0.901565 0.430353
vn 0.048858 0.911666 0.408016
vn 0.056323 0.920752 0.386063
vn 0.066731 0.928665 0.364867
vn 0.079905 0.935272 0.344791
vn 0.095619 0.940459 0.326179
vn 0.113604 0.944138 0.309350
vn 0.133554 0.946245 0.294591
vn 0.155125 0.946744 0.282156
vn 0.177950 0.945627 0.272255
vn 0.201637 0.942913 0.265060
vn 0.225782 0.938649 0.260693
vn 0.249972 0.932906 0.259229
vn 0.273791 0.925785 0.260693
vn 0.296833 0.917406 0.265060
vn 0.318704 0.907912 0.272255
vn 0.339030 0.897467 0.282156
vn 0.357462 0.886249 0.294591
vn 0.373685 0.874450 0.309350
vn 0.387421 0.862271 0.326179
vn 0.398437 0.849922 0.344791
vn 0.406542 0.837613 0.364867
vn 0.411599 0.825556 0.386063
vn 0.413521 0.813955 0.408016
vn 0.493177 0.761315 0.420922
vn 0.486732 0.746496 0.453692
vn 0.475781 0.733166 0.485901
vn 0.460511 0.721556 0.516998
vn 0.441183 0.711862 0.546452
vn 0.418128 0.704252 0.573757
vn 0.391741 0.698855 0.598448
vn 0.362473 0.695764 0.620101
vn 0.330825 0.695032 0.638346
vn 0.297338 0.696671 0.652871
vn 0.262585 0.700652 0.663427
vn 0.227162 0.706909 0.669834
vn 0.191673 0.715334 0.671982
vn 0.156727 0.725782 0.669834
vn 0.122921 0.738075 0.663427
vn 0.090833 0.752003 0.652871
vn 0.061013 0.767328 0.638346
vn 0.033971 0.783786 0.620101
vn 0.010170 0.801097 0.598448
vn -0.009984 0.818964 0.573757
vn -0.026144 0.837082 0.546452
vn -0.038036 0.855141 0.516998
vn -0.045455 0.872831 0.485901
vn -0.048275 0.889850 0.453692
vn -0.046446 0.905907 0.420922
vn -0.040001 0.920727 0.388152
vn -0.029050 0.934056 0.355943
vn -0.013780 0.945667 0.324846
vn 0.005548 0.955360 0.295392
vn 0.028603 0.962970 0.268086
vn 0.054990 0.968367 0.243396
vn 0.084258 0.971458 0.221743
vn 0.115906 0.972191 0.203498
vn 0.149393 0.970552 0.188973
vn 0.184146 0.966570 0.178417
vn 0.219569 0.960313 0.172010
vn 0.255058 0.951889 0.169862
vn 0.290004 0.941440 0.172010
vn 0.323810 0.929147 0.178417
vn 0.355898 0.915219 0.188973
vn 0.385718 0.899895 0.203498
vn 0.412760 0.883436 0.221743
vn 0.436561 0.866125 0.243396
vn 0.456715 0.848258 0.268086
vn 0.472875 0.830140 0.295392
vn 0.484767 0.812081 0.324846
vn 0.492186 0.794391 0.355943
vn 0.495005 0.777372 0.388152
vn 0.566187 0.715817 0.408703
vn 0.557844 0.696630 0.451128
vn 0.543666 0.679374 0.492827
vn 0.523897 0.664343 0.533087
vn 0.498874 0.651793 0.571218
vn 0.469027 0.641941 0.606568
vn 0.434866 0.634954 0.638534
vn 0.396974 0.630952 0.666566
vn 0.356002 0.630004 0.690187
vn 0.312648 0.632125 0.708991
vn 0.267657 0.637280 0.722657
vn 0.221796 0.645380 0.730952
vn 0.175852 0.656287 0.733732
vn 0.130609 0.669814 0.730952
vn 0.086843 0.685729 0.722657
vn 0.045301 0.703761 0.708991
vn 0.006696 0.723600 0.690187
vn -0.028314 0.744908 0.666566
vn -0.059128 0.767319 0.638534
vn -0.085219 0.790451 0.606568
vn -0.106141 0.813907 0.571218
vn -0.121537 0.837286 0.533087
vn -0.131141 0.860188 0.492827
vn -0.134792 0.882221 0.451128
vn -0.132424 0.903009 0.408703
vn -0.124081 0.922195 0.366278
vn -0.109903 0.939452 0.324580
vn -0.090134 0.954483 0.284320
vn -0.065111 0.967032 0.246189
vn -0.035264 0.976885 0.210838
vn -0.001103 0.983872 0.178873
vn 0.036789 0.987873 0.150840
vn 0.077761 0.988822 0.127220
vn 0.121115 0.986700 0.108415
vn 0.166106 0.981545 0.094749
vn 0.211967 0.973445 0.086455
vn 0.257911 0.962538 0.083674
vn 0.303154 0.949012 0.086455
vn 0.346920 0.933096 0.094749
vn 0.388462 0.915065 0.108415
vn 0.427067 0.895225 0.127220
vn 0.462077 0.873918 0.150840
vn 0.492891 0.851506 0.178873
vn 0.518982 0.828375 0.210838
vn 0.539904 0.804919 0.246189
vn 0.555300 0.781540 0.284320
vn 0.564904 0.758638 0.324580
vn 0.568555 0.736604 0.366278
vn 0.630727 0.668274 0.394453
vn 0.620661 0.645128 0.445634
vn 0.603557 0.624309 0.495941
vn 0.579707 0.606175 0.544510
vn 0.549520 0.591036 0.590513
vn 0.513511 0.579150 0.633160
vn 0.472298 0.570721 0.671723
vn 0.426586 0.565893 0.705542
vn 0.377156 0.564749 0.734038
vn 0.324854 0.567308 0.756724
vn 0.270575 0.573527 0.773211
vn 0.215248 0.583299 0.783218
vn 0.159820 0.596457 0.786573
vn 0.105239 0.612776 0.783218
vn 0.052438 0.631977 0.773211
vn 0.002322 0.653730 0.756724
vn -0.044252 0.677665 0.734038
vn -0.086488 0.703370 0.705542
vn -0.123662 0.730408 0.671723
vn -0.155139 0.758314 0.633160
vn -0.180380 0.786612 0.590513
vn -0.198953 0.814817 0.544510
vn -0.210541 0.842446 0.495941
vn -0.214944 0.869028 0.445634
vn -0.212089 0.894106 0.394453
vn -0.202022 0.917253 0.343271
vn -0.184918 0.938071 0.292964
vn -0.161068 0.956205 0.244395
vn -0.130881 0.971345 0.198393
vn -0.094873 0.983231 0.155745
vn -0.053660 0.991660 0.117182
vn -0.007947 0.996488 0.083363
vn 0.041483 0.997632 0.054867
vn 0.093785 0.995072 0.032181
vn 0.148063 0.988853 0.015694
vn 0.203390 0.979081 0.005687
vn 0.258818 0.965923 0.002333
vn 0.313400 0.949604 0.005687
vn 0.366200 0.930404 0.015694
vn 0.416316 0.908650 0.032181
vn 0.462891 0.884716 0.054867
vn 0.505126 0.859010 0.083363
vn 0.542301 0.831973 0.117182
vn 0.573778 0.804066 0.155745
vn 0.599019 0.775769 0.198393
vn 0.617592 0.747564 0.244395
vn 0.629179 0.719934 0.292964
vn 0.633583 0.693353 0.343271
vn -0.232625 -0.868168 -0.438371
vn -0.138311 -0.889096 -0.436325
vn -0.140538 -0.894216 -0.425002
vn -0.144322 -0.898822 -0.413872
vn -0.149598 -0.902834 -0.403127
vn -0.156276 -0.906183 -0.392950
vn -0.164242 -0.908813 -0.383515
vn -0.173360 -0.910677 -0.374984
vn -0.183473 -0.911746 -0.367502
vn -0.194408 -0.911999 -0.361198
vn -0.205979 -0.911432 -0.356179
vn -0.217987 -0.910057 -0.352532
vn -0.230227 -0.907895 -0.350318
vn -0.242490 -0.904984 -0.349576
vn -0.254565 -0.901374 -0.350318
vn -0.266246 -0.897126 -0.352532
vn -0.277333 -0.892313 -0.356179
vn -0.287637 -0.887018 -0.361198
vn -0.296981 -0.881331 -0.367502
vn -0.305205 -0.875350 -0.374984
vn -0.312168 -0.869176 -0.383515
vn -0.317752 -0.862916 -0.392950
vn -0.321861 -0.856676 -0.403127
vn -0.324425 -0.850564 -0.413872
vn -0.325399 -0.844683 -0.425002
vn -0.324767 -0.839135 -0.436325
vn -0.322540 -0.834014 -0.447648
vn -0.318756 -0.829408 -0.458777
vn -0.313480 -0.825397 -0.469522
vn -0.306802 -0.822047 -0.479699
vn -0.298836 -0.819418 -0.489134
vn -0.289718 -0.817553 -0.497665
vn -0.279605 -0.816485 -0.505147
vn -0.268670 -0.816232 -0.511451
vn -0.257099 -0.816798 -0.516470
vn -0.245091 -0.818174 -0.520118
vn -0.232851 -0.820336 -0.522331
vn -0.220588 -0.823247 -0.523073
vn -0.208513 -0.826857 -0.522331
vn -0.196832 -0.831105 -0.520118
vn -0.185745 -0.835917 -0.516470
vn -0.175441 -0.841212 -0.511451
vn -0.166097 -0.846899 -0.505147
vn -0.157873 -0.852881 -0.497665
vn -0.150910 -0.859054 -0.489134
vn -0.145326 -0.865315 -0.479699
vn -0.141217 -0.871554 -0.469522
vn -0.138653 -0.877667 -0.458777
vn -0.137679 -0.883547 -0.447648
vn -0.044465 -0.901565 -0.430353
vn -0.048858 -0.911666 -0.408016
vn -0.056323 -0.920752 -0.386063
vn -0.066731 -0.928665 -0.364867
vn -0.079905 -0.935272 -0.344791
vn -0.095619 -0.940459 -0.326179
vn -0.113604 -0.944138 -0.309350
vn -0.133554 -0.946245 -0.294591
vn -0.155125 -0.946744 -0.282156
vn -0.177950 -0.945627 -0.272255
vn -0.201637 -0.942913 -0.265060
vn -0.225782 -0.938649 -0.260693
vn -0.249972 -0.932906 -0.259229
vn -0.273791 -0.925785 -0.260693
vn -0.296833 -0.917406 -0.265060
vn -0.318704 -0.907912 -0.272255
vn -0.339030 -0.897467 -0.282156
vn -0.357462 -0.886249 -0.294591
vn -0.373685 -0.874450 -0.309350
vn -0.387421 -0.862271 -0.326179
vn -0.398437 -0.849922 -0.344791
vn -0.406542 -0.837613 -0.364867
vn -0.411599 -0.825556 -0.386063
vn -0.413521 -0.813955 -0.408016
vn -0.412274 -0.803011 -0.430353
vn -0.407881 -0.792910 -0.452689
vn -0.400417 -0.783824 -0.474642
vn -0.390009 -0.775911 -0.495839
vn -0.376835 -0.769304 -0.515914
vn -0.361121 -0.764117 -0.534526
vn -0.343135 -0.760438 -0.551355
vn -0.323186 -0.758331 -0.566114
vn -0.301615 -0.757832 -0.578549
vn -0.278790 -0.758949 -0.588450
vn -0.255102 -0.761663 -0.595645
vn -0.230957 -0.765927 -0.600012
vn -0.206768 -0.771670 -0.601476
vn -0.182949 -0.778791 -0.600012
vn -0.159906 -0.787170 -0.595645
vn -0.138035 -0.796664 -0.588450
vn -0.117710 -0.807109 -0.578549
vn -0.099278 -0.818327 -0.566114
vn -0.083055 -0.830126 -0.551355
vn -0.069318 -0.842305 -0.534526
vn -0.058303 -0.854654 -0.515914
vn -0.050198 -0.866963 -0.495839
vn -0.045141 -0.879020 -0.474642
vn -0.043219 -0.890621 -0.452689
vn 0.046446 -0.905907 -0.420922
vn 0.040001 -0.920727 -0.388152
vn 0.029050 -0.934056 -0.355943
vn 0.013780 -0.945667 -0.324846
vn -0.005548 -0.955360 -0.295392
vn -0.028603 -0.962970 -0.268086
vn -0.054990 -0.968367 -0.243396
vn -0.084258 -0.971458 -0.221743
vn -0.115906 -0.972191 -0.203498
vn -0.149393 -0.970552 -0.188973
vn -0.184146 -0.966570 -0.178417
vn -0.219569 -0.960313 -0.172010
vn -0.255058 -0.951889 -0.169862
vn -0.290004 -0.941440 -0.172010
vn -0.323810 -0.929147 -0.178417
vn -0.355898 -0.915219 -0.188973
vn -0.385718 -0.899895 -0.203498
vn -0.412760 -0.883436 -0.221743
vn -0.436561 -0.866125 -0.243396
vn -0.456715 -0.848258 -0.268086
vn -0.472875 -0.830140 -0.295392
vn -0.484767 -0.812081 -0.324846
vn -0.492186 -0.794391 -0.355943
vn -0.495005 -0.777372 -0.388152
vn -0.493177 -0.761315 -0.420922
vn -0.486732 -0.746496 -0.453692
vn -0.475781 -0.733166 -0.485901
vn -0.460511 -0.721556 -0.516998
vn -0.441183 -0.711862 -0.546452
vn -0.418128 -0.704252 -0.573757
vn -0.391741 -0.698855 -0.598448
vn -0.362473 -0.695764 -0.620101
vn -0.330825 -0.695032 -0.638346
vn -0.297338 -0.696671 -0.652871
vn -0.262585 -0.700652 -0.663427
vn -0.227162 -0.706909 -0.669834
vn -0.191673 -0.715334 -0.671982
vn -0.156727 -0.725782 -0.669834
vn -0.122921 -0.738075 -0.663427
vn -0.090833 -0.752003 -0.652871
vn -0.061013 -0.767328 -0.638346
vn -0.033971 -0.783786 -0.620101
vn -0.010170 -0.801097 -0.598448
vn 0.009984 -0.818964 -0.573757
vn 0.026144 -0.837082 -0.546452
vn 0.038036 -0.855141 -0.516998
vn 0.045455 -0.872831 -0.485901
vn 0.048275 -0.889850 -0.453692
vn 0.132424 -0.903009 -0.408703
vn 0.124081 -0.922195 -0.366278
vn 0.109903 -0.939452 -0.324580
vn 0.090134 -0.954483 -0.284320
vn 0.065111 -0.967032 -0.246189
vn 0.035264 -0.976885 -0.210838
vn 0.001103 -0.983872 -0.178873
vn -0.036789 -0.987873 -0.150840
vn -0.077761 -0.988822 -0.127220
vn -0.121115 -0.986700 -0.108415
vn -0.166106 -0.981545 -0.094749
vn -0.211967 -0.973445 -0.086455
vn -0.257911 -0.962538 -0.083674
vn -0.303154 -0.949012 -0.086455
vn -0.346920 -0.933096 -0.094749
vn -0.388462 -0.915065 -0.108415
vn -0.427067 -0.895225 -0.127220
vn -0.462077 -0.873918 -0.150840
vn -0.492891 -0.851506 -0.178873
vn -0.518982 -0.828375 -0.210838
vn -0.539904 -0.804919 -0.246189
vn -0.555300 -0.781540 -0.284320
vn -0.564904 -0.758638 -0.324580
vn -0.568555 -0.736604 -0.366278
vn -0.566187 -0.715817 -0.408703
vn -0.557844 -0.696630 -0.451128
vn -0.543666 -0.679374 -0.492827
vn -0.523897 -0.664343 -0.533087
vn -0.498874 -0.651793 -0.571218
vn -0.469027 -0.641941 -0.606568
vn -0.434866 -0.634954 -0.638534
vn -0.396974 -0.630952 -0.666566
vn -0.356002 -0.630004 -0.690187
vn -0.312648 -0.632125 -0.708991
vn -0.267657 -0.637280 -0.722657
vn -0.221796 -0.645380 -0.730952
vn -0.175852 -0.656287 -0.733732
vn -0.130609 -0.669814 -0.730952
vn -0.086843 -0.685729 -0.722657
vn -0.045301 -0.703761 -0.708991
vn -0.006696 -0.723600 -0.690187
vn 0.028314 -0.744908 -0.666566
vn 0.059128 -0.767319 -0.638534
vn 0.085219 -0.790451 -0.606568
vn 0.106141 -0.813907 -0.571218
vn 0.121537 -0.837286 -0.533087
vn 0.131141 -0.860188 -0.492827
vn 0.134792 -0.882221 -0.451128
vn 0.212089 -0.894106 -0.394453
vn 0.202022 -0.917253 -0.343271
vn 0.184918 -0.938071 -0.292964
vn 0.161068 -0.956205 -0.244395
vn 0.130881 -0.971345 -0.198393
vn 0.094873 -0.983231 -0.155745
vn 0.053660 -0.991660 -0.117182
vn 0.007947 -0.996488 -0.083363
vn -0.041483 -0.997632 -0.054867
vn -0.093785 -0.995072 -0.032181
vn -0.148063 -0.988853 -0.015694
vn -0.203390 -0.979081 -0.005687
vn -0.258818 -0.965923 -0.002333
vn -0.313400 -0.949604 -0.005687
vn -0.366200 -0.930404 -0.015694
vn -0.416316 -0.908650 -0.032181
vn -0.462891 -0.884716 -0.054867
vn -0.505126 -0.859010 -0.083363
vn -0.542301 -0.831973 -0.117182
vn -0.573778 -0.804066 -0.155745
vn -0.599019 -0.775769 -0.198393
vn -0.617592 -0.747564 -0.244395
vn -0.629179 -0.719934 -0.292964
vn -0.633583 -0.693353 -0.343271
vn -0.630727 -0.668274 -0.394453
vn -0.620661 -0.645128 -0.445634
vn -0.603557 -0.624309 -0.495941
vn -0.579707 -0.606175 -0.544510
vn -0.549520 -0.591036 -0.590513
vn -0.513511 -0.579150 -0.633160
vn -0.472298 -0.570721 -0.671723
vn -0.426586 -0.565893 -0.705542
vn -0.377156 -0.564749 -0.734038
vn -0.324854 -0.567308 -0.756724
vn -0.270575 -0.573527 -0.773211
vn -0.215248 -0.583299 -0.783218
vn -0.159820 -0.596457 -0.786573
vn -0.105239 -0.612776 -0.783218
vn -0.052438 -0.631977 -0.773211
vn -0.002322 -0.653730 -0.756724
vn 0.044252 -0.677665 -0.734038
vn 0.086488 -0.703370 -0.705542
vn 0.123662 -0.730408 -0.671723
vn 0.155139 -0.758314 -0.633160
vn 0.180380 -0.786612 -0.590513
vn 0.198953 -0.814817 -0.544510
vn 0.210541 -0.842446 -0.495941
vn 0.214944 -0.869028 -0.445634
f 1573//1594 1575//1596 1574//1595
f 1573//1594 1576//1597 1575//1596
f 1573//1594 1577//1598 1576//1597
f 1573//1594 1578//1599 1577//1598
f 1573//1594 1579//1600 1578//1599
f 1573//1594 1580//1601 1579//1600
f 1573//1594 1581//1602 1580//1601
f 1573//1594 1582//1603 1581//1602
f 1573//1594 1583//1604 1582//1603
f 1573//1594 1584//1605 1583//1604
f 1573//1594 1585//1606 1584//1605
f 1573//1594 1586//1607 1585//1606
f 1573//1594 1587//1608 1586//1607
f 1573//1594 1588//1609 1587//1608
f 1573//1594 1589//1610 1588//1609
f 1573//1594 1590//1611 1589//1610
f 1573//1594 1591//1612 1590//1611
f 1573//1594 1592//1613 1591//1612
f 1573//1594 1593//1614 1592//1613
f 1573//1594 1594//1615 1593//1614
f 1573//1594 1595//1616 1594//1615
f 1573//1594 1596//1617 1595//1616
f 1573//1594 1597//1618 1596//1617
f 1573//1594 1598//1619 1597//1618
f 1573//1594 1599//1620 1598//1619
f 1573//1594 1600//1621 1599//1620
f 1573//1594 1601//1622 1600//1621
f 1573//1594 1602//1623 1601//1622
f 1573//1594 1603//1624 1602//1623
f 1573//1594 1604//1625 1603//1624
f 1573//1594 1605//1626 1604//1625
f 1573//1594 1606//1627 1605//1626
f 1573//1594 1607//1628 1606//1627
f 1573//1594 1608//1629 1607//1628
f 1573//1594 1609//1630 1608//1629
f 1573//1594 1610//1631 1609//1630
f 1573//1594 1611//1632 1610//1631
f 1573//1594 1612//1633 1611//1632
f 1573//1594 1613//1634 1612//1633
f 1573//1594 1614//1635 1613//1634
f 1573//1594 1615//1636 1614//1635
f 1573//1594 1616//1637 1615//1636
f 1573//1594 1617//1638 1616//1637
f 1573//1594 1618//1639 1617//1638
f 1573//1594 1619//1640 1618//1639
f 1573//1594 1620//1641 1619//1640
f 1573//1594 1621//1642 1620//1641
f 1573//1594 1574//1595 1621//1642
f 1574//1595 1623//1644 1622//1643
f 1574//1595 1575//1596 1623//1644
f 1575//1596 1624//1645 1623//1644
f 1575//1596 1576//1597 1624//1645
f 1576//1597 1625//1646 1624//1645
f 1576//1597 1577//1598 1625//1646
f 1577//1598 1626//1647 1625//1646
f 1577//1598 1578//1599 1626//1647
f 1578//1599 1627//1648 1626//1647
f 1578//1599 1579//1600 1627//1648
f 1579//1600 1628//1649 1627//1648
f 1579//1600 1580//1601 1628//1649
f 1580//1601 1629//1650 1628//1649
f 1580//1601 1581//1602 1629//1650
f 1581//1602 1630//1651 1629//1650
f 1581//1602 1582//1603 1630//1651
f 1582//1603 1631//1652 1630//1651
f 1582//1603 1583//1604 1631//1652
f 1583//1604 1632//1653 1631//1652
f 1583//1604 1584//1605 1632//1653
f 1584//1605 1633//1654 1632//1653
f 1584//1605 1585//1606 1633//1654
f 1585//1606 1634//1655 1633//1654
f 1585//1606 1586//1607 1634//1655
f 1586//1607 1635//1656 1634//1655
f 1586//1607 1587//1608 1635//1656
f 1587//1608 1636//1657 1635//1656
f 1587//1608 1588//1609 1636//1657
f 1588//1609 1637//1658 1636//1657
f 1588//1609 1589//1610 1637//1658
f 1589//1610 1638//1659 1637//1658
f 1589//1610 1590//1611 1638//1659
f 1590//1611 1639//1660 1638//1659
f 1590//1611 1591//1612 1639//1660
f 1591//1612 1640//1661 1639//1660
f 1591//1612 1592//1613 1640//1661
f 1592//1613 1641//1662 1640//1661
f 1592//1613 1593//1614 1641//1662
f 1593//1614 1642//1663 1641//1662
f 1593//1614 1594//1615 1642//1663
f 1594//1615 1643//1664 1642//1663
f 1594//1615 1595//1616 1643//1664
f 1595//1616 1644//1665 1643//1664
f 1595//1616 1596//1617 1644//1665
f 1596//1617 1645//1666 1644//1665
f 1596//1617 1597//1618 1645//1666
f 1597//1618 1646//1667 1645//1666
f 1597//1618 1598//1619 1646//1667
f 1598//1619 1647//1668 1646//1667
f 1598//1619 1599//1620 1647//1668
f 1599//1620 1648//1669 1647//1668
f 1599//1620 1600//1621 1648//1669
f 1600//1621 1649//1670 1648//1669
f 1600//1621 1601//1622 1649//1670
f 1601//1622 1650//1671 1649//1670
f 1601//1622 1602//1623 1650//1671
f 1602//1623 1651//1672 1650//1671
f 1602//1623 1603//1624 1651//1672
f 1603//1624 1652//1673 1651//1672
f 1603//1624 1604//1625 1652//1673
f 1604//1625 1653//1674 1652//1673
f 1604//1625 1605//1626 1653//1674
f 1605//1626 1654//1675 1653//1674
f 1605//1626 1606//1627 1654//1675
f 1606//1627 1655//1676 1654//1675
f 1606//1627 1607//1628 1655//1676
f 1607//1628 1656//1677 1655//1676
f 1607//1628 1608//1629 1656//1677
f 1608//1629 1657//1678 1656//1677
f 1608//1629 1609//1630 1657//1678
f 1609//1630 1658//1679 1657//1678
f 1609//1630 1610//1631 1658//1679
f 1610//1631 1659//1680 1658//1679
f 1610//1631 1611//1632 1659//1680
f 1611//1632 1660//1681 1659//1680
f 1611//1632 1612//1633 1660//1681
f 1612//1633 1661//1682 1660//1681
f 1612//1633 1613//1634 1661//1682
f 1613//1634 1662//1683 1661//1682
f 1613//1634 1614//1635 1662//1683
f 1614//1635 1663//1684 1662//1683
f 1614//1635 1615//1636 1663//1684
f 1615//1636 1664//1685 1663//1684
f 1615//1636 1616//1637 1664//1685
f 1616//1637 1665//1686 1664//1685
f 1616//1637 1617//1638 1665//1686
f 1617//1638 1666//1687 1665//1686
f 1617//1638 1618//1639 1666//1687
f 1618//1639 1667//1688 1666//1687
f 1618//1639 1619//1640 1667//1688
f 1619//1640 1668//1689 1667//1688
f 1619//1640 1620//1641 1668//1689
f 1620//1641 1669//1690 1668//1689
f 1620//1641 1621//1642 1669//1690
f 1621//1642 1622//1643 1669//1690
f 1621//1642 1574//1595 1622//1643
f 1622//1643 1671//1692 1670//1691
f 1622//1643 1623//1644 1671//1692
f 1623//1644 1672//1693 1671//1692
f 1623//1644 1624//1645 1672//1693
f 1624//1645 1673//1694 1672//1693
f 1624//1645 1625//1646 1673//1694
f 1625//1646 1674//1695 1673//1694
f 1625//1646 1626//1647 1674//1695
f 1626//1647 1675//1696 1674//1695
f 1626//1647 1627//1648 1675//1696
f 1627//1648 1676//1697 1675//1696
f 1627//1648 1628//1649 1676//1697
f 1628//1649 1677//1698 1676//1697
f 1628//1649 1629//1650 1677//1698
f 1629//1650 1678//1699 1677//1698
f 1629//1650 1630//1651 1678//1699
f 1630//1651 1679//1700 1678//1699
f 1630//1651 1631//1652 1679//1700
f 1631//1652 1680//1701 1679//1700
f 1631//1652 1632//1653 1680//1701
f 1632//1653 1681//1702 1680//1701
f 1632//1653 1633//1654 1681//1702
f 1633//1654 1682//1703 1681//1702
f 1633//1654 1634//1655 1682//1703
f 1634//1655 1683//1704 1682//1703
f 1634//1655 1635//1656 1683//1704
f 1635//1656 1684//1705 1683//1704
f 1635//1656 1636//1657 1684//1705
f 1636//1657 1685//1706 1684//1705
f 1636//1657 1637//1658 1685//1706
f 1637//1658 1686//1707 1685//1706
f 1637//1658 1638//1659 1686//1707
f 1638//1659 1687//1708 1686//1707
f 1638//1659 1639//1660 1687//1708
f 1639//1660 1688//1709 1687//1708
f 1639//1660 1640//1661 1688//1709
f 1640//1661 1689//1710 1688//1709
f 1640//1661 1641//1662 1689//1710
f 1641//1662 1690//1711 1689//1710
f 1641//1662 1642//1663 1690//1711
f 1642//1663 1691//1712 1690//1711
f 1642//1663 1643//1664 1691//1712
f 1643//1664 1692//1713 1691//1712
f 1643//1664 1644//1665 1692//1713
f 1644//1665 1693//1714 1692//1713
f 1644//1665 1645//1666 1693//1714
f 1645//1666 1694//1715 1693//1714
f 1645//1666 1646//1667 1694//1715
f 1646//1667 1695//1716 1694//1715
f 1646//1667 1647//1668 1695//1716
f 1647//1668 1696//1717 1695//1716
f 1647//1668 1648//1669 1696//1717
f 1648//1669 1697//1718 1696//1717
f 1648//1669 1649//1670 1697//1718
f 1649//1670 1698//1719 1697//1718
f 1649//1670 1650//1671 1698//1719
f 1650//1671 1699//1720 1698//1719
f 1650//1671 1651//1672 1699//1720
f 1651//1672 1700//1721 1699//1720
f 1651//1672 1652//1673 1700//1721
f 1652//1673 1701//1722 1700//1721
f 1652//1673 1653//1674 1701//1722
f 1653//1674 1702//1723 1701//1722
f 1653//1674 1654//1675 1702//1723
f 1654//1675 1703//1724 1702//1723
f 1654//1675 1655//1676 1703//1724
f 1655//1676 1704//1725 1703//1724
f 1655//1676 1656//1677 1704//1725
f 1656//1677 1705//1726 1704//1725
f 1656//1677 1657//1678 1705//1726
f 1657//1678 1706//1727 1705//1726
f 1657//1678 1658//1679 1706//1727
f 1658//1679 1707//1728 1706//1727
f 1658//1679 1659//1680 1707//1728
f 1659//1680 1708//1729 1707//1728
f 1659//1680 1660//1681 1708//1729
f 1660//1681 1709//1730 1708//1729
f 1660//1681 1661//1682 1709//1730
f 1661//1682 1710//1731 1709//1730
f 1661//1682 1662//1683 1710//1731
f 1662//1683 1711//1732 1710//1731
f 1662//1683 1663//1684 1711//1732
f 1663//1684 1712//1733 1711//1732
f 1663//1684 1664//1685 1712//1733
f 1664//1685 1713//1734 1712//1733
f 1664//1685 1665//1686 1713//1734
f 1665//1686 1714//1735 1713//1734
f 1665//1686 1666//1687 1714//1735
f 1666//1687 1715//1736 1714//1735
f 1666//1687 1667//1688 1715//1736
f 1667//1688 1716//1737 1715//1736
f 1667//1688 1668//1689 1716//1737
f 1668//1689 1717//1738 1716//1737
f 1668//1689 1669//1690 1717//1738
f 1669//1690 1670//1691 1717//1738
f 1669//1690 1622//1643 1670//1691
f 1670//1691 1719//1740 1718//1739
f 1670//1691 1671//1692 1719//1740
f 1671//1692 1720//1741 1719//1740
f 1671//1692 1672//1693 1720//1741
f 1672//1693 1721//1742 1720//1741
f 1672//1693 1673//1694 1721//1742
f 1673//1694 1722//1743 1721//1742
f 1673//1694 1674//1695 1722//1743
f 1674//1695 1723//1744 1722//1743
f 1674//1695 1675//1696 1723//1744
f 1675//1696 1724//1745 1723//1744
f 1675//1696 1676//1697 1724//1745
f 1676//1697 1725//1746 1724//1745
f 1676//1697 1677//1698 1725//1746
f 1677//1698 1726//1747 1725//1746
f 1677//1698 1678//1699 1726//1747
f 1678//1699 1727//1748 1726//1747
f 1678//1699 1679//1700 1727//1748
f 1679//1700 1728//1749 1727//1748
f 1679//1700 1680//1701 1728//1749
f 1680//1701 1729//1750 1728//1749
f 1680//1701 1681//1702 1729//1750
f 1681//1702 1730//1751 1729//1750
f 1681//1702 1682//1703 1730//1751
f 1682//1703 1731//1752 1730//1751
f 1682//1703 1683//1704 1731//1752
f 1683//1704 1732//1753 1731//1752
f 1683//1704 1684//1705 1732//1753
f 1684//1705 1733//1754 1732//1753
f 1684//1705 1685//1706 1733//1754
f 1685//1706 1734//1755 1733//1754
f 1685//1706 1686//1707 1734//1755
f 1686//1707 1735//1756 1734//1755
f 1686//1707 1687//1708 1735//1756
f 1687//1708 1736//1757 1735//1756
f 1687//1708 1688//1709 1736//1757
f 1688//1709 1737//1758 1736//1757
f 1688//1709 1689//1710 1737//1758
f 1689//1710 1738//1759 1737//1758
f 1689//1710 1690//1711 1738//1759
f 1690//1711 1739//1760 1738//1759
f 1690//1711 1691//1712 1739//1760
f 1691//1712 1740//1761 1739//1760
f 1691//1712 1692//1713 1740//1761
f 1692//1713 1741//1762 1740//1761
f 1692//1713 1693//1714 1741//1762
f 1693//1714 1742//1763 1741//1762
f 1693//1714 1694//1715 1742//1763
f 1694//1715 1743//1764 1742//1763
f 1694//1715 1695//1716 1743//1764
f 1695//1716 1744//1765 1743//1764
f 1695//1716 1696//1717 1744//1765
f 1696//1717 1745//1766 1744//1765
f 1696//1717 1697//1718 1745//1766
f 1697//1718 1746//1767 1745//1766
f 1697//1718 1698//1719 1746//1767
f 1698//1719 1747//1768 1746//1767
f 1698//1719 1699//1720 1747//1768
f 1699//1720 1748//1769 1747//1768
f 1699//1720 1700//1721 1748//1769
f 1700//1721 1749//1770 1748//1769
f 1700//1721 1701//1722 1749//1770
f 1701//1722 1750//1771 1749//1770
f 1701//1722 1702//1723 1750//1771
f 1702//1723 1751//1772 1750//1771
f 1702//1723 1703//1724 1751//1772
f 1703//1724 1752//1773 1751//1772
f 1703//1724 1704//1725 1752//1773
f 1704//1725 1753//1774 1752//1773
f 1704//1725 1705//1726 1753//1774
f 1705//1726 1754//1775 1753//1774
f 1705//1726 1706//1727 1754//1775
f 1706//1727 1755//1776 1754//1775
f 1706//1727 1707//1728 1755//1776
f 1707//1728 1756//1777 1755//1776
f 1707//1728 1708//1729 1756//1777
f 1708//1729 1757//1778 1756//1777
f 1708//1729 1709//1730 1757//1778
f 1709//1730 1758//1779 1757//1778
f 1709//1730 1710//1731 1758//1779
f 1710//1731 1759//1780 1758//1779
f 1710//1731 1711//1732 1759//1780
f 1711//1732 1760//1781 1759//1780
f 1711//1732 1712//1733 1760//1781
f 1712//1733 1761//1782 1760//1781
f 1712//1733 1713//1734 1761//1782
f 1713//1734 1762//1783 1761//1782
f 1713//1734 1714//1735 1762//1783
f 1714//1735 1763//1784 1762//1783
f 1714//1735 1715//1736 1763//1784
f 1715//1736 1764//1785 1763//1784
f 1715//1736 1716//1737 1764//1785
f 1716//1737 1765//1786 1764//1785
f 1716//1737 1717//1738 1765//1786
f 1717//1738 1718//1739 1765//1786
f 1717//1738 1670//1691 1718//1739
f 1718//1739 1767//1788 1766//1787
f 1718//1739 1719//1740 1767//1788
f 1719//1740 1768//1789 1767//1788
f 1719//1740 1720//1741 1768//1789
f 1720//1741 1769//1790 1768//1789
f 1720//1741 1721//1742 1769//1790
f 1721//1742 1770//1791 1769//1790
f 1721//1742 1722//1743 1770//1791
f 1722//1743 1771//1792 1770//1791
f 1722//1743 1723//1744 1771//1792
f 1723//1744 1772//1793 1771//1792
f 1723//1744 1724//1745 1772//1793
f 1724//1745 1773//1794 1772//1793
f 1724//1745 1725//1746 1773//1794
f 1725//1746 1774//1795 1773//1794
f 1725//1746 1726//1747 1774//1795
f 1726//1747 1775//1796 1774//1795
f 1726//1747 1727//1748 1775//1796
f 1727//1748 1776//1797 1775//1796
f 1727//1748 1728//1749 1776//1797
f 1728//1749 1777//1798 1776//1797
f 1728//1749 1729//1750 1777//1798
f 1729//1750 1778//1799 1777//1798
f 1729//1750 1730//1751 1778//1799
f 1730//1751 1779//1800 1778//1799
f 1730//1751 1731//1752 1779//1800
f 1731//1752 1780//1801 1779//1800
f 1731//1752 1732//1753 1780//1801
f 1732//1753 1781//1802 1780//1801
f 1732//1753 1733//1754 1781//1802
f 1733//1754 1782//1803 1781//1802
f 1733//1754 1734//1755 1782//1803
f 1734//1755 1783//1804 1782//1803
f 1734//1755 1735//1756 1783//1804
f 1735//1756 1784//1805 1783//1804
f 1735//1756 1736//1757 1784//1805
f 1736//1757 1785//1806 1784//1805
f 1736//1757 1737//1758 1785//1806
f 1737//1758 1786//1807 1785//1806
f 1737//1758 1738//1759 1786//1807
f 1738//1759 1787//1808 1786//1807
f 1738//1759 1739//1760 1787//1808
f 1739//1760 1788//1809 1787//1808
f 1739//1760 1740//1761 1788//1809
f 1740//1761 1789//1810 1788//1809
f 1740//1761 1741//1762 1789//1810
f 1741//1762 1790//1811 1789//1810
f 1741//1762 1742//1763 1790//1811
f 1742//1763 1791//1812 1790//1811
f 1742//1763 1743//1764 1791//1812
f 1743//1764 1792//1813 1791//1812
f 1743//1764 1744//1765 1792//1813
f 1744//1765 1793//1814 1792//1813
f 1744//1765 1745//1766 1793//1814
f 1745//1766 1794//1815 1793//1814
f 1745//1766 1746//1767 1794//1815
f 1746//1767 1795//1816 1794//1815
f 1746//1767 1747//1768 1795//1816
f 1747//1768 1796//1817 1795//1816
f 1747//1768 1748//1769 1796//1817
f 1748//1769 1797//1818 1796//1817
f 1748//1769 1749//1770 1797//1818
f 1749//1770 1798//1819 1797//1818
f 1749//1770 1750//1771 1798//1819
f 1750//1771 1799//1820 1798//1819
f 1750//1771 1751//1772 1799//1820
f 1751//1772 1800//1821 1799//1820
f 1751//1772 1752//1773 1800//1821
f 1752//1773 1801//1822 1800//1821
f 1752//1773 1753//1774 1801//1822
f 1753//1774 1802//1823 1801//1822
f 1753//1774 1754//1775 1802//1823
f 1754//1775 1803//1824 1802//1823
f 1754//1775 1755//1776 1803//1824
f 1755//1776 1804//1825 1803//1824
f 1755//1776 1756//1777 1804//1825
f 1756//1777 1805//1826 1804//1825
f 1756//1777 1757//1778 1805//1826
f 1757//1778 1806//1827 1805//1826
f 1757//1778 1758//1779 1806//1827
f 1758//1779 1807//1828 1806//1827
f 1758//1779 1759//1780 1807//1828
f 1759//1780 1808//1829 1807//1828
f 1759//1780 1760//1781 1808//1829
f 1760//1781 1809//1830 1808//1829
f 1760//1781 1761//1782 1809//1830
f 1761//1782 1810//1831 1809//1830
f 1761//1782 1762//1783 1810//1831
f 1762//1783 1811//1832 1810//1831
f 1762//1783 1763//1784 1811//1832
f 1763//1784 1812//1833 1811//1832
f 1763//1784 1764//1785 1812//1833
f 1764//1785 1813//1834 1812//1833
f 1764//1785 1765//1786 1813//1834
f 1765//1786 1766//1787 1813//1834
f 1765//1786 1718//1739 1766//1787
f 1814//1835 1815//1836 1816//1837
f 1814//1835 1816//1837 1817//1838
f 1814//1835 1817//1838 1818//1839
f 1814//1835 1818//1839 1819//1840
f 1814//1835 1819//1840 1820//1841
f 1814//1835 1820//1841 1821//1842
f 1814//1835 1821//1842 1822//1843
f 1814//1835 1822//1843 1823//1844
f 1814//1835 1823//1844 1824//1845
f 1814//1835 1824//1845 1825//1846
f 1814//1835 1825//1846 1826//1847
f 1814//1835 1826//1847 1827//1848
f 1814//1835 1827//1848 1828//1849
f 1814//1835 1828//1849 1829//1850
f 1814//1835 1829//1850 1830//1851
f 1814//1835 1830//1851 1831//1852
f 1814//1835 1831//1852 1832//1853
f 1814//1835 1832//1853 1833//1854
f 1814//1835 1833//1854 1834//1855
f 1814//1835 1834//1855 1835//1856
f 1814//1835 1835//1856 1836//1857
f 1814//1835 1836//1857 1837//1858
f 1814//1835 1837//1858 1838//1859
f 1814//1835 1838//1859 1839//1860
f 1814//1835 1839//1860 1840//1861
f 1814//1835 1840//1861 1841//1862
f 1814//1835 1841//1862 1842//1863
f 1814//1835 1842//1863 1843//1864
f 1814//1835 1843//1864 1844//1865
f 1814//1835 1844//1865 1845//1866
f 1814//1835 1845//1866 1846//1867
f 1814//1835 1846//1867 1847//1868
f 1814//1835 1847//1868 1848//1869
f 1814//1835 1848//1869 1849//1870
f 1814//1835 1849//1870 1850//1871
f 1814//1835 1850//1871 1851//1872
f 1814//1835 1851//1872 1852//1873
f 1814//1835 1852//1873 1853//1874
f 1814//1835 1853//1874 1854//1875
f 1814//1835 1854//1875 1855//1876
f 1814//1835 1855//1876 1856//1877
f 1814//1835 1856//1877 1857//1878
f 1814//1835 1857//1878 1858//1879
f 1814//1835 1858//1879 1859//1880
f 1814//1835 1859//1880 1860//1881
f 1814//1835 1860//1881 1861//1882
f 1814//1835 1861//1882 1862//1883
f 1814//1835 1862//1883 1815//1836
f 1815//1836 1863//1884 1864//1885
f 1815//1836 1864//1885 1816//1837
f 1816//1837 1864//1885 1865//1886
f 1816//1837 1865//1886 1817//1838
f 1817//1838 1865//1886 1866//1887
f 1817//1838 1866//1887 1818//1839
f 1818//1839 1866//1887 1867//1888
f 1818//1839 1867//1888 1819//1840
f 1819//1840 1867//1888 1868//1889
f 1819//1840 1868//1889 1820//1841
f 1820//1841 1868//1889 1869//1890
f 1820//1841 1869//1890 1821//1842
f 1821//1842 1869//1890 1870//1891
f 1821//1842 1870//1891 1822//1843
f 1822//1843 1870//1891 1871//1892
f 1822//1843 1871//1892 1823//1844
f 1823//1844 1871//1892 1872//1893
f 1823//1844 1872//1893 1824//1845
f 1824//1845 1872//1893 1873//1894
f 1824//1845 1873//1894 1825//1846
f 1825//1846 1873//1894 1874//1895
f 1825//1846 1874//1895 1826//1847
f 1826//1847 1874//1895 1875//1896
f 1826//1847 1875//1896 1827//1848
f 1827//1848 1875//1896 1876//1897
f 1827//1848 1876//1897 1828//1849
f 1828//1849 1876//1897 1877//1898
f 1828//1849 1877//1898 1829//1850
f 1829//1850 1877//1898 1878//1899
f 1829//1850 1878//1899 1830//1851
f 1830//1851 1878//1899 1879//1900
f 1830//1851 1879//1900 1831//1852
f 1831//1852 1879//1900 1880//1901
f 1831//1852 1880//1901 1832//1853
f 1832//1853 1880//1901 1881//1902
f 1832//1853 1881//1902 1833//1854
f 1833//1854 1881//1902 1882//1903
f 1833//1854 1882//1903 1834//1855
f 1834//1855 1882//1903 1883//1904
f 1834//1855 1883//1904 1835//1856
f 1835//1856 1883//1904 1884//1905
f 1835//1856 1884//1905 1836//1857
f 1836//1857 1884//1905 1885//1906
f 1836//1857 1885//1906 1837//1858
f 1837//1858 1885//1906 1886//1907
f 1837//1858 1886//1907 1838//1859
f 1838//1859 1886//1907 1887//1908
f 1838//1859 1887//1908 1839//1860
f 1839//1860 1887//1908 1888//1909
f 1839//1860 1888//1909 1840//1861
f 1840//1861 1888//1909 1889//1910
f 1840//1861 1889//1910 1841//1862
f 1841//1862 1889//1910 1890//1911
f 1841//1862 1890//1911 1842//1863
f 1842//1863 1890//1911 1891//1912
f 1842//1863 1891//1912 1843//1864
f 1843//1864 1891//1912 1892//1913
f 1843//1864 1892//1913 1844//1865
f 1844//1865 1892//1913 1893//1914
f 1844//1865 1893//1914 1845//1866
f 1845//1866 1893//1914 1894//1915
f 1845//1866 1894//1915 1846//1867
f 1846//1867 1894//1915 1895//1916
f 1846//1867 1895//1916 1847//1868
f 1847//1868 1895//1916 1896//1917
f 1847//1868 1896//1917 1848//1869
f 1848//1869 1896//1917 1897//1918
f 1848//1869 1897//1918 1849//1870
f 1849//1870 1897//1918 1898//1919
f 1849//1870 1898//1919 1850//1871
f 1850//1871 1898//1919 1899//1920
f 1850//1871 1899//1920 1851//1872
f 1851//1872 1899//1920 1900//1921
f 1851//1872 1900//1921 1852//1873
f 1852//1873 1900//1921 1901//1922
f 1852//1873 1901//1922 1853//1874
f 1853//1874 1901//1922 1902//1923
f 1853//1874 1902//1923 1854//1875
f 1854//1875 1902//1923 1903//1924
f 1854//1875 1903//1924 1855//1876
f 1855//1876 1903//1924 1904//1925
f 1855//1876 1904//1925 1856//1877
f 1856//1877 1904//1925 1905//1926
f 1856//1877 1905//1926 1857//1878
f 1857//1878 1905//1926 1906//1927
f 1857//1878 1906//1927 1858//1879
f 1858//1879 1906//1927 1907//1928
f 1858//1879 1907//1928 1859//1880
f 1859//1880 1907//1928 1908//1929
f 1859//1880 1908//1929 1860//1881
f 1860//1881 1908//1929 1909//1930
f 1860//1881 1909//1930 1861//1882
f 1861//1882 1909//1930 1910//1931
f 1861//1882 1910//1931 1862//1883
f 1862//1883 1910//1931 1863//1884
f 1862//1883 1863//1884 1815//1836
f 1863//1884 1911//1932 1912//1933
f 1863//1884 1912//1933 1864//1885
f 1864//1885 1912//1933 1913//1934
f 1864//1885 1913//1934 1865//1886
f 1865//1886 1913//1934 1914//1935
f 1865//1886 1914//1935 1866//1887
f 1866//1887 1914//1935 1915//1936
f 1866//1887 1915//1936 1867//1888
f 1867//1888 1915//1936 1916//1937
f 1867//1888 1916//1937 1868//1889
f 1868//1889 1916//1937 1917//1938
f 1868//1889 1917//1938 1869//1890
f 1869//1890 1917//1938 1918//1939
f 1869//1890 1918//1939 1870//1891
f 1870//1891 1918//1939 1919//1940
f 1870//1891 1919//1940 1871//1892
f 1871//1892 1919//1940 1920//1941
f 1871//1892 1920//1941 1872//1893
f 1872//1893 1920//1941 1921//1942
f 1872//1893 1921//1942 1873//1894
f 1873//1894 1921//1942 1922//1943
f 1873//1894 1922//1943 1874//1895
f 1874//1895 1922//1943 1923//1944
f 1874//1895 1923//1944 1875//1896
f 1875//1896 1923//1944 1924//1945
f 1875//1896 1924//1945 1876//1897
f 1876//1897 1924//1945 1925//1946
f 1876//1897 1925//1946 1877//1898
f 1877//1898 1925//1946 1926//1947
f 1877//1898 1926//1947 1878//1899
f 1878//1899 1926//1947 1927//1948
f 1878//1899 1927//1948 1879//1900
f 1879//1900 1927//1948 1928//1949
f 1879//1900 1928//1949 1880//1901
f 1880//1901 1928//1949 1929//1950
f 1880//1901 1929//1950 1881//1902
f 1881//1902 1929//1950 1930//1951
f 1881//1902 1930//1951 1882//1903
f 1882//1903 1930//1951 1931//1952
f 1882//1903 1931//1952 1883//1904
f 1883//1904 1931//1952 1932//1953
f 1883//1904 1932//1953 1884//1905
f 1884//1905 1932//1953 1933//1954
f 1884//1905 1933//1954 1885//1906
f 1885//1906 1933//1954 1934//1955
f 1885//1906 1934//1955 1886//1907
f 1886//1907 1934//1955 1935//1956
f 1886//1907 1935//1956 1887//1908
f 1887//1908 1935//1956 1936//1957
f 1887//1908 1936//1957 1888//1909
f 1888//1909 1936//1957 1937//1958
f 1888//1909 1937//1958 1889//1910
f 1889//1910 1937//1958 1938//1959
f 1889//1910 1938//1959 1890//1911
f 1890//1911 1938//1959 1939//1960
f 1890//1911 1939//1960 1891//1912
f 1891//1912 1939//1960 1940//1961
f 1891//1912 1940//1961 1892//1913
f 1892//1913 1940//1961 1941//1962
f 1892//1913 1941//1962 1893//1914
f 1893//1914 1941//1962 1942//1963
f 1893//1914 1942//1963 1894//1915
f 1894//1915 1942//1963 1943//1964
f 1894//1915 1943//1964 1895//1916
f 1895//1916 1943//1964 1944//1965
f 1895//1916 1944//1965 1896//1917
f 1896//1917 1944//1965 1945//1966
f 1896//1917 1945//1966 1897//1918
f 1897//1918 1945//1966 1946//1967
f 1897//1918 1946//1967 1898//1919
f 1898//1919 1946//1967 1947//1968
f 1898//1919 1947//1968 1899//1920
f 1899//1920 1947//1968 1948//1969
f 1899//1920 1948//1969 1900//1921
f 1900//1921 1948//1969 1949//1970
f 1900//1921 1949//1970 1901//1922
f 1901//1922 1949//1970 1950//1971
f 1901//1922 1950//1971 1902//1923
f 1902//1923 1950//1971 1951//1972
f 1902//1923 1951//1972 1903//1924
f 1903//1924 1951//1972 1952//1973
f 1903//1924 1952//1973 1904//1925
f 1904//1925 1952//1973 1953//1974
f 1904//1925 1953//1974 1905//1926
f 1905//1926 1953//1974 1954//1975
f 1905//1926 1954//1975 1906//1927
f 1906//1927 1954//1975 1955//1976
f 1906//1927 1955//1976 1907//1928
f 1907//1928 1955//1976 1956//1977
f 1907//1928 1956//1977 1908//1929
f 1908//1929 1956//1977 1957//1978
f 1908//1929 1957//1978 1909//1930
f 1909//1930 1957//1978 1958//1979
f 1909//1930 1958//1979 1910//1931
f 1910//1931 1958//1979 1911//1932
f 1910//1931 1911//1932 1863//1884
f 1911//1932 1959//1980 1960//1981
f 1911//1932 1960//1981 1912//1933
f 1912//1933 1960//1981 1961//1982
f 1912//1933 1961//1982 1913//1934
f 1913//1934 1961//1982 1962//1983
f 1913//1934 1962//1983 1914//1935
f 1914//1935 1962//1983 1963//1984
f 1914//1935 1963//1984 1915//1936
f 1915//1936 1963//1984 1964//1985
f 1915//1936 1964//1985 1916//1937
f 1916//1937 1964//1985 1965//1986
f 1916//1937 1965//1986 1917//1938
f 1917//1938 1965//1986 1966//1987
f 1917//1938 1966//1987 1918//1939
f 1918//1939 1966//1987 1967//1988
f 1918//1939 1967//1988 1919//1940
f 1919//1940 1967//1988 1968//1989
f 1919//1940 1968//1989 1920//1941
f 1920//1941 1968//1989 1969//1990
f 1920//1941 1969//1990 1921//1942
f 1921//1942 1969//1990 1970//1991
f 1921//1942 1970//1991 1922//1943
f 1922//1943 1970//1991 1971//1992
f 1922//1943 1971//1992 1923//1944
f 1923//1944 1971//1992 1972//1993
f 1923//1944 1972//1993 1924//1945
f 1924//1945 1972//1993 1973//1994
f 1924//1945 1973//1994 1925//1946
f 1925//1946 1973//1994 1974//1995
f 1925//1946 1974//1995 1926//1947
f 1926//1947 1974//1995 1975//1996
f 1926//1947 1975//1996 1927//1948
f 1927//1948 1975//1996 1976//1997
f 1927//1948 1976//1997 1928//1949
f 1928//1949 1976//1997 1977//1998
f 1928//1949 1977//1998 1929//1950
f 1929//1950 1977//1998 1978//1999
f 1929//1950 1978//1999 1930//1951
f 1930//1951 1978//1999 1979//2000
f 1930//1951 1979//2000 1931//1952
f 1931//1952 1979//2000 1980//2001
f 1931//1952 1980//2001 1932//1953
f 1932//1953 1980//2001 1981//2002
f 1932//1953 1981//2002 1933//1954
f 1933//1954 1981//2002 1982//2003
f 1933//1954 1982//2003 1934//1955
f 1934//1955 1982//2003 1983//2004
f 1934//1955 1983//2004 1935//1956
f 1935//1956 1983//2004 1984//2005
f 1935//1956 1984//2005 1936//1957
f 1936//1957 1984//2005 1985//2006
f 1936//1957 1985//2006 1937//1958
f 1937//1958 1985//2006 1986//2007
f 1937//1958 1986//2007 1938//1959
f 1938//1959 1986//2007 1987//2008
f 1938//1959 1987//2008 1939//1960
f 1939//1960 1987//2008 1988//2009
f 1939//1960 1988//2009 1940//1961
f 1940//1961 1988//2009 1989//2010
f 1940//1961 1989//2010 1941//1962
f 1941//1962 1989//2010 1990//2011
f 1941//1962 1990//2011 1942//1963
f 1942//1963 1990//2011 1991//2012
f 1942//1963 1991//2012 1943//1964
f 1943//1964 1991//2012 1992//2013
f 1943//1964 1992//2013 1944//1965
f 1944//1965 1992//2013 1993//2014
f 1944//1965 1993//2014 1945//1966
f 1945//1966 1993//2014 1994//2015
f 1945//1966 1994//2015 1946//1967
f 1946//1967 1994//2015 1995//2016
f 1946//1967 1995//2016 1947//1968
f 1947//1968 1995//2016 1996//2017
f 1947//1968 1996//2017 1948//1969
f 1948//1969 1996//2017 1997//2018
f 1948//1969 1997//2018 1949//1970
f 1949//1970 1997//2018 1998//2019
f 1949//1970 1998//2019 1950//1971
f 1950//1971 1998//2019 1999//2020
f 1950//1971 1999//2020 1951//1972
f 1951//1972 1999//2020 2000//2021
f 1951//1972 2000//2021 1952//1973
f 1952//1973 2000//2021 2001//2022
f 1952//1973 2001//2022 1953//1974
f 1953//1974 2001//2022 2002//2023
f 1953//1974 2002//2023 1954//1975
f 1954//1975 2002//2023 2003//2024
f 1954//1975 2003//2024 1955//1976
f 1955//1976 2003//2024 2004//2025
f 1955//1976 2004//2025 1956//1977
f 1956//1977 2004//2025 2005//2026
f 1956//1977 2005//2026 1957//1978
f 1957//1978 2005//2026 2006//2027
f 1957//1978 2006//2027 1958//1979
f 1958//1979 2006//2027 1959//1980
f 1958//1979 1959//1980 1911//1932
f 1959//1980 1766//2028 1767//2029
f 1959//1980 1767//2029 1960//1981
f 1960//1981 1767//2029 1768//2030
f 1960//1981 1768//2030 1961//1982
f 1961//1982 1768//2030 1769//2031
f 1961//1982 1769//2031 1962//1983
f 1962//1983 1769//2031 1770//2032
f 1962//1983 1770//2032 1963//1984
f 1963//1984 1770//2032 1771//2033
f 1963//1984 1771//2033 1964//1985
f 1964//1985 1771//2033 1772//2034
f 1964//1985 1772//2034 1965//1986
f 1965//1986 1772//2034 1773//2035
f 1965//1986 1773//2035 1966//1987
f 1966//1987 1773//2035 1774//2036
f 1966//1987 1774//2036 1967//1988
f 1967//1988 1774//2036 1775//2037
f 1967//1988 1775//2037 1968//1989
f 1968//1989 1775//2037 1776//2038
f 1968//1989 1776//2038 1969//1990
f 1969//1990 1776//2038 1777//2039
f 1969//1990 1777//2039 1970//1991
f 1970//1991 1777//2039 1778//2040
f 1970//1991 1778//2040 1971//1992
f 1971//1992 1778//2040 1779//2041
f 1971//1992 1779//2041 1972//1993
f 1972//1993 1779//2041 1780//2042
f 1972//1993 1780//2042 1973//1994
f 1973//1994 1780//2042 1781//2043
f 1973//1994 1781//2043 1974//1995
f 1974//1995 1781//2043 1782//2044
f 1974//1995 1782//2044 1975//1996
f 1975//1996 1782//2044 1783//2045
f 1975//1996 1783//2045 1976//1997
f 1976//1997 1783//2045 1784//2046
f 1976//1997 1784//2046 1977//1998
f 1977//1998 1784//2046 1785//2047
f 1977//1998 1785//2047 1978//1999
f 1978//1999 1785//2047 1786//2048
f 1978//1999 1786//2048 1979//2000
f 1979//2000 1786//2048 1787//2049
f 1979//2000 1787//2049 1980//2001
f 1980//2001 1787//2049 1788//2050
f 1980//2001 1788//2050 1981//2002
f 1981//2002 1788//2050 1789//2051
f 1981//2002 1789//2051 1982//2003
f 1982//2003 1789//2051 1790//2052
f 1982//2003 1790//2052 1983//2004
f 1983//2004 1790//2052 1791//2053
f 1983//2004 1791//2053 1984//2005
f 1984//2005 1791//2053 1792//2054
f 1984//2005 1792//2054 1985//2006
f 1985//2006 1792//2054 1793//2055
f 1985//2006 1793//2055 1986//2007
f 1986//2007 1793//2055 1794//2056
f 1986//2007 1794//2056 1987//2008
f 1987//2008 1794//2056 1795//2057
f 1987//2008 1795//2057 1988//2009
f 1988//2009 1795//2057 1796//2058
f 1988//2009 1796//2058 1989//2010
f 1989//2010 1796//2058 1797//2059
f 1989//2010 1797//2059 1990//2011
f 1990//2011 1797//2059 1798//2060
f 1990//2011 1798//2060 1991//2012
f 1991//2012 1798//2060 1799//2061
f 1991//2012 1799//2061 1992//2013
f 1992//2013 1799//2061 1800//2062
f 1992//2013 1800//2062 1993//2014
f 1993//2014 1800//2062 1801//2063
f 1993//2014 1801//2063 1994//2015
f 1994//2015 1801//2063 1802//2064
f 1994//2015 1802//2064 1995//2016
f 1995//2016 1802//2064 1803//2065
f 1995//2016 1803//2065 1996//2017
f 1996//2017 1803//2065 1804//2066
f 1996//2017 1804//2066 1997//2018
f 1997//2018 1804//2066 1805//2067
f 1997//2018 1805//2067 1998//2019
f 1998//2019 1805//2067 1806//2068
f 1998//2019 1806//2068 1999//2020
f 1999//2020 1806//2068 1807//2069
f 1999//2020 1807//2069 2000//2021
f 2000//2021 1807//2069 1808//2070
f 2000//2021 1808//2070 2001//2022
f 2001//2022 1808//2070 1809//2071
f 2001//2022 1809//2071 2002//2023
f 2002//2023 1809//2071 1810//2072
f 2002//2023 1810//2072 2003//2024
f 2003//2024 1810//2072 1811//2073
f 2003//2024 1811//2073 2004//2025
f 2004//2025 1811//2073 1812//2074
f 2004//2025 1812//2074 2005//2026
f 2005//2026 1812//2074 1813//2075
f 2005//2026 1813//2075 2006//2027
f 2006//2027 1813//2075 1766//2028
f 2006//2027 1766//2028 1959//1980

o glass_brilliant_gem
usemtl glass_gem
v 1.300000 1.020000 -0.200000
v 1.287821 1.020000 -0.138771
v 1.253137 1.020000 -0.086863
v 1.201229 1.020000 -0.052179
v 1.140000 1.020000 -0.040000
v 1.078771 1.020000 -0.052179
v 1.026863 1.020000 -0.086863
v 0.992179 1.020000 -0.138771
v 0.980000 1.020000 -0.200000
v 0.992179 1.020000 -0.261229
v 1.026863 1.020000 -0.313137
v 1.078771 1.020000 -0.347821
v 1.140000 1.020000 -0.360000
v 1.201229 1.020000 -0.347821
v 1.253137 1.020000 -0.313137
v 1.287821 1.020000 -0.261229
v 1.385196 0.910000 -0.151227
v 1.347867 0.910000 -0.061107
v 1.278893 0.910000 0.007867
v 1.188773 0.910000 0.045196
v 1.091227 0.910000 0.045196
v 1.001107 0.910000 0.007867
v 0.932133 0.910000 -0.061107
v 0.894804 0.910000 -0.151227
v 0.894804 0.910000 -0.248773
v 0.932133 0.910000 -0.338893
v 1.001107 0.910000 -0.407867
v 1.091227 0.910000 -0.445196
v 1.188773 0.910000 -0.445196
v 1.278893 0.910000 -0.407867
v 1.347867 0.910000 -0.338893
v 1.385196 0.910000 -0.248773
v 1.510000 0.700000 -0.200000
v 1.481835 0.700000 -0.058407
v 1.401630 0.700000 0.061630
v 1.281593 0.700000 0.141835
v 1.140000 0.700000 0.170000
v 0.998407 0.700000 0.141835
v 0.878370 0.700000 0.061630
v 0.798165 0.700000 -0.058407
v 0.770000 0.700000 -0.200000
v 0.798165 0.700000 -0.341593
v 0.878370 0.700000 -0.461630
v 0.998407 0.700000 -0.541835
v 1.140000 0.700000 -0.570000
v 1.281593 0.700000 -0.541835
v 1.401630 0.700000 -0.461630
v 1.481835 0.700000 -0.341593
v 1.510000 0.660000 -0.200000
v 1.481835 0.660000 -0.058407
v 1.401630 0.660000 0.061630
v 1.281593 0.660000 0.141835
v 1.140000 0.660000 0.170000
v 0.998407 0.660000 0.141835
v 0.878370 0.660000 0.061630
v 0.798165 0.660000 -0.058407
v 0.770000 0.660000 -0.200000
v 0.798165 0.660000 -0.341593
v 0.878370 0.660000 -0.461630
v 0.998407 0.660000 -0.541835
v 1.140000 0.660000 -0.570000
v 1.281593 0.660000 -0.541835
v 1.401630 0.660000 -0.461630
v 1.481835 0.660000 -0.341593
v 1.355773 0.380000 -0.157080
v 1.322923 0.380000 -0.077775
v 1.262225 0.380000 -0.017077
v 1.182920 0.380000 0.015773
v 1.097080 0.380000 0.015773
v 1.017775 0.380000 -0.017077
v 0.957077 0.380000 -0.077775
v 0.924227 0.380000 -0.157080
v 0.924227 0.380000 -0.242920
v 0.957077 0.380000 -0.322225
v 1.017775 0.380000 -0.382923
v 1.097080 0.380000 -0.415773
v 1.182920 0.380000 -0.415773
v 1.262225 0.380000 -0.382923
v 1.322923 0.380000 -0.322225
v 1.355773 0.380000 -0.242920
v 1.140000 1.020000 -0.200000
v 1.140000 0.200000 -0.200000
vn 0.000000 1.000000 0.000000
vn 0.000000 1.000000 0.000000
vn 0.000000 1.000000 0.000000
vn 0.000000 1.000000 0.000000
vn 0.000000 1.000000 -0.000000
vn 0.000000 1.000000 0.000000
vn 0.000000 1.000000 0.000000
vn 0.000000 1.000000 0.000000
vn 0.000000 1.000000 0.000000
vn 0.000000 1.000000 0.000000
vn 0.000000 1.000000 0.000000
vn 0.000000 1.000000 0.000000
vn 0.000000 1.000000 0.000000
vn 0.000000 1.000000 0.000000
vn 0.000000 1.000000 0.000000
vn -0.000000 1.000000 0.000000
vn 0.691771 0.662833 0.286541
vn 0.813628 0.558406 0.161841
vn 0.529458 0.662833 0.529458
vn 0.689760 0.558406 0.460883
vn 0.286541 0.662833 0.691771
vn 0.460883 0.558406 0.689760
vn 0.000000 0.662833 0.748767
vn 0.161841 0.558406 0.813628
vn -0.286541 0.662833 0.691771
vn -0.161841 0.558406 0.813628
vn -0.529458 0.662833 0.529458
vn -0.460883 0.558406 0.689760
vn -0.691771 0.662833 0.286541
vn -0.689760 0.558406 0.460883
vn -0.748767 0.662833 0.000000
vn -0.813628 0.558406 0.161841
vn -0.691771 0.662833 -0.286541
vn -0.813628 0.558406 -0.161841
vn -0.529458 0.662833 -0.529458
vn -0.689760 0.558406 -0.460883
vn -0.286541 0.662833 -0.691771
vn -0.460883 0.558406 -0.689760
vn -0.000000 0.662833 -0.748767
vn -0.161841 0.558406 -0.813628
vn 0.286541 0.662833 -0.691771
vn 0.161841 0.558406 -0.813628
vn 0.529458 0.662833 -0.529458
vn 0.460883 0.558406 -0.689760
vn 0.691771 0.662833 -0.286541
vn 0.689760 0.558406 -0.460883
vn 0.748767 0.662833 0.000000
vn 0.813628 0.558406 -0.161841
vn 0.863873 0.473494 0.171835
vn 0.794209 0.510890 0.328972
vn 0.732356 0.473494 0.489345
vn 0.607861 0.510890 0.607861
vn 0.489345 0.473494 0.732356
vn 0.328972 0.510890 0.794209
vn 0.171835 0.473494 0.863873
vn 0.000000 0.510890 0.859646
vn -0.171835 0.473494 0.863873
vn -0.328972 0.510890 0.794209
vn -0.489345 0.473494 0.732356
vn -0.607861 0.510890 0.607861
vn -0.732356 0.473494 0.489345
vn -0.794209 0.510890 0.328972
vn -0.863873 0.473494 0.171835
vn -0.859646 0.510890 0.000000
vn -0.863873 0.473494 -0.171835
vn -0.794209 0.510890 -0.328972
vn -0.732356 0.473494 -0.489345
vn -0.607861 0.510890 -0.607861
vn -0.489345 0.473494 -0.732356
vn -0.328972 0.510890 -0.794209
vn -0.171835 0.473494 -0.863873
vn -0.000000 0.510890 -0.859646
vn 0.171835 0.473494 -0.863873
vn 0.328972 0.510890 -0.794209
vn 0.489345 0.473494 -0.732356
vn 0.607861 0.510890 -0.607861
vn 0.732356 0.473494 -0.489345
vn 0.794209 0.510890 -0.328972
vn 0.863873 0.473494 -0.171835
vn 0.859646 0.510890 -0.000000
vn 0.980785 0.000000 0.195090
vn 0.980785 0.000000 0.195090
vn 0.831470 0.000000 0.555570
vn 0.831470 0.000000 0.555570
vn 0.555570 0.000000 0.831470
vn 0.555570 0.000000 0.831470
vn 0.195090 0.000000 0.980785
vn 0.195090 0.000000 0.980785
vn -0.195090 0.000000 0.980785
vn -0.195090 0.000000 0.980785
vn -0.555570 0.000000 0.831470
vn -0.555570 0.000000 0.831470
vn -0.831470 0.000000 0.555570
vn -0.831470 0.000000 0.555570
vn -0.980785 0.000000 0.195090
vn -0.980785 0.000000 0.195090
vn -0.980785 -0.000000 -0.195090
vn -0.980785 0.000000 -0.195090
vn -0.831470 -0.000000 -0.555570
vn -0.831470 0.000000 -0.555570
vn -0.555570 -0.000000 -0.831470
vn -0.555570 0.000000 -0.831470
vn -0.195090 -0.000000 -0.980785
vn -0.195090 0.000000 -0.980785
vn 0.195090 0.000000 -0.980785
vn 0.195090 0.000000 -0.980785
vn 0.555570 0.000000 -0.831470
vn 0.555570 0.000000 -0.831470
vn 0.831470 0.000000 -0.555570
vn 0.831470 0.000000 -0.555570
vn 0.980785 0.000000 -0.195090
vn 0.980785 0.000000 -0.195090
vn 0.842435 -0.410534 0.348948
vn 0.852035 -0.495290 0.169480
vn 0.644772 -0.410534 0.644772
vn 0.722321 -0.495290 0.482639
vn 0.348948 -0.410534 0.842435
vn 0.482639 -0.495290 0.722321
vn 0.000000 -0.410534 0.911845
vn 0.169480 -0.495290 0.852035
vn -0.348948 -0.410534 0.842435
vn -0.169480 -0.495290 0.852035
vn -0.644772 -0.410534 0.644772
vn -0.482639 -0.495290 0.722321
vn -0.842435 -0.410534 0.348948
vn -0.722321 -0.495290 0.482639
vn -0.911845 -0.410534 0.000000
vn -0.852035 -0.495290 0.169480
vn -0.842435 -0.410534 -0.348948
vn -0.852035 -0.495290 -0.169480
vn -0.644772 -0.410534 -0.644772
vn -0.722321 -0.495290 -0.482639
vn -0.348948 -0.410534 -0.842435
vn -0.482639 -0.495290 -0.722321
vn 0.000000 -0.410534 -0.911845
vn -0.169480 -0.495290 -0.852035
vn 0.348948 -0.410534 -0.842435
vn 0.169480 -0.495290 -0.852035
vn 0.644772 -0.410534 -0.644772
vn 0.482639 -0.495290 -0.722321
vn 0.842435 -0.410534 -0.348948
vn 0.722321 -0.495290 -0.482639
vn 0.911845 -0.410534 0.000000
vn 0.852035 -0.495290 -0.169480
vn 0.591821 -0.767890 0.245140
vn 0.452960 -0.767890 0.452960
vn 0.245140 -0.767890 0.591821
vn 0.000000 -0.767890 0.640582
vn -0.245140 -0.767890 0.591821
vn -0.452960 -0.767890 0.452960
vn -0.591821 -0.767890 0.245140
vn -0.640582 -0.767890 -0.000000
vn -0.591821 -0.767890 -0.245140
vn -0.452960 -0.767890 -0.452960
vn -0.245140 -0.767890 -0.591821
vn 0.000000 -0.767890 -0.640582
vn 0.245140 -0.767890 -0.591821
vn 0.452960 -0.767890 -0.452960
vn 0.591821 -0.767890 -0.245140
vn 0.640582 -0.767890 0.000000
f 2087//2076 2008//2076 2007//2076
f 2087//2077 2009//2077 2008//2077
f 2087//2078 2010//2078 2009//2078
f 2087//2079 2011//2079 2010//2079
f 2087//2080 2012//2080 2011//2080
f 2087//2081 2013//2081 2012//2081
f 2087//2082 2014//2082 2013//2082
f 2087//2083 2015//2083 2014//2083
f 2087//2084 2016//2084 2015//2084
f 2087//2085 2017//2085 2016//2085
f 2087//2086 2018//2086 2017//2086
f 2087//2087 2019//2087 2018//2087
f 2087//2088 2020//2088 2019//2088
f 2087//2089 2021//2089 2020//2089
f 2087//2090 2022//2090 2021//2090
f 2087//2091 2007//2091 2022//2091
f 2007//2092 2024//2092 2023//2092
f 2007//2093 2008//2093 2024//2093
f 2008//2094 2025//2094 2024//2094
f 2008//2095 2009//2095 2025//2095
f 2009//2096 2026//2096 2025//2096
f 2009//2097 2010//2097 2026//2097
f 2010//2098 2027//2098 2026//2098
f 2010//2099 2011//2099 2027//2099
f 2011//2100 2028//2100 2027//2100
f 2011//2101 2012//2101 2028//2101
f 2012//2102 2029//2102 2028//2102
f 2012//2103 2013//2103 2029//2103
f 2013//2104 2030//2104 2029//2104
f 2013//2105 2014//2105 2030//2105
f 2014//2106 2031//2106 2030//2106
f 2014//2107 2015//2107 2031//2107
f 2015//2108 2032//2108 2031//2108
f 2015//2109 2016//2109 2032//2109
f 2016//2110 2033//2110 2032//2110
f 2016//2111 2017//2111 2033//2111
f 2017//2112 2034//2112 2033//2112
f 2017//2113 2018//2113 2034//2113
f 2018//2114 2035//2114 2034//2114
f 2018//2115 2019//2115 2035//2115
f 2019//2116 2036//2116 2035//2116
f 2019//2117 2020//2117 2036//2117
f 2020//2118 2037//2118 2036//2118
f 2020//2119 2021//2119 2037//2119
f 2021//2120 2038//2120 2037//2120
f 2021//2121 2022//2121 2038//2121
f 2022//2122 2023//2122 2038//2122
f 2022//2123 2007//2123 2023//2123
f 2023//2124 2040//2124 2039//2124
f 2023//2125 2024//2125 2040//2125
f 2024//2126 2041//2126 2040//2126
f 2024//2127 2025//2127 2041//2127
f 2025//2128 2042//2128 2041//2128
f 2025//2129 2026//2129 2042//2129
f 2026//2130 2043//2130 2042//2130
f 2026//2131 2027//2131 2043//2131
f 2027//2132 2044//2132 2043//2132
f 2027//2133 2028//2133 2044//2133
f 2028//2134 2045//2134 2044//2134
f 2028//2135 2029//2135 2045//2135
f 2029//2136 2046//2136 2045//2136
f 2029//2137 2030//2137 2046//2137
f 2030//2138 2047//2138 2046//2138
f 2030//2139 2031//2139 2047//2139
f 2031//2140 2048//2140 2047//2140
f 2031//2141 2032//2141 2048//2141
f 2032//2142 2049//2142 2048//2142
f 2032//2143 2033//2143 2049//2143
f 2033//2144 2050//2144 2049//2144
f 2033//2145 2034//2145 2050//2145
f 2034//2146 2051//2146 2050//2146
f 2034//2147 2035//2147 2051//2147
f 2035//2148 2052//2148 2051//2148
f 2035//2149 2036//2149 2052//2149
f 2036//2150 2053//2150 2052//2150
f 2036//2151 2037//2151 2053//2151
f 2037//2152 2054//2152 2053//2152
f 2037//2153 2038//2153 2054//2153
f 2038//2154 2039//2154 2054//2154
f 2038//2155 2023//2155 2039//2155
f 2039//2156 2056//2156 2055//2156
f 2039//2157 2040//2157 2056//2157
f 2040//2158 2057//2158 2056//2158
f 2040//2159 2041//2159 2057//2159
f 2041//2160 2058//2160 2057//2160
f 2041//2161 2042//2161 2058//2161
f 2042//2162 2059//2162 2058//2162
f 2042//2163 2043//2163 2059//2163
f 2043//2164 2060//2164 2059//2164
f 2043//2165 2044//2165 2060//2165
f 2044//2166 2061//2166 2060//2166
f 2044//2167 2045//2167 2061//2167
f 2045//2168 2062//2168 2061//2168
f 2045//2169 2046//2169 2062//2169
f 2046//2170 2063//2170 2062//2170
f 2046//2171 2047//2171 2063//2171
f 2047//2172 2064//2172 2063//2172
f 2047//2173 2048//2173 2064//2173
f 2048//2174 2065//2174 2064//2174
f 2048//2175 2049//2175 2065//2175
f 2049//2176 2066//2176 2065//2176
f 2049//2177 2050//2177 2066//2177
f 2050//2178 2067//2178 2066//2178
f 2050//2179 2051//2179 2067//2179
f 2051//2180 2068//2180 2067//2180
f 2051//2181 2052//2181 2068//2181
f 2052//2182 2069//2182 2068//2182
f 2052//2183 2053//2183 2069//2183
f 2053//2184 2070//2184 2069//2184
f 2053//2185 2054//2185 2070//2185
f 2054//2186 2055//2186 2070//2186
f 2054//2187 2039//2187 2055//2187
f 2055//2188 2072//2188 2071//2188
f 2055//2189 2056//2189 2072//2189
f 2056//2190 2073//2190 2072//2190
f 2056//2191 2057//2191 2073//2191
f 2057//2192 2074//2192 2073//2192
f 2057//2193 2058//2193 2074//2193
f 2058//2194 2075//2194 2074//2194
f 2058//2195 2059//2195 2075//2195
f 2059//2196 2076//2196 2075//2196
f 2059//2197 2060//2197 2076//2197
f 2060//2198 2077//2198 2076//2198
f 2060//2199 2061//2199 2077//2199
f 2061//2200 2078//2200 2077//2200
f 2061//2201 2062//2201 2078//2201
f 2062//2202 2079//2202 2078//2202
f 2062//2203 2063//2203 2079//2203
f 2063//2204 2080//2204 2079//2204
f 2063//2205 2064//2205 2080//2205
f 2064//2206 2081//2206 2080//2206
f 2064//2207 2065//2207 2081//2207
f 2065//2208 2082//2208 2081//2208
f 2065//2209 2066//2209 2082//2209
f 2066//2210 2083//2210 2082//2210
f 2066//2211 2067//2211 2083//2211
f 2067//2212 2084//2212 2083//2212
f 2067//2213 2068//2213 2084//2213
f 2068//2214 2085//2214 2084//2214
f 2068//2215 2069//2215 2085//2215
f 2069//2216 2086//2216 2085//2216
f 2069//2217 2070//2217 2086//2217
f 2070//2218 2071//2218 2086//2218
f 2070//2219 2055//2219 2071//2219
f 2071//2220 2072//2220 2088//2220
f 2072//2221 2073//2221 2088//2221
f 2073//2222 2074//2222 2088//2222
f 2074//2223 2075//2223 2088//2223
f 2075//2224 2076//2224 2088//2224
f 2076//2225 2077//2225 2088//2225
f 2077//2226 2078//2226 2088//2226
f 2078//2227 2079//2227 2088//2227
f 2079//2228 2080//2228 2088//2228
f 2080//2229 2081//2229 2088//2229
f 2081//2230 2082//2230 2088//2230
f 2082//2231 2083//2231 2088//2231
f 2083//2232 2084//2232 2088//2232
f 2084//2233 2085//2233 2088//2233
f 2085//2234 2086//2234 2088//2234
f 2086//2235 2071//2235 2088//2235
