# Sunlit Caustics Bench
# Deterministically generated; triangle faces and complete normals.
mtllib sunlit_caustics_bench.mtl

o gallery_floor
usemtl warm_gray_floor
v -3.200000 0.000000 -1.800000
v 3.200000 0.000000 -1.800000
v 3.200000 0.000000 1.900000
v -3.200000 0.000000 1.900000
vn 0.000000 1.000000 0.000000
f 1//1 3//1 2//1
f 1//1 4//1 3//1

o gallery_ceiling
usemtl neutral_ceiling
v -3.200000 2.650000 1.900000
v 3.200000 2.650000 1.900000
v 3.200000 2.650000 -1.800000
v -3.200000 2.650000 -1.800000
vn 0.000000 -1.000000 0.000000
f 5//2 7//2 6//2
f 5//2 8//2 7//2

o gallery_back
usemtl neutral_back
v -3.200000 0.000000 -1.800000
v -3.200000 2.650000 -1.800000
v 3.200000 2.650000 -1.800000
v 3.200000 0.000000 -1.800000
vn 0.000000 0.000000 1.000000
f 9//3 11//3 10//3
f 9//3 12//3 11//3

o gallery_left
usemtl muted_umber_wall
v -3.200000 0.000000 1.900000
v -3.200000 2.650000 1.900000
v -3.200000 2.650000 -1.800000
v -3.200000 0.000000 -1.800000
vn 1.000000 0.000000 0.000000
f 13//4 15//4 14//4
f 13//4 16//4 15//4

o gallery_right
usemtl muted_slate_wall
v 3.200000 0.000000 -1.800000
v 3.200000 2.650000 -1.800000
v 3.200000 2.650000 1.900000
v 3.200000 0.000000 1.900000
vn -1.000000 0.000000 0.000000
f 17//5 19//5 18//5
f 17//5 20//5 19//5

o area_key
usemtl area_sun
v -0.040000 2.224693 -1.780976
v 0.040000 2.224693 -1.780976
v 0.040000 2.275307 -1.719024
v -0.040000 2.275307 -1.719024
vn 0.000000 -0.774408 0.632686
f 21//6 22//6 23//6
f 21//6 23//6 24//6

o lens_rear_rim_post
usemtl dark_metal
v -1.048900 0.004000 -0.751677
v -1.020900 0.004000 -0.751677
v -1.020900 0.441753 -0.751677
v -1.048900 0.441753 -0.751677
v -1.048900 0.004000 -0.723677
v -1.020900 0.004000 -0.723677
v -1.020900 0.441753 -0.723677
v -1.048900 0.441753 -0.723677
vn 0.000000 0.000000 -1.000000
vn 0.000000 0.000000 -1.000000
vn 0.000000 0.000000 1.000000
vn 0.000000 0.000000 1.000000
vn -1.000000 0.000000 0.000000
vn -1.000000 0.000000 0.000000
vn 1.000000 0.000000 0.000000
vn 1.000000 0.000000 0.000000
vn 0.000000 -1.000000 0.000000
vn 0.000000 -1.000000 0.000000
vn 0.000000 1.000000 0.000000
vn 0.000000 1.000000 0.000000
f 25//7 28//7 27//7
f 25//8 27//8 26//8
f 29//9 30//9 31//9
f 29//10 31//10 32//10
f 25//11 29//11 32//11
f 25//12 32//12 28//12
f 26//13 27//13 31//13
f 26//14 31//14 30//14
f 25//15 26//15 30//15
f 25//16 30//16 29//16
f 28//17 32//17 31//17
f 28//18 31//18 27//18

o glass_focused_lens
usemtl glass_lens
v -1.071819 0.716324 -0.532024
v -1.115143 0.715204 -0.568570
v -1.111422 0.709829 -0.572064
v -1.107037 0.704546 -0.574858
v -1.102063 0.699445 -0.576903
v -1.096585 0.694614 -0.578166
v -1.090697 0.690135 -0.578624
v -1.084498 0.686085 -0.578269
v -1.078097 0.682534 -0.577108
v -1.071601 0.679541 -0.575160
v -1.065123 0.677159 -0.572459
v -1.058772 0.675427 -0.569051
v -1.052658 0.674376 -0.564994
v -1.046886 0.674024 -0.560357
v -1.041553 0.674376 -0.555221
v -1.036752 0.675427 -0.549672
v -1.032564 0.677159 -0.543807
v -1.029061 0.679541 -0.537724
v -1.026303 0.682534 -0.531529
v -1.024337 0.686085 -0.525327
v -1.023197 0.690135 -0.519224
v -1.022903 0.694614 -0.513325
v -1.023459 0.699445 -0.507731
v -1.024855 0.704546 -0.502538
v -1.027069 0.709829 -0.497833
v -1.030062 0.715204 -0.493698
v -1.033782 0.720579 -0.490204
v -1.038167 0.725862 -0.487410
v -1.043141 0.730963 -0.485365
v -1.048619 0.735794 -0.484102
v -1.054508 0.740273 -0.483644
v -1.060706 0.744322 -0.483999
v -1.067107 0.747874 -0.485160
v -1.073603 0.750867 -0.487108
v -1.080081 0.753249 -0.489809
v -1.086432 0.754981 -0.493218
v -1.092546 0.756031 -0.497274
v -1.098319 0.756384 -0.501911
v -1.103651 0.756031 -0.507047
v -1.108453 0.754981 -0.512596
v -1.112640 0.753249 -0.518461
v -1.116143 0.750867 -0.524544
v -1.118901 0.747874 -0.530739
v -1.120867 0.744322 -0.536941
v -1.122007 0.740273 -0.543044
v -1.122301 0.735794 -0.548943
v -1.121746 0.730963 -0.554537
v -1.120349 0.725862 -0.559730
v -1.118135 0.720579 -0.564435
v -1.160031 0.711844 -0.603337
v -1.152590 0.701094 -0.610325
v -1.143820 0.690527 -0.615912
v -1.133872 0.680326 -0.620004
v -1.122916 0.670664 -0.622529
v -1.111139 0.661706 -0.623445
v -1.098743 0.653606 -0.622735
v -1.085940 0.646503 -0.620413
v -1.072949 0.640518 -0.616517
v -1.059992 0.635753 -0.611115
v -1.047291 0.632290 -0.604298
v -1.035063 0.630188 -0.596184
v -1.023518 0.629484 -0.586912
v -1.012852 0.630188 -0.576639
v -1.003250 0.632290 -0.565542
v -0.994874 0.635753 -0.553811
v -0.987868 0.640518 -0.541646
v -0.982352 0.646503 -0.529255
v -0.978421 0.653606 -0.516851
v -0.976141 0.661706 -0.504646
v -0.975552 0.670664 -0.492848
v -0.976663 0.680326 -0.481660
v -0.979457 0.690527 -0.471272
v -0.983884 0.701094 -0.461864
v -0.989870 0.711844 -0.453594
v -0.997311 0.722594 -0.446606
v -1.006080 0.733160 -0.441018
v -1.016029 0.743361 -0.436927
v -1.026985 0.753023 -0.434402
v -1.038762 0.761981 -0.433486
v -1.051158 0.770081 -0.434196
v -1.063961 0.777184 -0.436518
v -1.076952 0.783169 -0.440414
v -1.089909 0.787934 -0.445816
v -1.102610 0.791397 -0.452632
v -1.114838 0.793499 -0.460746
v -1.126383 0.794203 -0.470019
v -1.137049 0.793499 -0.480292
v -1.146651 0.791397 -0.491389
v -1.155027 0.787934 -0.503120
v -1.162033 0.783169 -0.515285
v -1.167549 0.777184 -0.527675
v -1.171480 0.770081 -0.540079
v -1.173760 0.761981 -0.552285
v -1.174349 0.753023 -0.564082
v -1.173237 0.743361 -0.575271
v -1.170444 0.733160 -0.585658
v -1.166017 0.722594 -0.595067
v -1.206486 0.706243 -0.636324
v -1.195324 0.690118 -0.646807
v -1.182169 0.674269 -0.655188
v -1.167247 0.658966 -0.661325
v -1.150813 0.644473 -0.665113
v -1.133148 0.631037 -0.666486
v -1.114554 0.618887 -0.665422
v -1.095349 0.608233 -0.661939
v -1.075862 0.599255 -0.656095
v -1.056426 0.592107 -0.647992
v -1.037375 0.586913 -0.637767
v -1.019033 0.583760 -0.625596
v -1.001715 0.582703 -0.611687
v -0.985717 0.583760 -0.596278
v -0.971313 0.586913 -0.579633
v -0.958749 0.592107 -0.562036
v -0.948241 0.599255 -0.543788
v -0.939967 0.608233 -0.525203
v -0.934070 0.618887 -0.506597
v -0.930650 0.631037 -0.488289
v -0.929767 0.644473 -0.470592
v -0.931434 0.658966 -0.453809
v -0.935624 0.674269 -0.438228
v -0.942265 0.690118 -0.424115
v -0.951243 0.706243 -0.411711
v -0.962405 0.722368 -0.401229
v -0.975559 0.738217 -0.392847
v -0.990482 0.753520 -0.386710
v -1.006916 0.768013 -0.382922
v -1.024581 0.781449 -0.381549
v -1.043175 0.793599 -0.382613
v -1.062380 0.804254 -0.386097
v -1.081867 0.813231 -0.391940
v -1.101303 0.820379 -0.400044
v -1.120354 0.825573 -0.410268
v -1.138696 0.828726 -0.422439
v -1.156014 0.829783 -0.436348
v -1.172012 0.828726 -0.451757
v -1.186416 0.825573 -0.468402
v -1.198980 0.820379 -0.485999
v -1.209488 0.813231 -0.504247
v -1.217762 0.804254 -0.522833
v -1.223659 0.793599 -0.541439
v -1.227079 0.781449 -0.559747
v -1.227962 0.768013 -0.577443
v -1.226295 0.753520 -0.594226
v -1.222105 0.738217 -0.609807
v -1.215464 0.722368 -0.623920
v -1.254506 0.698402 -0.667533
v -1.239623 0.676902 -0.681510
v -1.222084 0.655770 -0.692685
v -1.202188 0.635367 -0.700868
v -1.180276 0.616043 -0.705918
v -1.156722 0.598127 -0.707749
v -1.131930 0.581928 -0.706330
v -1.106323 0.567722 -0.701686
v -1.080341 0.555751 -0.693894
v -1.054427 0.546221 -0.683090
v -1.029024 0.539296 -0.669457
v -1.004569 0.535092 -0.653229
v -0.981478 0.533683 -0.634684
v -0.960148 0.535092 -0.614138
v -0.940942 0.539296 -0.591945
v -0.924190 0.546221 -0.568482
v -0.910179 0.555751 -0.544152
v -0.899147 0.567722 -0.519371
v -0.891284 0.581928 -0.494563
v -0.886725 0.598127 -0.470152
v -0.885547 0.616043 -0.446557
v -0.887770 0.635367 -0.424180
v -0.893357 0.655770 -0.403405
v -0.902211 0.676902 -0.384587
v -0.914182 0.698402 -0.368049
v -0.929065 0.719902 -0.354072
v -0.946604 0.741035 -0.342897
v -0.966500 0.761438 -0.334714
v -0.988413 0.780762 -0.329664
v -1.011966 0.798677 -0.327832
v -1.036759 0.814876 -0.329251
v -1.062365 0.829083 -0.333896
v -1.088347 0.841053 -0.341688
v -1.114261 0.850583 -0.352492
v -1.139664 0.857509 -0.366125
v -1.164119 0.861712 -0.382353
v -1.187210 0.863122 -0.400898
v -1.208540 0.861712 -0.421443
v -1.227746 0.857509 -0.443637
v -1.244498 0.850583 -0.467100
v -1.258509 0.841053 -0.491430
v -1.269541 0.829083 -0.516211
v -1.277404 0.814876 -0.541019
v -1.281963 0.798677 -0.565430
v -1.283141 0.780762 -0.589025
v -1.280918 0.761438 -0.611402
v -1.275331 0.741035 -0.632177
v -1.266477 0.719902 -0.650995
v -1.304091 0.688321 -0.696963
v -1.285488 0.661446 -0.714434
v -1.263564 0.635031 -0.728403
v -1.238694 0.609527 -0.738631
v -1.211304 0.585372 -0.744944
v -1.181861 0.562978 -0.747233
v -1.150871 0.542728 -0.745459
v -1.118863 0.524970 -0.739653
v -1.086385 0.510007 -0.729914
v -1.053992 0.498095 -0.716408
v -1.022240 0.489438 -0.699367
v -0.991670 0.484183 -0.679083
v -0.962807 0.482422 -0.655901
v -0.936144 0.484183 -0.630219
v -0.912137 0.489438 -0.602477
v -0.891197 0.498095 -0.573149
v -0.873683 0.510007 -0.542736
v -0.859893 0.524970 -0.511760
v -0.850065 0.542728 -0.480750
v -0.844365 0.562978 -0.450237
v -0.842893 0.585372 -0.420742
v -0.845672 0.609527 -0.392771
v -0.852655 0.635031 -0.366803
v -0.863723 0.661446 -0.343280
v -0.878687 0.688321 -0.322607
v -0.897290 0.715196 -0.305136
v -0.919214 0.741612 -0.291167
v -0.944084 0.767115 -0.280939
v -0.971475 0.791271 -0.274626
v -1.000917 0.813665 -0.272337
v -1.031907 0.833914 -0.274111
v -1.063915 0.851672 -0.279917
v -1.096394 0.866635 -0.289656
v -1.128786 0.878547 -0.303161
v -1.160539 0.887205 -0.320202
v -1.191108 0.892459 -0.340487
v -1.219971 0.894220 -0.363669
v -1.246635 0.892459 -0.389351
v -1.270641 0.887205 -0.417093
v -1.291581 0.878547 -0.446421
v -1.309096 0.866635 -0.476834
v -1.322885 0.851672 -0.507810
v -1.332714 0.833914 -0.538820
v -1.338413 0.813665 -0.569333
v -1.339886 0.791271 -0.598828
v -1.337107 0.767115 -0.626799
v -1.330123 0.741612 -0.652767
v -1.319055 0.715196 -0.676290
v -1.355243 0.676000 -0.724613
v -1.332919 0.643750 -0.745578
v -1.306610 0.612051 -0.762341
v -1.276766 0.581447 -0.774615
v -1.243897 0.552460 -0.782191
v -1.208567 0.525588 -0.784938
v -1.171378 0.501289 -0.782809
v -1.132969 0.479979 -0.775842
v -1.093995 0.462023 -0.764155
v -1.055124 0.447729 -0.747948
v -1.017021 0.437340 -0.727499
v -0.980337 0.431035 -0.703157
v -0.945701 0.428921 -0.675339
v -0.913706 0.431035 -0.644521
v -0.884897 0.437340 -0.611230
v -0.859770 0.447729 -0.576037
v -0.838752 0.462023 -0.539542
v -0.822205 0.479979 -0.502370
v -0.810411 0.501289 -0.465158
v -0.803571 0.525588 -0.428542
v -0.801804 0.552460 -0.393149
v -0.805139 0.581447 -0.359584
v -0.813519 0.612051 -0.328421
v -0.826801 0.643750 -0.300194
v -0.844757 0.676000 -0.275387
v -0.867081 0.708250 -0.254422
v -0.893390 0.739949 -0.237659
v -0.923234 0.770553 -0.225385
v -0.956103 0.799540 -0.217809
v -0.991433 0.826412 -0.215062
v -1.028622 0.850711 -0.217191
v -1.067031 0.872021 -0.224158
v -1.106005 0.889977 -0.235845
v -1.144876 0.904271 -0.252052
v -1.182979 0.914660 -0.272501
v -1.219663 0.920965 -0.296843
v -1.254299 0.923079 -0.324661
v -1.286294 0.920965 -0.355479
v -1.315103 0.914660 -0.388770
v -1.340230 0.904271 -0.423963
v -1.361248 0.889977 -0.460458
v -1.377795 0.872021 -0.497630
v -1.389589 0.850711 -0.534842
v -1.396429 0.826412 -0.571458
v -1.398196 0.799540 -0.606851
v -1.394861 0.770553 -0.640416
v -1.386481 0.739949 -0.671579
v -1.373199 0.708250 -0.699806
v -1.128181 0.635676 -0.467976
v -1.169938 0.636796 -0.506302
v -1.166218 0.631421 -0.509796
v -1.161833 0.626138 -0.512590
v -1.156859 0.621037 -0.514635
v -1.151381 0.616206 -0.515898
v -1.145492 0.611727 -0.516356
v -1.139294 0.607678 -0.516001
v -1.132893 0.604126 -0.514840
v -1.126397 0.601133 -0.512892
v -1.119919 0.598751 -0.510191
v -1.113568 0.597019 -0.506782
v -1.107454 0.595969 -0.502726
v -1.101681 0.595616 -0.498089
v -1.096349 0.595969 -0.492953
v -1.091547 0.597019 -0.487404
v -1.087360 0.598751 -0.481539
v -1.083857 0.601133 -0.475456
v -1.081099 0.604126 -0.469261
v -1.079133 0.607678 -0.463059
v -1.077993 0.611727 -0.456956
v -1.077699 0.616206 -0.451057
v -1.078254 0.621037 -0.445463
v -1.079651 0.626138 -0.440270
v -1.081865 0.631421 -0.435565
v -1.084857 0.636796 -0.431430
v -1.088578 0.642171 -0.427936
v -1.092963 0.647454 -0.425142
v -1.097937 0.652555 -0.423097
v -1.103415 0.657386 -0.421834
v -1.109303 0.661865 -0.421376
v -1.115502 0.665915 -0.421731
v -1.121903 0.669466 -0.422892
v -1.128399 0.672459 -0.424840
v -1.134877 0.674841 -0.427541
v -1.141228 0.676573 -0.430949
v -1.147342 0.677624 -0.435006
v -1.153114 0.677976 -0.439643
v -1.158447 0.677624 -0.444779
v -1.163248 0.676573 -0.450328
v -1.167436 0.674841 -0.456193
v -1.170939 0.672459 -0.462276
v -1.173697 0.669466 -0.468471
v -1.175663 0.665915 -0.474673
v -1.176803 0.661865 -0.480776
v -1.177097 0.657386 -0.486675
v -1.176541 0.652555 -0.492269
v -1.175145 0.647454 -0.497462
v -1.172931 0.642171 -0.502167
v -1.210130 0.640156 -0.546406
v -1.202689 0.629406 -0.553394
v -1.193920 0.618840 -0.558982
v -1.183971 0.608639 -0.563073
v -1.173015 0.598977 -0.565598
v -1.161238 0.590019 -0.566514
v -1.148842 0.581919 -0.565804
v -1.136039 0.574816 -0.563482
v -1.123048 0.568831 -0.559586
v -1.110091 0.564066 -0.554184
v -1.097390 0.560603 -0.547368
v -1.085162 0.558501 -0.539254
v -1.073617 0.557797 -0.529981
v -1.062951 0.558501 -0.519708
v -1.053349 0.560603 -0.508611
v -1.044973 0.564066 -0.496880
v -1.037967 0.568831 -0.484715
v -1.032451 0.574816 -0.472325
v -1.028520 0.581919 -0.459921
v -1.026240 0.590019 -0.447715
v -1.025651 0.598977 -0.435918
v -1.026763 0.608639 -0.424729
v -1.029556 0.618840 -0.414342
v -1.033983 0.629406 -0.404933
v -1.039969 0.640156 -0.396663
v -1.047410 0.650906 -0.389675
v -1.056180 0.661473 -0.384088
v -1.066128 0.671674 -0.379996
v -1.077084 0.681336 -0.377471
v -1.088861 0.690294 -0.376555
v -1.101257 0.698394 -0.377265
v -1.114060 0.705497 -0.379587
v -1.127051 0.711482 -0.383483
v -1.140008 0.716247 -0.388885
v -1.152709 0.719710 -0.395702
v -1.164937 0.721812 -0.403816
v -1.176482 0.722516 -0.413088
v -1.187148 0.721812 -0.423361
v -1.196750 0.719710 -0.434458
v -1.205126 0.716247 -0.446189
v -1.212132 0.711482 -0.458354
v -1.217648 0.705497 -0.470745
v -1.221579 0.698394 -0.483149
v -1.223859 0.690294 -0.495354
v -1.224448 0.681336 -0.507152
v -1.223337 0.671674 -0.518340
v -1.220543 0.661473 -0.528728
v -1.216116 0.650906 -0.538136
v -1.248757 0.645757 -0.588289
v -1.237595 0.629632 -0.598771
v -1.224441 0.613783 -0.607153
v -1.209518 0.598480 -0.613290
v -1.193084 0.583987 -0.617078
v -1.175419 0.570551 -0.618451
v -1.156825 0.558401 -0.617387
v -1.137620 0.547746 -0.613903
v -1.118133 0.538769 -0.608060
v -1.098697 0.531621 -0.599956
v -1.079646 0.526427 -0.589732
v -1.061304 0.523274 -0.577561
v -1.043986 0.522217 -0.563652
v -1.027988 0.523274 -0.548243
v -1.013584 0.526427 -0.531598
v -1.001020 0.531621 -0.514001
v -0.990512 0.538769 -0.495753
v -0.982238 0.547746 -0.477167
v -0.976341 0.558401 -0.458561
v -0.972921 0.570551 -0.440253
v -0.972038 0.583987 -0.422557
v -0.973705 0.598480 -0.405774
v -0.977895 0.613783 -0.390193
v -0.984536 0.629632 -0.376080
v -0.993514 0.645757 -0.363676
v -1.004676 0.661882 -0.353193
v -1.017831 0.677731 -0.344812
v -1.032753 0.693034 -0.338675
v -1.049187 0.707527 -0.334887
v -1.066852 0.720963 -0.333514
v -1.085446 0.733113 -0.334578
v -1.104651 0.743767 -0.338061
v -1.124138 0.752745 -0.343905
v -1.143574 0.759893 -0.352008
v -1.162625 0.765087 -0.362233
v -1.180967 0.768240 -0.374404
v -1.198285 0.769297 -0.388313
v -1.214283 0.768240 -0.403722
v -1.228687 0.765087 -0.420367
v -1.241251 0.759893 -0.437964
v -1.251759 0.752745 -0.456212
v -1.260033 0.743767 -0.474797
v -1.265930 0.733113 -0.493403
v -1.269350 0.720963 -0.511711
v -1.270233 0.707527 -0.529408
v -1.268566 0.693034 -0.546191
v -1.264376 0.677731 -0.561772
v -1.257735 0.661882 -0.575885
v -1.285818 0.653598 -0.631951
v -1.270935 0.632098 -0.645928
v -1.253396 0.610965 -0.657103
v -1.233500 0.590562 -0.665286
v -1.211587 0.571238 -0.670336
v -1.188034 0.553323 -0.672168
v -1.163241 0.537124 -0.670749
v -1.137635 0.522917 -0.666104
v -1.111653 0.510947 -0.658312
v -1.085739 0.501417 -0.647508
v -1.060336 0.494491 -0.633875
v -1.035881 0.490288 -0.617647
v -1.012790 0.488878 -0.599102
v -0.991460 0.490288 -0.578557
v -0.972254 0.494491 -0.556363
v -0.955502 0.501417 -0.532900
v -0.941491 0.510947 -0.508570
v -0.930459 0.522917 -0.483789
v -0.922596 0.537124 -0.458981
v -0.918037 0.553323 -0.434570
v -0.916859 0.571238 -0.410975
v -0.919082 0.590562 -0.388598
v -0.924669 0.610965 -0.367823
v -0.933523 0.632098 -0.349005
v -0.945494 0.653598 -0.332467
v -0.960377 0.675098 -0.318490
v -0.977916 0.696230 -0.307315
v -0.997812 0.716633 -0.299132
v -1.019724 0.735957 -0.294082
v -1.043278 0.753873 -0.292251
v -1.068070 0.770072 -0.293670
v -1.093677 0.784278 -0.298314
v -1.119659 0.796249 -0.306106
v -1.145573 0.805779 -0.316910
v -1.170976 0.812704 -0.330543
v -1.195431 0.816908 -0.346771
v -1.218522 0.818317 -0.365316
v -1.239852 0.816908 -0.385862
v -1.259058 0.812704 -0.408055
v -1.275810 0.805779 -0.431518
v -1.289821 0.796249 -0.455848
v -1.300853 0.784278 -0.480629
v -1.308716 0.770072 -0.505437
v -1.313275 0.753873 -0.529848
v -1.314453 0.735957 -0.553443
v -1.312230 0.716633 -0.575820
v -1.306643 0.696230 -0.596595
v -1.297789 0.675098 -0.615413
v -1.321313 0.663679 -0.677393
v -1.302710 0.636804 -0.694864
v -1.280786 0.610388 -0.708833
v -1.255916 0.584885 -0.719061
v -1.228525 0.560729 -0.725374
v -1.199083 0.538335 -0.727663
v -1.168093 0.518086 -0.725889
v -1.136085 0.500328 -0.720083
v -1.103606 0.485365 -0.710344
v -1.071214 0.473453 -0.696839
v -1.039461 0.464795 -0.679798
v -1.008892 0.459541 -0.659513
v -0.980029 0.457780 -0.636331
v -0.953365 0.459541 -0.610649
v -0.929359 0.464795 -0.582907
v -0.908419 0.473453 -0.553579
v -0.890904 0.485365 -0.523166
v -0.877115 0.500328 -0.492190
v -0.867286 0.518086 -0.461180
v -0.861587 0.538335 -0.430667
v -0.860114 0.560729 -0.401172
v -0.862893 0.584885 -0.373201
v -0.869877 0.610388 -0.347233
v -0.880945 0.636804 -0.323710
v -0.895909 0.663679 -0.303037
v -0.914512 0.690554 -0.285566
v -0.936436 0.716969 -0.271597
v -0.961306 0.742473 -0.261369
v -0.988696 0.766628 -0.255056
v -1.018139 0.789022 -0.252767
v -1.049129 0.809272 -0.254541
v -1.081137 0.827030 -0.260347
v -1.113615 0.841993 -0.270086
v -1.146008 0.853905 -0.283592
v -1.177760 0.862562 -0.300633
v -1.208330 0.867817 -0.320917
v -1.237193 0.869578 -0.344099
v -1.263856 0.867817 -0.369781
v -1.287863 0.862562 -0.397523
v -1.308803 0.853905 -0.426851
v -1.326317 0.841993 -0.457264
v -1.340107 0.827030 -0.488240
v -1.349935 0.809272 -0.519250
v -1.355635 0.789022 -0.549763
v -1.357107 0.766628 -0.579258
v -1.354328 0.742473 -0.607229
v -1.347345 0.716969 -0.633197
v -1.336277 0.690554 -0.656720
vn 0.480080 0.686951 -0.545546
vn 0.436156 0.685817 -0.582601
vn 0.439928 0.680367 -0.586143
vn 0.444374 0.675011 -0.588976
vn 0.449417 0.669839 -0.591050
vn 0.454971 0.664941 -0.592330
vn 0.460942 0.660400 -0.592794
vn 0.467226 0.656294 -0.592435
vn 0.473716 0.652693 -0.591257
vn 0.480302 0.649658 -0.589282
vn 0.486871 0.647243 -0.586544
vn 0.493309 0.645487 -0.583088
vn 0.499508 0.644422 -0.578975
vn 0.505361 0.644065 -0.574274
vn 0.510768 0.644422 -0.569066
vn 0.515636 0.645487 -0.563441
vn 0.519882 0.647243 -0.557494
vn 0.523434 0.649658 -0.551327
vn 0.526230 0.652693 -0.545045
vn 0.528223 0.656294 -0.538757
vn 0.529379 0.660400 -0.532570
vn 0.529677 0.664941 -0.526589
vn 0.529114 0.669839 -0.520917
vn 0.527698 0.675011 -0.515651
vn 0.525453 0.680367 -0.510881
vn 0.522419 0.685817 -0.506689
vn 0.518647 0.691266 -0.503146
vn 0.514201 0.696623 -0.500314
vn 0.509158 0.701795 -0.498240
vn 0.503604 0.706693 -0.496960
vn 0.497633 0.711234 -0.496495
vn 0.491349 0.715340 -0.496855
vn 0.484859 0.718941 -0.498032
vn 0.478273 0.721975 -0.500007
vn 0.471704 0.724391 -0.502746
vn 0.465265 0.726146 -0.506202
vn 0.459067 0.727212 -0.510315
vn 0.453214 0.727569 -0.515016
vn 0.447807 0.727212 -0.520223
vn 0.442939 0.726146 -0.525849
vn 0.438693 0.724391 -0.531796
vn 0.435141 0.721975 -0.537963
vn 0.432345 0.718941 -0.544244
vn 0.430352 0.715340 -0.550533
vn 0.429196 0.711234 -0.556720
vn 0.428898 0.706693 -0.562701
vn 0.429461 0.701795 -0.568373
vn 0.430877 0.696623 -0.573639
vn 0.433122 0.691266 -0.578408
vn 0.391093 0.682446 -0.617506
vn 0.398600 0.671600 -0.624557
vn 0.407448 0.660940 -0.630194
vn 0.417485 0.650647 -0.634322
vn 0.428539 0.640899 -0.636870
vn 0.440420 0.631862 -0.637793
vn 0.452927 0.623690 -0.637078
vn 0.465844 0.616523 -0.634735
vn 0.478951 0.610485 -0.630804
vn 0.492024 0.605678 -0.625354
vn 0.504838 0.602184 -0.618477
vn 0.517175 0.600063 -0.610290
vn 0.528823 0.599352 -0.600935
vn 0.539583 0.600063 -0.590571
vn 0.549271 0.602184 -0.579375
vn 0.557722 0.605678 -0.567539
vn 0.564790 0.610485 -0.555266
vn 0.570355 0.616523 -0.542765
vn 0.574322 0.623690 -0.530250
vn 0.576622 0.631862 -0.517936
vn 0.577216 0.640899 -0.506033
vn 0.576094 0.650647 -0.494745
vn 0.573276 0.660940 -0.484265
vn 0.568809 0.671600 -0.474773
vn 0.562771 0.682446 -0.466430
vn 0.555263 0.693292 -0.459379
vn 0.546415 0.703952 -0.453742
vn 0.536379 0.714245 -0.449614
vn 0.525325 0.723993 -0.447066
vn 0.513443 0.733030 -0.446142
vn 0.500936 0.741202 -0.446858
vn 0.488019 0.748369 -0.449201
vn 0.474912 0.754407 -0.453132
vn 0.461840 0.759214 -0.458582
vn 0.449026 0.762708 -0.465459
vn 0.436689 0.764829 -0.473645
vn 0.425041 0.765540 -0.483001
vn 0.414280 0.764829 -0.493365
vn 0.404592 0.762708 -0.504561
vn 0.396141 0.759214 -0.516397
vn 0.389073 0.754407 -0.528670
vn 0.383508 0.748369 -0.541171
vn 0.379542 0.741202 -0.553685
vn 0.377242 0.733030 -0.565999
vn 0.376647 0.723993 -0.577902
vn 0.377769 0.714245 -0.589190
vn 0.380587 0.703952 -0.599670
vn 0.385054 0.693292 -0.609163
vn 0.345363 0.676937 -0.649986
vn 0.356533 0.660799 -0.660476
vn 0.369698 0.644938 -0.668864
vn 0.384631 0.629624 -0.675006
vn 0.401078 0.615120 -0.678796
vn 0.418757 0.601673 -0.680171
vn 0.437365 0.589514 -0.679106
vn 0.456585 0.578851 -0.675619
vn 0.476087 0.569867 -0.669771
vn 0.495537 0.562714 -0.661662
vn 0.514603 0.557515 -0.651429
vn 0.532959 0.554360 -0.639249
vn 0.550290 0.553303 -0.625330
vn 0.566300 0.554360 -0.609909
vn 0.580715 0.557515 -0.593251
vn 0.593289 0.562714 -0.575640
vn 0.603806 0.569867 -0.557379
vn 0.612086 0.578851 -0.538779
vn 0.617987 0.589514 -0.520158
vn 0.621409 0.601673 -0.501836
vn 0.622294 0.615120 -0.484126
vn 0.620625 0.629624 -0.467331
vn 0.616432 0.644938 -0.451738
vn 0.609786 0.660799 -0.437614
vn 0.600801 0.676937 -0.425200
vn 0.589630 0.693074 -0.414710
vn 0.576466 0.708936 -0.406322
vn 0.561532 0.724250 -0.400180
vn 0.545085 0.738754 -0.396389
vn 0.527406 0.752201 -0.395015
vn 0.508798 0.764359 -0.396080
vn 0.489579 0.775022 -0.399566
vn 0.470077 0.784007 -0.405414
vn 0.450626 0.791160 -0.413524
vn 0.431560 0.796358 -0.423756
vn 0.413205 0.799513 -0.435936
vn 0.395873 0.800571 -0.449856
vn 0.379863 0.799513 -0.465277
vn 0.365448 0.796358 -0.481935
vn 0.352874 0.791160 -0.499545
vn 0.342358 0.784007 -0.517807
vn 0.334078 0.775022 -0.536407
vn 0.328176 0.764359 -0.555027
vn 0.324754 0.752201 -0.573349
vn 0.323870 0.738754 -0.591059
vn 0.325538 0.724250 -0.607855
vn 0.329732 0.708936 -0.623448
vn 0.336378 0.693074 -0.637572
vn 0.299438 0.669443 -0.679840
vn 0.314167 0.648165 -0.693672
vn 0.331525 0.627251 -0.704732
vn 0.351216 0.607058 -0.712831
vn 0.372903 0.587933 -0.717829
vn 0.396214 0.570203 -0.719641
vn 0.420750 0.554170 -0.718237
vn 0.446092 0.540110 -0.713640
vn 0.471807 0.528263 -0.705929
vn 0.497454 0.518832 -0.695236
vn 0.522594 0.511978 -0.681744
vn 0.546797 0.507817 -0.665683
vn 0.569650 0.506423 -0.647329
vn 0.590760 0.507817 -0.626996
vn 0.609768 0.511978 -0.605031
vn 0.626347 0.518832 -0.581810
vn 0.640214 0.528263 -0.557731
vn 0.651132 0.540110 -0.533206
vn 0.658913 0.554170 -0.508653
vn 0.663426 0.570203 -0.484494
vn 0.664592 0.587933 -0.461142
vn 0.662392 0.607058 -0.438996
vn 0.656863 0.627251 -0.418436
vn 0.648099 0.648165 -0.399812
vn 0.636252 0.669443 -0.383444
vn 0.621523 0.690722 -0.369611
vn 0.604164 0.711636 -0.358551
vn 0.584474 0.731829 -0.350453
vn 0.562787 0.750954 -0.345455
vn 0.539476 0.768684 -0.343642
vn 0.514940 0.784717 -0.345047
vn 0.489597 0.798777 -0.349644
vn 0.463883 0.810624 -0.357355
vn 0.438236 0.820055 -0.368048
vn 0.413096 0.826909 -0.381540
vn 0.388892 0.831070 -0.397600
vn 0.366040 0.832464 -0.415954
vn 0.344929 0.831070 -0.436288
vn 0.325922 0.826909 -0.458253
vn 0.309343 0.820055 -0.481474
vn 0.295476 0.810624 -0.505553
vn 0.284558 0.798777 -0.530078
vn 0.276776 0.784717 -0.554630
vn 0.272264 0.768684 -0.578789
vn 0.271098 0.750954 -0.602142
vn 0.273298 0.731829 -0.624287
vn 0.278827 0.711636 -0.644848
vn 0.287590 0.690722 -0.663472
vn 0.253770 0.660165 -0.706953
vn 0.271926 0.633936 -0.724004
vn 0.293323 0.608155 -0.737638
vn 0.317595 0.583264 -0.747620
vn 0.344328 0.559689 -0.753781
vn 0.373062 0.537833 -0.756016
vn 0.403308 0.518071 -0.754285
vn 0.434547 0.500739 -0.748618
vn 0.466245 0.486136 -0.739113
vn 0.497859 0.474510 -0.725932
vn 0.528848 0.466061 -0.709300
vn 0.558683 0.460933 -0.689503
vn 0.586853 0.459213 -0.666878
vn 0.612875 0.460933 -0.641814
vn 0.636305 0.466061 -0.614738
vn 0.656742 0.474510 -0.586115
vn 0.673836 0.486136 -0.556433
vn 0.687294 0.500739 -0.526201
vn 0.696886 0.518071 -0.495936
vn 0.702449 0.537833 -0.466156
vn 0.703886 0.559689 -0.437370
vn 0.701174 0.583264 -0.410071
vn 0.694358 0.608155 -0.384727
vn 0.683556 0.633936 -0.361770
vn 0.668952 0.660165 -0.341593
vn 0.650796 0.686394 -0.324542
vn 0.629398 0.712175 -0.310909
vn 0.605126 0.737066 -0.300926
vn 0.578393 0.760641 -0.294765
vn 0.549659 0.782497 -0.292531
vn 0.519413 0.802259 -0.294262
vn 0.488174 0.819591 -0.299929
vn 0.456476 0.834194 -0.309434
vn 0.424862 0.845820 -0.322615
vn 0.393873 0.854269 -0.339246
vn 0.364038 0.859397 -0.359044
vn 0.335868 0.861117 -0.381668
vn 0.309846 0.859397 -0.406733
vn 0.286416 0.854269 -0.433809
vn 0.265979 0.845820 -0.462432
vn 0.248885 0.834194 -0.492114
vn 0.235427 0.819591 -0.522346
vn 0.225835 0.802259 -0.552611
vn 0.220273 0.782497 -0.582391
vn 0.218835 0.760641 -0.611176
vn 0.221548 0.737066 -0.638475
vn 0.228363 0.712175 -0.663820
vn 0.239165 0.686394 -0.686777
vn 0.208768 0.649332 -0.731289
vn 0.230198 0.618373 -0.751414
vn 0.255453 0.587944 -0.767506
vn 0.284102 0.558565 -0.779289
vn 0.315655 0.530740 -0.786561
vn 0.349571 0.504943 -0.789198
vn 0.385270 0.481617 -0.787155
vn 0.422141 0.461161 -0.780466
vn 0.459555 0.443924 -0.769247
vn 0.496869 0.430202 -0.753689
vn 0.533446 0.420229 -0.734059
vn 0.568661 0.414176 -0.710692
vn 0.601910 0.412147 -0.683988
vn 0.632624 0.414176 -0.654404
vn 0.660279 0.420229 -0.622447
vn 0.684400 0.430202 -0.588662
vn 0.704576 0.443924 -0.553628
vn 0.720461 0.461161 -0.517945
vn 0.731783 0.481617 -0.482223
vn 0.738348 0.504943 -0.447074
vn 0.740044 0.530740 -0.413098
vn 0.736843 0.558565 -0.380877
vn 0.728799 0.587944 -0.350962
vn 0.716049 0.618373 -0.323866
vn 0.698811 0.649332 -0.300051
vn 0.677382 0.680291 -0.279926
vn 0.652126 0.710720 -0.263835
vn 0.623477 0.740099 -0.252052
vn 0.591925 0.767924 -0.244780
vn 0.558009 0.793721 -0.242143
vn 0.522310 0.817047 -0.244186
vn 0.485438 0.837503 -0.250874
vn 0.448025 0.854740 -0.262093
vn 0.410711 0.868462 -0.277651
vn 0.374133 0.878435 -0.297281
vn 0.338919 0.884488 -0.320648
vn 0.305670 0.886517 -0.347352
vn 0.274956 0.884488 -0.376936
vn 0.247301 0.878435 -0.408894
vn 0.223179 0.868462 -0.442679
vn 0.203004 0.854740 -0.477712
vn 0.187119 0.837503 -0.513395
vn 0.175797 0.817047 -0.549117
vn 0.169232 0.793721 -0.584267
vn 0.167535 0.767924 -0.618243
vn 0.170737 0.740099 -0.650464
vn 0.178781 0.710720 -0.680378
vn 0.191531 0.680291 -0.707475
vn -0.480080 -0.686951 0.545546
vn -0.522419 -0.685817 0.506689
vn -0.518647 -0.691266 0.503146
vn -0.514201 -0.696623 0.500314
vn -0.509158 -0.701795 0.498240
vn -0.503604 -0.706693 0.496960
vn -0.497633 -0.711234 0.496495
vn -0.491349 -0.715340 0.496855
vn -0.484859 -0.718941 0.498032
vn -0.478273 -0.721975 0.500007
vn -0.471704 -0.724391 0.502746
vn -0.465265 -0.726146 0.506202
vn -0.459067 -0.727212 0.510315
vn -0.453214 -0.727569 0.515016
vn -0.447807 -0.727212 0.520223
vn -0.442939 -0.726146 0.525849
vn -0.438693 -0.724391 0.531796
vn -0.435141 -0.721975 0.537963
vn -0.432345 -0.718941 0.544244
vn -0.430352 -0.715340 0.550533
vn -0.429196 -0.711234 0.556720
vn -0.428898 -0.706693 0.562701
vn -0.429461 -0.701795 0.568373
vn -0.430877 -0.696623 0.573639
vn -0.433122 -0.691266 0.578408
vn -0.436156 -0.685817 0.582601
vn -0.439928 -0.680367 0.586143
vn -0.444374 -0.675011 0.588976
vn -0.449417 -0.669839 0.591050
vn -0.454971 -0.664941 0.592330
vn -0.460942 -0.660400 0.592794
vn -0.467226 -0.656294 0.592435
vn -0.473716 -0.652693 0.591257
vn -0.480302 -0.649658 0.589282
vn -0.486871 -0.647243 0.586544
vn -0.493309 -0.645487 0.583088
vn -0.499508 -0.644422 0.578975
vn -0.505361 -0.644065 0.574274
vn -0.510768 -0.644422 0.569066
vn -0.515636 -0.645487 0.563441
vn -0.519882 -0.647243 0.557494
vn -0.523434 -0.649658 0.551327
vn -0.526230 -0.652693 0.545045
vn -0.528223 -0.656294 0.538757
vn -0.529379 -0.660400 0.532570
vn -0.529677 -0.664941 0.526589
vn -0.529114 -0.669839 0.520917
vn -0.527698 -0.675011 0.515651
vn -0.525453 -0.680367 0.510881
vn -0.562771 -0.682446 0.466430
vn -0.555263 -0.693292 0.459379
vn -0.546415 -0.703952 0.453742
vn -0.536379 -0.714245 0.449614
vn -0.525325 -0.723993 0.447066
vn -0.513443 -0.733030 0.446142
vn -0.500936 -0.741202 0.446858
vn -0.488019 -0.748369 0.449201
vn -0.474912 -0.754407 0.453132
vn -0.461840 -0.759214 0.458582
vn -0.449026 -0.762708 0.465459
vn -0.436689 -0.764829 0.473645
vn -0.425041 -0.765540 0.483001
vn -0.414280 -0.764829 0.493365
vn -0.404592 -0.762708 0.504561
vn -0.396141 -0.759214 0.516397
vn -0.389073 -0.754407 0.528670
vn -0.383508 -0.748369 0.541171
vn -0.379542 -0.741202 0.553685
vn -0.377242 -0.733030 0.565999
vn -0.376647 -0.723993 0.577902
vn -0.377769 -0.714245 0.589190
vn -0.380587 -0.703952 0.599670
vn -0.385054 -0.693292 0.609163
vn -0.391093 -0.682446 0.617506
vn -0.398600 -0.671600 0.624557
vn -0.407448 -0.660940 0.630194
vn -0.417485 -0.650647 0.634322
vn -0.428539 -0.640899 0.636870
vn -0.440420 -0.631862 0.637793
vn -0.452927 -0.623690 0.637078
vn -0.465844 -0.616523 0.634735
vn -0.478951 -0.610485 0.630804
vn -0.492024 -0.605678 0.625354
vn -0.504838 -0.602184 0.618477
vn -0.517175 -0.600063 0.610290
vn -0.528823 -0.599352 0.600935
vn -0.539583 -0.600063 0.590571
vn -0.549271 -0.602184 0.579375
vn -0.557722 -0.605678 0.567539
vn -0.564790 -0.610485 0.555266
vn -0.570355 -0.616523 0.542765
vn -0.574322 -0.623690 0.530250
vn -0.576622 -0.631862 0.517936
vn -0.577216 -0.640899 0.506033
vn -0.576094 -0.650647 0.494745
vn -0.573276 -0.660940 0.484265
vn -0.568809 -0.671600 0.474773
vn -0.600801 -0.676937 0.425200
vn -0.589630 -0.693074 0.414710
vn -0.576466 -0.708936 0.406322
vn -0.561532 -0.724250 0.400180
vn -0.545085 -0.738754 0.396389
vn -0.527406 -0.752201 0.395015
vn -0.508798 -0.764359 0.396080
vn -0.489579 -0.775022 0.399566
vn -0.470077 -0.784007 0.405414
vn -0.450626 -0.791160 0.413524
vn -0.431560 -0.796358 0.423756
vn -0.413205 -0.799513 0.435936
vn -0.395873 -0.800571 0.449856
vn -0.379863 -0.799513 0.465277
vn -0.365448 -0.796358 0.481935
vn -0.352874 -0.791160 0.499545
vn -0.342358 -0.784007 0.517807
vn -0.334078 -0.775022 0.536407
vn -0.328176 -0.764359 0.555027
vn -0.324754 -0.752201 0.573349
vn -0.323870 -0.738754 0.591059
vn -0.325538 -0.724250 0.607855
vn -0.329732 -0.708936 0.623448
vn -0.336378 -0.693074 0.637572
vn -0.345363 -0.676937 0.649986
vn -0.356533 -0.660799 0.660476
vn -0.369698 -0.644938 0.668864
vn -0.384631 -0.629624 0.675006
vn -0.401078 -0.615120 0.678796
vn -0.418757 -0.601673 0.680171
vn -0.437365 -0.589514 0.679106
vn -0.456585 -0.578851 0.675619
vn -0.476087 -0.569867 0.669771
vn -0.495537 -0.562714 0.661662
vn -0.514603 -0.557515 0.651429
vn -0.532959 -0.554360 0.639249
vn -0.550290 -0.553303 0.625330
vn -0.566300 -0.554360 0.609909
vn -0.580715 -0.557515 0.593251
vn -0.593289 -0.562714 0.575640
vn -0.603806 -0.569867 0.557379
vn -0.612086 -0.578851 0.538779
vn -0.617987 -0.589514 0.520158
vn -0.621409 -0.601673 0.501836
vn -0.622294 -0.615120 0.484126
vn -0.620625 -0.629624 0.467331
vn -0.616432 -0.644938 0.451738
vn -0.609786 -0.660799 0.437614
vn -0.636252 -0.669443 0.383444
vn -0.621523 -0.690722 0.369611
vn -0.604164 -0.711636 0.358551
vn -0.584474 -0.731829 0.350453
vn -0.562787 -0.750954 0.345455
vn -0.539476 -0.768684 0.343642
vn -0.514940 -0.784717 0.345047
vn -0.489597 -0.798777 0.349644
vn -0.463883 -0.810624 0.357355
vn -0.438236 -0.820055 0.368048
vn -0.413096 -0.826909 0.381540
vn -0.388892 -0.831070 0.397600
vn -0.366040 -0.832464 0.415954
vn -0.344929 -0.831070 0.436288
vn -0.325922 -0.826909 0.458253
vn -0.309343 -0.820055 0.481474
vn -0.295476 -0.810624 0.505553
vn -0.284558 -0.798777 0.530078
vn -0.276776 -0.784717 0.554630
vn -0.272264 -0.768684 0.578789
vn -0.271098 -0.750954 0.602142
vn -0.273298 -0.731829 0.624287
vn -0.278827 -0.711636 0.644848
vn -0.287590 -0.690722 0.663472
vn -0.299438 -0.669443 0.679840
vn -0.314167 -0.648165 0.693672
vn -0.331525 -0.627251 0.704732
vn -0.351216 -0.607058 0.712831
vn -0.372903 -0.587933 0.717829
vn -0.396214 -0.570203 0.719641
vn -0.420750 -0.554170 0.718237
vn -0.446092 -0.540110 0.713640
vn -0.471807 -0.528263 0.705929
vn -0.497454 -0.518832 0.695236
vn -0.522594 -0.511978 0.681744
vn -0.546797 -0.507817 0.665683
vn -0.569650 -0.506423 0.647329
vn -0.590760 -0.507817 0.626996
vn -0.609768 -0.511978 0.605031
vn -0.626347 -0.518832 0.581810
vn -0.640214 -0.528263 0.557731
vn -0.651132 -0.540110 0.533206
vn -0.658913 -0.554170 0.508653
vn -0.663426 -0.570203 0.484494
vn -0.664592 -0.587933 0.461142
vn -0.662392 -0.607058 0.438996
vn -0.656863 -0.627251 0.418436
vn -0.648099 -0.648165 0.399812
vn -0.668952 -0.660165 0.341593
vn -0.650796 -0.686394 0.324542
vn -0.629398 -0.712175 0.310909
vn -0.605126 -0.737066 0.300926
vn -0.578393 -0.760641 0.294765
vn -0.549659 -0.782497 0.292531
vn -0.519413 -0.802259 0.294262
vn -0.488174 -0.819591 0.299929
vn -0.456476 -0.834194 0.309434
vn -0.424862 -0.845820 0.322615
vn -0.393873 -0.854269 0.339246
vn -0.364038 -0.859397 0.359044
vn -0.335868 -0.861117 0.381668
vn -0.309846 -0.859397 0.406733
vn -0.286416 -0.854269 0.433809
vn -0.265979 -0.845820 0.462432
vn -0.248885 -0.834194 0.492114
vn -0.235427 -0.819591 0.522346
vn -0.225835 -0.802259 0.552611
vn -0.220273 -0.782497 0.582391
vn -0.218835 -0.760641 0.611176
vn -0.221548 -0.737066 0.638475
vn -0.228363 -0.712175 0.663820
vn -0.239165 -0.686394 0.686777
vn -0.253770 -0.660165 0.706953
vn -0.271926 -0.633936 0.724004
vn -0.293323 -0.608155 0.737638
vn -0.317595 -0.583264 0.747620
vn -0.344328 -0.559689 0.753781
vn -0.373062 -0.537833 0.756016
vn -0.403308 -0.518071 0.754285
vn -0.434547 -0.500739 0.748618
vn -0.466245 -0.486136 0.739113
vn -0.497859 -0.474510 0.725932
vn -0.528848 -0.466061 0.709300
vn -0.558683 -0.460933 0.689503
vn -0.586853 -0.459213 0.666878
vn -0.612875 -0.460933 0.641814
vn -0.636305 -0.466061 0.614738
vn -0.656742 -0.474510 0.586115
vn -0.673836 -0.486136 0.556433
vn -0.687294 -0.500739 0.526201
vn -0.696886 -0.518071 0.495936
vn -0.702449 -0.537833 0.466156
vn -0.703886 -0.559689 0.437370
vn -0.701174 -0.583264 0.410071
vn -0.694358 -0.608155 0.384727
vn -0.683556 -0.633936 0.361770
vn -0.698811 -0.649332 0.300051
vn -0.677382 -0.680291 0.279926
vn -0.652126 -0.710720 0.263835
vn -0.623477 -0.740099 0.252052
vn -0.591925 -0.767924 0.244780
vn -0.558009 -0.793721 0.242143
vn -0.522310 -0.817047 0.244186
vn -0.485438 -0.837503 0.250874
vn -0.448025 -0.854740 0.262093
vn -0.410711 -0.868462 0.277651
vn -0.374133 -0.878435 0.297281
vn -0.338919 -0.884488 0.320648
vn -0.305670 -0.886517 0.347352
vn -0.274956 -0.884488 0.376936
vn -0.247301 -0.878435 0.408894
vn -0.223179 -0.868462 0.442679
vn -0.203004 -0.854740 0.477712
vn -0.187119 -0.837503 0.513395
vn -0.175797 -0.817047 0.549117
vn -0.169232 -0.793721 0.584267
vn -0.167535 -0.767924 0.618243
vn -0.170737 -0.740099 0.650464
vn -0.178781 -0.710720 0.680378
vn -0.191531 -0.680291 0.707475
vn -0.208768 -0.649332 0.731289
vn -0.230198 -0.618373 0.751414
vn -0.255453 -0.587944 0.767506
vn -0.284102 -0.558565 0.779289
vn -0.315655 -0.530740 0.786561
vn -0.349571 -0.504943 0.789198
vn -0.385270 -0.481617 0.787155
vn -0.422141 -0.461161 0.780466
vn -0.459555 -0.443924 0.769247
vn -0.496869 -0.430202 0.753689
vn -0.533446 -0.420229 0.734059
vn -0.568661 -0.414176 0.710692
vn -0.601910 -0.412147 0.683988
vn -0.632624 -0.414176 0.654404
vn -0.660279 -0.420229 0.622447
vn -0.684400 -0.430202 0.588662
vn -0.704576 -0.443924 0.553628
vn -0.720461 -0.461161 0.517945
vn -0.731783 -0.481617 0.482223
vn -0.738348 -0.504943 0.447074
vn -0.740044 -0.530740 0.413098
vn -0.736843 -0.558565 0.380877
vn -0.728799 -0.587944 0.350962
vn -0.716049 -0.618373 0.323866
f 33//19 35//21 34//20
f 33//19 36//22 35//21
f 33//19 37//23 36//22
f 33//19 38//24 37//23
f 33//19 39//25 38//24
f 33//19 40//26 39//25
f 33//19 41//27 40//26
f 33//19 42//28 41//27
f 33//19 43//29 42//28
f 33//19 44//30 43//29
f 33//19 45//31 44//30
f 33//19 46//32 45//31
f 33//19 47//33 46//32
f 33//19 48//34 47//33
f 33//19 49//35 48//34
f 33//19 50//36 49//35
f 33//19 51//37 50//36
f 33//19 52//38 51//37
f 33//19 53//39 52//38
f 33//19 54//40 53//39
f 33//19 55//41 54//40
f 33//19 56//42 55//41
f 33//19 57//43 56//42
f 33//19 58//44 57//43
f 33//19 59//45 58//44
f 33//19 60//46 59//45
f 33//19 61//47 60//46
f 33//19 62//48 61//47
f 33//19 63//49 62//48
f 33//19 64//50 63//49
f 33//19 65//51 64//50
f 33//19 66//52 65//51
f 33//19 67//53 66//52
f 33//19 68//54 67//53
f 33//19 69//55 68//54
f 33//19 70//56 69//55
f 33//19 71//57 70//56
f 33//19 72//58 71//57
f 33//19 73//59 72//58
f 33//19 74//60 73//59
f 33//19 75//61 74//60
f 33//19 76//62 75//61
f 33//19 77//63 76//62
f 33//19 78//64 77//63
f 33//19 79//65 78//64
f 33//19 80//66 79//65
f 33//19 81//67 80//66
f 33//19 34//20 81//67
f 34//20 83//69 82//68
f 34//20 35//21 83//69
f 35//21 84//70 83//69
f 35//21 36//22 84//70
f 36//22 85//71 84//70
f 36//22 37//23 85//71
f 37//23 86//72 85//71
f 37//23 38//24 86//72
f 38//24 87//73 86//72
f 38//24 39//25 87//73
f 39//25 88//74 87//73
f 39//25 40//26 88//74
f 40//26 89//75 88//74
f 40//26 41//27 89//75
f 41//27 90//76 89//75
f 41//27 42//28 90//76
f 42//28 91//77 90//76
f 42//28 43//29 91//77
f 43//29 92//78 91//77
f 43//29 44//30 92//78
f 44//30 93//79 92//78
f 44//30 45//31 93//79
f 45//31 94//80 93//79
f 45//31 46//32 94//80
f 46//32 95//81 94//80
f 46//32 47//33 95//81
f 47//33 96//82 95//81
f 47//33 48//34 96//82
f 48//34 97//83 96//82
f 48//34 49//35 97//83
f 49//35 98//84 97//83
f 49//35 50//36 98//84
f 50//36 99//85 98//84
f 50//36 51//37 99//85
f 51//37 100//86 99//85
f 51//37 52//38 100//86
f 52//38 101//87 100//86
f 52//38 53//39 101//87
f 53//39 102//88 101//87
f 53//39 54//40 102//88
f 54//40 103//89 102//88
f 54//40 55//41 103//89
f 55//41 104//90 103//89
f 55//41 56//42 104//90
f 56//42 105//91 104//90
f 56//42 57//43 105//91
f 57//43 106//92 105//91
f 57//43 58//44 106//92
f 58//44 107//93 106//92
f 58//44 59//45 107//93
f 59//45 108//94 107//93
f 59//45 60//46 108//94
f 60//46 109//95 108//94
f 60//46 61//47 109//95
f 61//47 110//96 109//95
f 61//47 62//48 110//96
f 62//48 111//97 110//96
f 62//48 63//49 111//97
f 63//49 112//98 111//97
f 63//49 64//50 112//98
f 64//50 113//99 112//98
f 64//50 65//51 113//99
f 65//51 114//100 113//99
f 65//51 66//52 114//100
f 66//52 115//101 114//100
f 66//52 67//53 115//101
f 67//53 116//102 115//101
f 67//53 68//54 116//102
f 68//54 117//103 116//102
f 68//54 69//55 117//103
f 69//55 118//104 117//103
f 69//55 70//56 118//104
f 70//56 119//105 118//104
f 70//56 71//57 119//105
f 71//57 120//106 119//105
f 71//57 72//58 120//106
f 72//58 121//107 120//106
f 72//58 73//59 121//107
f 73//59 122//108 121//107
f 73//59 74//60 122//108
f 74//60 123//109 122//108
f 74//60 75//61 123//109
f 75//61 124//110 123//109
f 75//61 76//62 124//110
f 76//62 125//111 124//110
f 76//62 77//63 125//111
f 77//63 126//112 125//111
f 77//63 78//64 126//112
f 78//64 127//113 126//112
f 78//64 79//65 127//113
f 79//65 128//114 127//113
f 79//65 80//66 128//114
f 80//66 129//115 128//114
f 80//66 81//67 129//115
f 81//67 82//68 129//115
f 81//67 34//20 82//68
f 82//68 131//117 130//116
f 82//68 83//69 131//117
f 83//69 132//118 131//117
f 83//69 84//70 132//118
f 84//70 133//119 132//118
f 84//70 85//71 133//119
f 85//71 134//120 133//119
f 85//71 86//72 134//120
f 86//72 135//121 134//120
f 86//72 87//73 135//121
f 87//73 136//122 135//121
f 87//73 88//74 136//122
f 88//74 137//123 136//122
f 88//74 89//75 137//123
f 89//75 138//124 137//123
f 89//75 90//76 138//124
f 90//76 139//125 138//124
f 90//76 91//77 139//125
f 91//77 140//126 139//125
f 91//77 92//78 140//126
f 92//78 141//127 140//126
f 92//78 93//79 141//127
f 93//79 142//128 141//127
f 93//79 94//80 142//128
f 94//80 143//129 142//128
f 94//80 95//81 143//129
f 95//81 144//130 143//129
f 95//81 96//82 144//130
f 96//82 145//131 144//130
f 96//82 97//83 145//131
f 97//83 146//132 145//131
f 97//83 98//84 146//132
f 98//84 147//133 146//132
f 98//84 99//85 147//133
f 99//85 148//134 147//133
f 99//85 100//86 148//134
f 100//86 149//135 148//134
f 100//86 101//87 149//135
f 101//87 150//136 149//135
f 101//87 102//88 150//136
f 102//88 151//137 150//136
f 102//88 103//89 151//137
f 103//89 152//138 151//137
f 103//89 104//90 152//138
f 104//90 153//139 152//138
f 104//90 105//91 153//139
f 105//91 154//140 153//139
f 105//91 106//92 154//140
f 106//92 155//141 154//140
f 106//92 107//93 155//141
f 107//93 156//142 155//141
f 107//93 108//94 156//142
f 108//94 157//143 156//142
f 108//94 109//95 157//143
f 109//95 158//144 157//143
f 109//95 110//96 158//144
f 110//96 159//145 158//144
f 110//96 111//97 159//145
f 111//97 160//146 159//145
f 111//97 112//98 160//146
f 112//98 161//147 160//146
f 112//98 113//99 161//147
f 113//99 162//148 161//147
f 113//99 114//100 162//148
f 114//100 163//149 162//148
f 114//100 115//101 163//149
f 115//101 164//150 163//149
f 115//101 116//102 164//150
f 116//102 165//151 164//150
f 116//102 117//103 165//151
f 117//103 166//152 165//151
f 117//103 118//104 166//152
f 118//104 167//153 166//152
f 118//104 119//105 167//153
f 119//105 168//154 167//153
f 119//105 120//106 168//154
f 120//106 169//155 168//154
f 120//106 121//107 169//155
f 121//107 170//156 169//155
f 121//107 122//108 170//156
f 122//108 171//157 170//156
f 122//108 123//109 171//157
f 123//109 172//158 171//157
f 123//109 124//110 172//158
f 124//110 173//159 172//158
f 124//110 125//111 173//159
f 125//111 174//160 173//159
f 125//111 126//112 174//160
f 126//112 175//161 174//160
f 126//112 127//113 175//161
f 127//113 176//162 175//161
f 127//113 128//114 176//162
f 128//114 177//163 176//162
f 128//114 129//115 177//163
f 129//115 130//116 177//163
f 129//115 82//68 130//116
f 130//116 179//165 178//164
f 130//116 131//117 179//165
f 131//117 180//166 179//165
f 131//117 132//118 180//166
f 132//118 181//167 180//166
f 132//118 133//119 181//167
f 133//119 182//168 181//167
f 133//119 134//120 182//168
f 134//120 183//169 182//168
f 134//120 135//121 183//169
f 135//121 184//170 183//169
f 135//121 136//122 184//170
f 136//122 185//171 184//170
f 136//122 137//123 185//171
f 137//123 186//172 185//171
f 137//123 138//124 186//172
f 138//124 187//173 186//172
f 138//124 139//125 187//173
f 139//125 188//174 187//173
f 139//125 140//126 188//174
f 140//126 189//175 188//174
f 140//126 141//127 189//175
f 141//127 190//176 189//175
f 141//127 142//128 190//176
f 142//128 191//177 190//176
f 142//128 143//129 191//177
f 143//129 192//178 191//177
f 143//129 144//130 192//178
f 144//130 193//179 192//178
f 144//130 145//131 193//179
f 145//131 194//180 193//179
f 145//131 146//132 194//180
f 146//132 195//181 194//180
f 146//132 147//133 195//181
f 147//133 196//182 195//181
f 147//133 148//134 196//182
f 148//134 197//183 196//182
f 148//134 149//135 197//183
f 149//135 198//184 197//183
f 149//135 150//136 198//184
f 150//136 199//185 198//184
f 150//136 151//137 199//185
f 151//137 200//186 199//185
f 151//137 152//138 200//186
f 152//138 201//187 200//186
f 152//138 153//139 201//187
f 153//139 202//188 201//187
f 153//139 154//140 202//188
f 154//140 203//189 202//188
f 154//140 155//141 203//189
f 155//141 204//190 203//189
f 155//141 156//142 204//190
f 156//142 205//191 204//190
f 156//142 157//143 205//191
f 157//143 206//192 205//191
f 157//143 158//144 206//192
f 158//144 207//193 206//192
f 158//144 159//145 207//193
f 159//145 208//194 207//193
f 159//145 160//146 208//194
f 160//146 209//195 208//194
f 160//146 161//147 209//195
f 161//147 210//196 209//195
f 161//147 162//148 210//196
f 162//148 211//197 210//196
f 162//148 163//149 211//197
f 163//149 212//198 211//197
f 163//149 164//150 212//198
f 164//150 213//199 212//198
f 164//150 165//151 213//199
f 165//151 214//200 213//199
f 165//151 166//152 214//200
f 166//152 215//201 214//200
f 166//152 167//153 215//201
f 167//153 216//202 215//201
f 167//153 168//154 216//202
f 168//154 217//203 216//202
f 168//154 169//155 217//203
f 169//155 218//204 217//203
f 169//155 170//156 218//204
f 170//156 219//205 218//204
f 170//156 171//157 219//205
f 171//157 220//206 219//205
f 171//157 172//158 220//206
f 172//158 221//207 220//206
f 172//158 173//159 221//207
f 173//159 222//208 221//207
f 173//159 174//160 222//208
f 174//160 223//209 222//208
f 174//160 175//161 223//209
f 175//161 224//210 223//209
f 175//161 176//162 224//210
f 176//162 225//211 224//210
f 176//162 177//163 225//211
f 177//163 178//164 225//211
f 177//163 130//116 178//164
f 178//164 227//213 226//212
f 178//164 179//165 227//213
f 179//165 228//214 227//213
f 179//165 180//166 228//214
f 180//166 229//215 228//214
f 180//166 181//167 229//215
f 181//167 230//216 229//215
f 181//167 182//168 230//216
f 182//168 231//217 230//216
f 182//168 183//169 231//217
f 183//169 232//218 231//217
f 183//169 184//170 232//218
f 184//170 233//219 232//218
f 184//170 185//171 233//219
f 185//171 234//220 233//219
f 185//171 186//172 234//220
f 186//172 235//221 234//220
f 186//172 187//173 235//221
f 187//173 236//222 235//221
f 187//173 188//174 236//222
f 188//174 237//223 236//222
f 188//174 189//175 237//223
f 189//175 238//224 237//223
f 189//175 190//176 238//224
f 190//176 239//225 238//224
f 190//176 191//177 239//225
f 191//177 240//226 239//225
f 191//177 192//178 240//226
f 192//178 241//227 240//226
f 192//178 193//179 241//227
f 193//179 242//228 241//227
f 193//179 194//180 242//228
f 194//180 243//229 242//228
f 194//180 195//181 243//229
f 195//181 244//230 243//229
f 195//181 196//182 244//230
f 196//182 245//231 244//230
f 196//182 197//183 245//231
f 197//183 246//232 245//231
f 197//183 198//184 246//232
f 198//184 247//233 246//232
f 198//184 199//185 247//233
f 199//185 248//234 247//233
f 199//185 200//186 248//234
f 200//186 249//235 248//234
f 200//186 201//187 249//235
f 201//187 250//236 249//235
f 201//187 202//188 250//236
f 202//188 251//237 250//236
f 202//188 203//189 251//237
f 203//189 252//238 251//237
f 203//189 204//190 252//238
f 204//190 253//239 252//238
f 204//190 205//191 253//239
f 205//191 254//240 253//239
f 205//191 206//192 254//240
f 206//192 255//241 254//240
f 206//192 207//193 255//241
f 207//193 256//242 255//241
f 207//193 208//194 256//242
f 208//194 257//243 256//242
f 208//194 209//195 257//243
f 209//195 258//244 257//243
f 209//195 210//196 258//244
f 210//196 259//245 258//244
f 210//196 211//197 259//245
f 211//197 260//246 259//245
f 211//197 212//198 260//246
f 212//198 261//247 260//246
f 212//198 213//199 261//247
f 213//199 262//248 261//247
f 213//199 214//200 262//248
f 214//200 263//249 262//248
f 214//200 215//201 263//249
f 215//201 264//250 263//249
f 215//201 216//202 264//250
f 216//202 265//251 264//250
f 216//202 217//203 265//251
f 217//203 266//252 265//251
f 217//203 218//204 266//252
f 218//204 267//253 266//252
f 218//204 219//205 267//253
f 219//205 268//254 267//253
f 219//205 220//206 268//254
f 220//206 269//255 268//254
f 220//206 221//207 269//255
f 221//207 270//256 269//255
f 221//207 222//208 270//256
f 222//208 271//257 270//256
f 222//208 223//209 271//257
f 223//209 272//258 271//257
f 223//209 224//210 272//258
f 224//210 273//259 272//258
f 224//210 225//211 273//259
f 225//211 226//212 273//259
f 225//211 178//164 226//212
f 226//212 275//261 274//260
f 226//212 227//213 275//261
f 227//213 276//262 275//261
f 227//213 228//214 276//262
f 228//214 277//263 276//262
f 228//214 229//215 277//263
f 229//215 278//264 277//263
f 229//215 230//216 278//264
f 230//216 279//265 278//264
f 230//216 231//217 279//265
f 231//217 280//266 279//265
f 231//217 232//218 280//266
f 232//218 281//267 280//266
f 232//218 233//219 281//267
f 233//219 282//268 281//267
f 233//219 234//220 282//268
f 234//220 283//269 282//268
f 234//220 235//221 283//269
f 235//221 284//270 283//269
f 235//221 236//222 284//270
f 236//222 285//271 284//270
f 236//222 237//223 285//271
f 237//223 286//272 285//271
f 237//223 238//224 286//272
f 238//224 287//273 286//272
f 238//224 239//225 287//273
f 239//225 288//274 287//273
f 239//225 240//226 288//274
f 240//226 289//275 288//274
f 240//226 241//227 289//275
f 241//227 290//276 289//275
f 241//227 242//228 290//276
f 242//228 291//277 290//276
f 242//228 243//229 291//277
f 243//229 292//278 291//277
f 243//229 244//230 292//278
f 244//230 293//279 292//278
f 244//230 245//231 293//279
f 245//231 294//280 293//279
f 245//231 246//232 294//280
f 246//232 295//281 294//280
f 246//232 247//233 295//281
f 247//233 296//282 295//281
f 247//233 248//234 296//282
f 248//234 297//283 296//282
f 248//234 249//235 297//283
f 249//235 298//284 297//283
f 249//235 250//236 298//284
f 250//236 299//285 298//284
f 250//236 251//237 299//285
f 251//237 300//286 299//285
f 251//237 252//238 300//286
f 252//238 301//287 300//286
f 252//238 253//239 301//287
f 253//239 302//288 301//287
f 253//239 254//240 302//288
f 254//240 303//289 302//288
f 254//240 255//241 303//289
f 255//241 304//290 303//289
f 255//241 256//242 304//290
f 256//242 305//291 304//290
f 256//242 257//243 305//291
f 257//243 306//292 305//291
f 257//243 258//244 306//292
f 258//244 307//293 306//292
f 258//244 259//245 307//293
f 259//245 308//294 307//293
f 259//245 260//246 308//294
f 260//246 309//295 308//294
f 260//246 261//247 309//295
f 261//247 310//296 309//295
f 261//247 262//248 310//296
f 262//248 311//297 310//296
f 262//248 263//249 311//297
f 263//249 312//298 311//297
f 263//249 264//250 312//298
f 264//250 313//299 312//298
f 264//250 265//251 313//299
f 265//251 314//300 313//299
f 265//251 266//252 314//300
f 266//252 315//301 314//300
f 266//252 267//253 315//301
f 267//253 316//302 315//301
f 267//253 268//254 316//302
f 268//254 317//303 316//302
f 268//254 269//255 317//303
f 269//255 318//304 317//303
f 269//255 270//256 318//304
f 270//256 319//305 318//304
f 270//256 271//257 319//305
f 271//257 320//306 319//305
f 271//257 272//258 320//306
f 272//258 321//307 320//306
f 272//258 273//259 321//307
f 273//259 274//260 321//307
f 273//259 226//212 274//260
f 322//308 323//309 324//310
f 322//308 324//310 325//311
f 322//308 325//311 326//312
f 322//308 326//312 327//313
f 322//308 327//313 328//314
f 322//308 328//314 329//315
f 322//308 329//315 330//316
f 322//308 330//316 331//317
f 322//308 331//317 332//318
f 322//308 332//318 333//319
f 322//308 333//319 334//320
f 322//308 334//320 335//321
f 322//308 335//321 336//322
f 322//308 336//322 337//323
f 322//308 337//323 338//324
f 322//308 338//324 339//325
f 322//308 339//325 340//326
f 322//308 340//326 341//327
f 322//308 341//327 342//328
f 322//308 342//328 343//329
f 322//308 343//329 344//330
f 322//308 344//330 345//331
f 322//308 345//331 346//332
f 322//308 346//332 347//333
f 322//308 347//333 348//334
f 322//308 348//334 349//335
f 322//308 349//335 350//336
f 322//308 350//336 351//337
f 322//308 351//337 352//338
f 322//308 352//338 353//339
f 322//308 353//339 354//340
f 322//308 354//340 355//341
f 322//308 355//341 356//342
f 322//308 356//342 357//343
f 322//308 357//343 358//344
f 322//308 358//344 359//345
f 322//308 359//345 360//346
f 322//308 360//346 361//347
f 322//308 361//347 362//348
f 322//308 362//348 363//349
f 322//308 363//349 364//350
f 322//308 364//350 365//351
f 322//308 365//351 366//352
f 322//308 366//352 367//353
f 322//308 367//353 368//354
f 322//308 368//354 369//355
f 322//308 369//355 370//356
f 322//308 370//356 323//309
f 323//309 371//357 372//358
f 323//309 372//358 324//310
f 324//310 372//358 373//359
f 324//310 373//359 325//311
f 325//311 373//359 374//360
f 325//311 374//360 326//312
f 326//312 374//360 375//361
f 326//312 375//361 327//313
f 327//313 375//361 376//362
f 327//313 376//362 328//314
f 328//314 376//362 377//363
f 328//314 377//363 329//315
f 329//315 377//363 378//364
f 329//315 378//364 330//316
f 330//316 378//364 379//365
f 330//316 379//365 331//317
f 331//317 379//365 380//366
f 331//317 380//366 332//318
f 332//318 380//366 381//367
f 332//318 381//367 333//319
f 333//319 381//367 382//368
f 333//319 382//368 334//320
f 334//320 382//368 383//369
f 334//320 383//369 335//321
f 335//321 383//369 384//370
f 335//321 384//370 336//322
f 336//322 384//370 385//371
f 336//322 385//371 337//323
f 337//323 385//371 386//372
f 337//323 386//372 338//324
f 338//324 386//372 387//373
f 338//324 387//373 339//325
f 339//325 387//373 388//374
f 339//325 388//374 340//326
f 340//326 388//374 389//375
f 340//326 389//375 341//327
f 341//327 389//375 390//376
f 341//327 390//376 342//328
f 342//328 390//376 391//377
f 342//328 391//377 343//329
f 343//329 391//377 392//378
f 343//329 392//378 344//330
f 344//330 392//378 393//379
f 344//330 393//379 345//331
f 345//331 393//379 394//380
f 345//331 394//380 346//332
f 346//332 394//380 395//381
f 346//332 395//381 347//333
f 347//333 395//381 396//382
f 347//333 396//382 348//334
f 348//334 396//382 397//383
f 348//334 397//383 349//335
f 349//335 397//383 398//384
f 349//335 398//384 350//336
f 350//336 398//384 399//385
f 350//336 399//385 351//337
f 351//337 399//385 400//386
f 351//337 400//386 352//338
f 352//338 400//386 401//387
f 352//338 401//387 353//339
f 353//339 401//387 402//388
f 353//339 402//388 354//340
f 354//340 402//388 403//389
f 354//340 403//389 355//341
f 355//341 403//389 404//390
f 355//341 404//390 356//342
f 356//342 404//390 405//391
f 356//342 405//391 357//343
f 357//343 405//391 406//392
f 357//343 406//392 358//344
f 358//344 406//392 407//393
f 358//344 407//393 359//345
f 359//345 407//393 408//394
f 359//345 408//394 360//346
f 360//346 408//394 409//395
f 360//346 409//395 361//347
f 361//347 409//395 410//396
f 361//347 410//396 362//348
f 362//348 410//396 411//397
f 362//348 411//397 363//349
f 363//349 411//397 412//398
f 363//349 412//398 364//350
f 364//350 412//398 413//399
f 364//350 413//399 365//351
f 365//351 413//399 414//400
f 365//351 414//400 366//352
f 366//352 414//400 415//401
f 366//352 415//401 367//353
f 367//353 415//401 416//402
f 367//353 416//402 368//354
f 368//354 416//402 417//403
f 368//354 417//403 369//355
f 369//355 417//403 418//404
f 369//355 418//404 370//356
f 370//356 418//404 371//357
f 370//356 371//357 323//309
f 371//357 419//405 420//406
f 371//357 420//406 372//358
f 372//358 420//406 421//407
f 372//358 421//407 373//359
f 373//359 421//407 422//408
f 373//359 422//408 374//360
f 374//360 422//408 423//409
f 374//360 423//409 375//361
f 375//361 423//409 424//410
f 375//361 424//410 376//362
f 376//362 424//410 425//411
f 376//362 425//411 377//363
f 377//363 425//411 426//412
f 377//363 426//412 378//364
f 378//364 426//412 427//413
f 378//364 427//413 379//365
f 379//365 427//413 428//414
f 379//365 428//414 380//366
f 380//366 428//414 429//415
f 380//366 429//415 381//367
f 381//367 429//415 430//416
f 381//367 430//416 382//368
f 382//368 430//416 431//417
f 382//368 431//417 383//369
f 383//369 431//417 432//418
f 383//369 432//418 384//370
f 384//370 432//418 433//419
f 384//370 433//419 385//371
f 385//371 433//419 434//420
f 385//371 434//420 386//372
f 386//372 434//420 435//421
f 386//372 435//421 387//373
f 387//373 435//421 436//422
f 387//373 436//422 388//374
f 388//374 436//422 437//423
f 388//374 437//423 389//375
f 389//375 437//423 438//424
f 389//375 438//424 390//376
f 390//376 438//424 439//425
f 390//376 439//425 391//377
f 391//377 439//425 440//426
f 391//377 440//426 392//378
f 392//378 440//426 441//427
f 392//378 441//427 393//379
f 393//379 441//427 442//428
f 393//379 442//428 394//380
f 394//380 442//428 443//429
f 394//380 443//429 395//381
f 395//381 443//429 444//430
f 395//381 444//430 396//382
f 396//382 444//430 445//431
f 396//382 445//431 397//383
f 397//383 445//431 446//432
f 397//383 446//432 398//384
f 398//384 446//432 447//433
f 398//384 447//433 399//385
f 399//385 447//433 448//434
f 399//385 448//434 400//386
f 400//386 448//434 449//435
f 400//386 449//435 401//387
f 401//387 449//435 450//436
f 401//387 450//436 402//388
f 402//388 450//436 451//437
f 402//388 451//437 403//389
f 403//389 451//437 452//438
f 403//389 452//438 404//390
f 404//390 452//438 453//439
f 404//390 453//439 405//391
f 405//391 453//439 454//440
f 405//391 454//440 406//392
f 406//392 454//440 455//441
f 406//392 455//441 407//393
f 407//393 455//441 456//442
f 407//393 456//442 408//394
f 408//394 456//442 457//443
f 408//394 457//443 409//395
f 409//395 457//443 458//444
f 409//395 458//444 410//396
f 410//396 458//444 459//445
f 410//396 459//445 411//397
f 411//397 459//445 460//446
f 411//397 460//446 412//398
f 412//398 460//446 461//447
f 412//398 461//447 413//399
f 413//399 461//447 462//448
f 413//399 462//448 414//400
f 414//400 462//448 463//449
f 414//400 463//449 415//401
f 415//401 463//449 464//450
f 415//401 464//450 416//402
f 416//402 464//450 465//451
f 416//402 465//451 417//403
f 417//403 465//451 466//452
f 417//403 466//452 418//404
f 418//404 466//452 419//405
f 418//404 419//405 371//357
f 419//405 467//453 468//454
f 419//405 468//454 420//406
f 420//406 468//454 469//455
f 420//406 469//455 421//407
f 421//407 469//455 470//456
f 421//407 470//456 422//408
f 422//408 470//456 471//457
f 422//408 471//457 423//409
f 423//409 471//457 472//458
f 423//409 472//458 424//410
f 424//410 472//458 473//459
f 424//410 473//459 425//411
f 425//411 473//459 474//460
f 425//411 474//460 426//412
f 426//412 474//460 475//461
f 426//412 475//461 427//413
f 427//413 475//461 476//462
f 427//413 476//462 428//414
f 428//414 476//462 477//463
f 428//414 477//463 429//415
f 429//415 477//463 478//464
f 429//415 478//464 430//416
f 430//416 478//464 479//465
f 430//416 479//465 431//417
f 431//417 479//465 480//466
f 431//417 480//466 432//418
f 432//418 480//466 481//467
f 432//418 481//467 433//419
f 433//419 481//467 482//468
f 433//419 482//468 434//420
f 434//420 482//468 483//469
f 434//420 483//469 435//421
f 435//421 483//469 484//470
f 435//421 484//470 436//422
f 436//422 484//470 485//471
f 436//422 485//471 437//423
f 437//423 485//471 486//472
f 437//423 486//472 438//424
f 438//424 486//472 487//473
f 438//424 487//473 439//425
f 439//425 487//473 488//474
f 439//425 488//474 440//426
f 440//426 488//474 489//475
f 440//426 489//475 441//427
f 441//427 489//475 490//476
f 441//427 490//476 442//428
f 442//428 490//476 491//477
f 442//428 491//477 443//429
f 443//429 491//477 492//478
f 443//429 492//478 444//430
f 444//430 492//478 493//479
f 444//430 493//479 445//431
f 445//431 493//479 494//480
f 445//431 494//480 446//432
f 446//432 494//480 495//481
f 446//432 495//481 447//433
f 447//433 495//481 496//482
f 447//433 496//482 448//434
f 448//434 496//482 497//483
f 448//434 497//483 449//435
f 449//435 497//483 498//484
f 449//435 498//484 450//436
f 450//436 498//484 499//485
f 450//436 499//485 451//437
f 451//437 499//485 500//486
f 451//437 500//486 452//438
f 452//438 500//486 501//487
f 452//438 501//487 453//439
f 453//439 501//487 502//488
f 453//439 502//488 454//440
f 454//440 502//488 503//489
f 454//440 503//489 455//441
f 455//441 503//489 504//490
f 455//441 504//490 456//442
f 456//442 504//490 505//491
f 456//442 505//491 457//443
f 457//443 505//491 506//492
f 457//443 506//492 458//444
f 458//444 506//492 507//493
f 458//444 507//493 459//445
f 459//445 507//493 508//494
f 459//445 508//494 460//446
f 460//446 508//494 509//495
f 460//446 509//495 461//447
f 461//447 509//495 510//496
f 461//447 510//496 462//448
f 462//448 510//496 511//497
f 462//448 511//497 463//449
f 463//449 511//497 512//498
f 463//449 512//498 464//450
f 464//450 512//498 513//499
f 464//450 513//499 465//451
f 465//451 513//499 514//500
f 465//451 514//500 466//452
f 466//452 514//500 467//453
f 466//452 467//453 419//405
f 467//453 515//501 516//502
f 467//453 516//502 468//454
f 468//454 516//502 517//503
f 468//454 517//503 469//455
f 469//455 517//503 518//504
f 469//455 518//504 470//456
f 470//456 518//504 519//505
f 470//456 519//505 471//457
f 471//457 519//505 520//506
f 471//457 520//506 472//458
f 472//458 520//506 521//507
f 472//458 521//507 473//459
f 473//459 521//507 522//508
f 473//459 522//508 474//460
f 474//460 522//508 523//509
f 474//460 523//509 475//461
f 475//461 523//509 524//510
f 475//461 524//510 476//462
f 476//462 524//510 525//511
f 476//462 525//511 477//463
f 477//463 525//511 526//512
f 477//463 526//512 478//464
f 478//464 526//512 527//513
f 478//464 527//513 479//465
f 479//465 527//513 528//514
f 479//465 528//514 480//466
f 480//466 528//514 529//515
f 480//466 529//515 481//467
f 481//467 529//515 530//516
f 481//467 530//516 482//468
f 482//468 530//516 531//517
f 482//468 531//517 483//469
f 483//469 531//517 532//518
f 483//469 532//518 484//470
f 484//470 532//518 533//519
f 484//470 533//519 485//471
f 485//471 533//519 534//520
f 485//471 534//520 486//472
f 486//472 534//520 535//521
f 486//472 535//521 487//473
f 487//473 535//521 536//522
f 487//473 536//522 488//474
f 488//474 536//522 537//523
f 488//474 537//523 489//475
f 489//475 537//523 538//524
f 489//475 538//524 490//476
f 490//476 538//524 539//525
f 490//476 539//525 491//477
f 491//477 539//525 540//526
f 491//477 540//526 492//478
f 492//478 540//526 541//527
f 492//478 541//527 493//479
f 493//479 541//527 542//528
f 493//479 542//528 494//480
f 494//480 542//528 543//529
f 494//480 543//529 495//481
f 495//481 543//529 544//530
f 495//481 544//530 496//482
f 496//482 544//530 545//531
f 496//482 545//531 497//483
f 497//483 545//531 546//532
f 497//483 546//532 498//484
f 498//484 546//532 547//533
f 498//484 547//533 499//485
f 499//485 547//533 548//534
f 499//485 548//534 500//486
f 500//486 548//534 549//535
f 500//486 549//535 501//487
f 501//487 549//535 550//536
f 501//487 550//536 502//488
f 502//488 550//536 551//537
f 502//488 551//537 503//489
f 503//489 551//537 552//538
f 503//489 552//538 504//490
f 504//490 552//538 553//539
f 504//490 553//539 505//491
f 505//491 553//539 554//540
f 505//491 554//540 506//492
f 506//492 554//540 555//541
f 506//492 555//541 507//493
f 507//493 555//541 556//542
f 507//493 556//542 508//494
f 508//494 556//542 557//543
f 508//494 557//543 509//495
f 509//495 557//543 558//544
f 509//495 558//544 510//496
f 510//496 558//544 559//545
f 510//496 559//545 511//497
f 511//497 559//545 560//546
f 511//497 560//546 512//498
f 512//498 560//546 561//547
f 512//498 561//547 513//499
f 513//499 561//547 562//548
f 513//499 562//548 514//500
f 514//500 562//548 515//501
f 514//500 515//501 467//453
f 515//501 274//549 275//550
f 515//501 275//550 516//502
f 516//502 275//550 276//551
f 516//502 276//551 517//503
f 517//503 276//551 277//552
f 517//503 277//552 518//504
f 518//504 277//552 278//553
f 518//504 278//553 519//505
f 519//505 278//553 279//554
f 519//505 279//554 520//506
f 520//506 279//554 280//555
f 520//506 280//555 521//507
f 521//507 280//555 281//556
f 521//507 281//556 522//508
f 522//508 281//556 282//557
f 522//508 282//557 523//509
f 523//509 282//557 283//558
f 523//509 283//558 524//510
f 524//510 283//558 284//559
f 524//510 284//559 525//511
f 525//511 284//559 285//560
f 525//511 285//560 526//512
f 526//512 285//560 286//561
f 526//512 286//561 527//513
f 527//513 286//561 287//562
f 527//513 287//562 528//514
f 528//514 287//562 288//563
f 528//514 288//563 529//515
f 529//515 288//563 289//564
f 529//515 289//564 530//516
f 530//516 289//564 290//565
f 530//516 290//565 531//517
f 531//517 290//565 291//566
f 531//517 291//566 532//518
f 532//518 291//566 292//567
f 532//518 292//567 533//519
f 533//519 292//567 293//568
f 533//519 293//568 534//520
f 534//520 293//568 294//569
f 534//520 294//569 535//521
f 535//521 294//569 295//570
f 535//521 295//570 536//522
f 536//522 295//570 296//571
f 536//522 296//571 537//523
f 537//523 296//571 297//572
f 537//523 297//572 538//524
f 538//524 297//572 298//573
f 538//524 298//573 539//525
f 539//525 298//573 299//574
f 539//525 299//574 540//526
f 540//526 299//574 300//575
f 540//526 300//575 541//527
f 541//527 300//575 301//576
f 541//527 301//576 542//528
f 542//528 301//576 302//577
f 542//528 302//577 543//529
f 543//529 302//577 303//578
f 543//529 303//578 544//530
f 544//530 303//578 304//579
f 544//530 304//579 545//531
f 545//531 304//579 305//580
f 545//531 305//580 546//532
f 546//532 305//580 306//581
f 546//532 306//581 547//533
f 547//533 306//581 307//582
f 547//533 307//582 548//534
f 548//534 307//582 308//583
f 548//534 308//583 549//535
f 549//535 308//583 309//584
f 549//535 309//584 550//536
f 550//536 309//584 310//585
f 550//536 310//585 551//537
f 551//537 310//585 311//586
f 551//537 311//586 552//538
f 552//538 311//586 312//587
f 552//538 312//587 553//539
f 553//539 312//587 313//588
f 553//539 313//588 554//540
f 554//540 313//588 314//589
f 554//540 314//589 555//541
f 555//541 314//589 315//590
f 555//541 315//590 556//542
f 556//542 315//590 316//591
f 556//542 316//591 557//543
f 557//543 316//591 317//592
f 557//543 317//592 558//544
f 558//544 317//592 318//593
f 558//544 318//593 559//545
f 559//545 318//593 319//594
f 559//545 319//594 560//546
f 560//546 319//594 320//595
f 560//546 320//595 561//547
f 561//547 320//595 321//596
f 561//547 321//596 562//548
f 562//548 321//596 274//549
f 562//548 274//549 515//501

o glass_trefoil_knot
usemtl glass_knot
v 0.507373 0.720000 -0.589464
v 0.525682 0.705280 -0.549512
v 0.560934 0.694504 -0.524117
v 0.603684 0.690560 -0.520085
v 0.642476 0.694504 -0.538495
v 0.666917 0.705280 -0.574415
v 0.670457 0.720000 -0.618220
v 0.652148 0.734720 -0.658172
v 0.616896 0.745496 -0.683566
v 0.574146 0.749440 -0.687598
v 0.535354 0.745496 -0.669188
v 0.510913 0.734720 -0.633268
v 0.507586 0.773503 -0.565674
v 0.527856 0.761020 -0.526017
v 0.564268 0.755699 -0.500791
v 0.607066 0.758967 -0.496753
v 0.644782 0.769947 -0.514987
v 0.667310 0.785697 -0.550607
v 0.668613 0.801998 -0.594067
v 0.648343 0.814481 -0.633724
v 0.611931 0.819802 -0.658951
v 0.569133 0.816534 -0.662988
v 0.531417 0.805554 -0.644754
v 0.508889 0.789804 -0.609135
v 0.500115 0.825544 -0.541116
v 0.521909 0.815868 -0.501580
v 0.558623 0.816307 -0.476298
v 0.600418 0.826743 -0.472044
v 0.636097 0.844380 -0.489959
v 0.656098 0.864491 -0.525241
v 0.655063 0.881689 -0.568438
v 0.633268 0.891364 -0.607974
v 0.596554 0.890925 -0.633256
v 0.554759 0.880489 -0.637509
v 0.519081 0.862853 -0.619595
v 0.499079 0.842741 -0.584313
v 0.485277 0.874729 -0.516418
v 0.508004 0.868296 -0.476810
v 0.544082 0.874593 -0.451242
v 0.583843 0.891934 -0.446566
v 0.616634 0.915672 -0.464035
v 0.633668 0.939447 -0.498968
v 0.630381 0.956888 -0.542004
v 0.607654 0.963322 -0.581613
v 0.571576 0.957025 -0.607180
v 0.531815 0.939684 -0.611856
v 0.499024 0.915945 -0.594387
v 0.481990 0.892170 -0.559455
v 0.463644 0.919806 -0.492225
v 0.486596 0.916870 -0.452346
v 0.521070 0.928901 -0.426268
v 0.557831 0.952675 -0.420980
v 0.587026 0.981822 -0.437898
v 0.600834 1.008532 -0.472489
v 0.595555 1.025648 -0.515485
v 0.572603 1.028584 -0.555364
v 0.538129 1.016553 -0.581442
v 0.501369 0.992779 -0.586730
v 0.472173 0.963632 -0.569812
v 0.458365 0.936922 -0.535221
v 0.436010 0.959718 -0.469178
v 0.458407 0.960330 -0.428838
v 0.490330 0.977743 -0.402046
v 0.523226 1.007292 -0.395979
v 0.548281 1.041059 -0.412264
v 0.558781 1.069995 -0.446537
v 0.551912 1.086348 -0.489615
v 0.529516 1.085736 -0.529955
v 0.497592 1.068323 -0.556747
v 0.464696 1.038774 -0.562814
v 0.439641 1.005007 -0.546529
v 0.429141 0.976071 -0.512256
v 0.403343 0.993654 -0.447896
v 0.424383 0.997647 -0.406930
v 0.452875 1.019879 -0.379250
v 0.481184 1.054393 -0.372271
v 0.501725 1.091942 -0.387863
v 0.508993 1.122463 -0.421850
v 0.501042 1.137779 -0.465123
v 0.480002 1.133786 -0.506088
v 0.451510 1.111554 -0.533768
v 0.423201 1.077039 -0.540748
v 0.402660 1.039491 -0.525155
v 0.395392 1.008970 -0.491169
v 0.366726 1.021086 -0.428951
v 0.385640 1.028079 -0.387235
v 0.409932 1.054379 -0.358538
v 0.433094 1.092939 -0.350551
v 0.448919 1.133426 -0.365413
v 0.453167 1.164992 -0.399142
v 0.444699 1.179179 -0.442700
v 0.425786 1.172185 -0.484416
v 0.401493 1.145885 -0.513112
v 0.378332 1.107326 -0.521100
v 0.362507 1.066839 -0.506238
v 0.358259 1.035273 -0.472509
v 0.327292 1.041780 -0.412851
v 0.343388 1.051202 -0.370313
v 0.362863 1.080671 -0.340529
v 0.380498 1.122291 -0.331479
v 0.391568 1.164910 -0.345590
v 0.393107 1.197108 -0.379079
v 0.384703 1.210258 -0.422974
v 0.368606 1.200836 -0.465513
v 0.349132 1.171367 -0.495297
v 0.331497 1.129747 -0.504346
v 0.320427 1.087128 -0.490235
v 0.318888 1.054930 -0.456746
v 0.286158 1.055798 -0.400019
v 0.298868 1.066921 -0.356653
v 0.313086 1.098562 -0.325773
v 0.325003 1.142242 -0.315654
v 0.331425 1.186257 -0.329007
v 0.330632 1.218813 -0.362254
v 0.322835 1.231187 -0.406486
v 0.310125 1.220063 -0.449852
v 0.295906 1.188422 -0.480731
v 0.283990 1.144743 -0.490850
v 0.277568 1.100728 -0.477497
v 0.278361 1.068172 -0.444251
v 0.244352 1.063469 -0.390772
v 0.253265 1.075466 -0.346649
v 0.261987 1.108241 -0.314737
v 0.268181 1.153013 -0.303585
v 0.270188 1.197785 -0.316183
v 0.267470 1.230560 -0.349154
v 0.260754 1.242556 -0.393664
v 0.251841 1.230560 -0.437787
v 0.243119 1.197785 -0.469699
v 0.236925 1.153013 -0.480851
v 0.234918 1.108241 -0.468253
v 0.237637 1.075466 -0.435282
v 0.202761 1.065350 -0.385314
v 0.207644 1.077353 -0.340582
v 0.210837 1.110252 -0.307770
v 0.211484 1.155231 -0.295667
v 0.209411 1.200238 -0.307518
v 0.205175 1.233214 -0.340147
v 0.199910 1.245322 -0.384811
v 0.195027 1.233319 -0.429542
v 0.191835 1.200420 -0.462355
v 0.191188 1.155441 -0.474457
v 0.193260 1.110434 -0.462606
v 0.197496 1.077458 -0.429977
v 0.162078 1.062165 -0.383720
v 0.162886 1.073346 -0.338601
v 0.160719 1.105453 -0.305085
v 0.156157 1.149884 -0.292153
v 0.150423 1.194733 -0.303269
v 0.145054 1.227983 -0.335456
v 0.141488 1.240724 -0.380089
v 0.140680 1.229543 -0.425208
v 0.142848 1.197435 -0.458724
v 0.147409 1.153005 -0.471656
v 0.153143 1.108156 -0.460539
v 0.158512 1.074906 -0.428352
v 0.122770 1.054735 -0.385935
v 0.119636 1.064381 -0.340705
v 0.112464 1.094949 -0.306734
v 0.103175 1.138249 -0.293124
v 0.094260 1.182678 -0.303524
v 0.088106 1.216332 -0.335145
v 0.086363 1.230192 -0.379515
v 0.089498 1.220546 -0.424746
v 0.096670 1.189977 -0.458717
v 0.105958 1.146678 -0.472326
v 0.114873 1.102249 -0.461927
v 0.121027 1.068595 -0.430305
v 0.085064 1.043906 -0.391774
v 0.078276 1.051498 -0.346735
v 0.066612 1.080010 -0.312584
v 0.053196 1.121804 -0.298471
v 0.041624 1.165680 -0.308178
v 0.034995 1.199882 -0.339104
v 0.035087 1.215246 -0.382962
v 0.041874 1.207655 -0.428001
v 0.053539 1.179142 -0.462153
v 0.066954 1.137349 -0.476266
v 0.078527 1.093472 -0.466559
v 0.085155 1.059270 -0.435633
v 0.048954 1.030483 -0.400930
v 0.038923 1.035753 -0.356369
v 0.023398 1.061972 -0.322305
v 0.006538 1.102114 -0.307866
v -0.007138 1.145423 -0.316921
v -0.013967 1.180295 -0.347043
v -0.012118 1.197385 -0.390161
v -0.002087 1.192115 -0.434722
v 0.013439 1.165896 -0.468785
v 0.030298 1.125754 -0.483224
v 0.043975 1.082445 -0.474170
v 0.050803 1.047573 -0.444048
v 0.014237 1.015174 -0.412983
v 0.001453 1.018146 -0.369119
v -0.017227 1.042132 -0.335365
v -0.036797 1.080705 -0.320765
v -0.052014 1.123531 -0.329231
v -0.058800 1.159133 -0.358495
v -0.055337 1.177972 -0.400715
v -0.042552 1.175001 -0.444578
v -0.023872 1.151015 -0.478332
v -0.004302 1.112441 -0.492932
v 0.010915 1.069616 -0.484466
v 0.017701 1.034014 -0.455203
v -0.019432 0.998570 -0.427424
v -0.034429 0.999543 -0.384358
v -0.055523 1.021630 -0.351047
v -0.077062 1.058913 -0.336418
v -0.093276 1.101403 -0.344391
v -0.099819 1.137714 -0.372828
v -0.094938 1.158116 -0.414111
v -0.079941 1.157144 -0.457177
v -0.058847 1.135057 -0.490488
v -0.037308 1.097774 -0.505117
v -0.021094 1.055284 -0.497145
v -0.014551 1.018973 -0.468707
v -0.052453 0.981144 -0.443684
v -0.069082 0.980630 -0.401359
v -0.091853 1.001343 -0.368506
v -0.114662 1.037734 -0.353929
v -0.131398 1.080051 -0.361533
v -0.137577 1.116956 -0.389281
v -0.131544 1.138560 -0.429738
v -0.114914 1.139074 -0.472063
v -0.092144 1.118361 -0.504915
v -0.069335 1.081970 -0.519492
v -0.052598 1.039653 -0.511888
v -0.046419 1.002748 -0.484140
v -0.085169 0.963261 -0.461155
v -0.102810 0.961865 -0.419357
v -0.126554 0.981788 -0.386848
v -0.150038 1.017691 -0.372341
v -0.166970 1.059955 -0.379722
v -0.172813 1.097254 -0.407013
v -0.166002 1.119595 -0.446902
v -0.148361 1.120991 -0.488701
v -0.124617 1.101068 -0.521209
v -0.101133 1.065165 -0.535717
v -0.084201 1.022901 -0.528336
v -0.078357 0.985602 -0.501044
v -0.117783 0.945167 -0.479232
v -0.135766 0.943442 -0.437624
v -0.159854 0.963064 -0.405239
v -0.183595 0.998775 -0.390753
v -0.200625 1.041006 -0.398050
v -0.206383 1.078442 -0.425172
v -0.199325 1.101051 -0.464854
v -0.181342 1.102776 -0.506461
v -0.157254 1.083154 -0.538847
v -0.133513 1.047443 -0.553332
v -0.116483 1.005212 -0.546036
v -0.110725 0.967776 -0.518913
v -0.150325 0.926934 -0.497321
v -0.167952 0.925270 -0.455525
v -0.191875 0.944875 -0.422985
v -0.215685 0.980497 -0.408420
v -0.233000 1.022591 -0.415733
v -0.239182 1.059877 -0.442965
v -0.232574 1.082366 -0.482818
v -0.214947 1.084030 -0.524614
v -0.191024 1.064425 -0.557154
v -0.167215 1.028803 -0.571719
v -0.149899 0.986709 -0.564406
v -0.143717 0.949423 -0.537174
v -0.182702 0.908403 -0.514852
v -0.199302 0.906998 -0.472533
v -0.222704 0.926643 -0.439569
v -0.246637 0.962074 -0.424793
v -0.264688 1.003797 -0.432166
v -0.272021 1.040632 -0.459710
v -0.266671 1.062710 -0.500046
v -0.250071 1.064115 -0.542366
v -0.226669 1.044470 -0.575330
v -0.202737 1.009039 -0.590105
v -0.184685 0.967316 -0.582733
v -0.177352 0.930481 -0.555188
v -0.214774 0.889163 -0.531279
v -0.229767 0.888091 -0.488213
v -0.252456 0.907664 -0.454621
v -0.276762 0.942636 -0.439504
v -0.296173 0.983636 -0.446913
v -0.305486 1.019680 -0.474861
v -0.302207 1.041108 -0.515862
v -0.287214 1.042179 -0.558928
v -0.264525 1.022607 -0.592520
v -0.240218 0.987635 -0.607637
v -0.220808 0.946634 -0.600228
v -0.211495 0.910591 -0.572279
v -0.246379 0.868612 -0.546085
v -0.259335 0.867920 -0.502191
v -0.281272 0.887229 -0.467862
v -0.306313 0.921364 -0.452298
v -0.327748 0.961180 -0.459668
v -0.339832 0.996007 -0.487997
v -0.339329 1.016514 -0.529695
v -0.326374 1.017206 -0.573589
v -0.304436 0.997898 -0.607917
v -0.279395 0.963763 -0.623482
v -0.257961 0.923947 -0.616112
v -0.245876 0.889120 -0.587783
v -0.277303 0.846053 -0.558806
v -0.287979 0.845836 -0.514132
v -0.309247 0.864679 -0.479056
v -0.335411 0.897532 -0.462976
v -0.359458 0.935592 -0.470202
v -0.374946 0.968662 -0.498797
v -0.377725 0.987881 -0.541099
v -0.367050 0.988098 -0.585774
v -0.345781 0.969255 -0.620850
v -0.319618 0.936402 -0.636929
v -0.295570 0.898342 -0.629703
v -0.280082 0.865272 -0.601108
v -0.307218 0.820787 -0.569054
v -0.315570 0.821215 -0.523739
v -0.336348 0.839406 -0.487981
v -0.363984 0.870485 -0.471360
v -0.391074 0.906126 -0.478331
v -0.410358 0.936778 -0.507025
v -0.416669 0.954227 -0.549755
v -0.408317 0.953800 -0.595069
v -0.387539 0.935609 -0.630828
v -0.359903 0.904529 -0.647448
v -0.332813 0.868889 -0.640478
v -0.313529 0.838237 -0.611783
v -0.335635 0.792201 -0.576531
v -0.341819 0.793494 -0.530763
v -0.362351 0.810857 -0.494436
v -0.391731 0.839636 -0.477285
v -0.422085 0.872121 -0.483904
v -0.445281 0.899607 -0.512520
v -0.455102 0.914729 -0.555466
v -0.448919 0.913436 -0.601234
v -0.428386 0.896073 -0.637561
v -0.399007 0.867294 -0.654713
v -0.368653 0.834809 -0.648093
v -0.345457 0.807323 -0.619477
v -0.361901 0.759838 -0.581046
v -0.366245 0.762219 -0.535019
v -0.386817 0.778560 -0.498258
v -0.418103 0.804482 -0.480614
v -0.451721 0.833041 -0.486813
v -0.478663 0.856582 -0.515197
v -0.491710 0.868799 -0.558157
v -0.487366 0.866418 -0.604185
v -0.466795 0.850077 -0.640946
v -0.435509 0.824155 -0.658590
v -0.401890 0.795597 -0.652390
v -0.374948 0.772055 -0.624007
v -0.385219 0.723456 -0.582514
v -0.388189 0.727090 -0.536398
v -0.409091 0.742171 -0.499337
v -0.442325 0.764659 -0.481261
v -0.478985 0.788527 -0.487013
v -0.509249 0.807381 -0.515052
v -0.525007 0.816167 -0.557866
v -0.522037 0.812533 -0.603982
v -0.501135 0.797452 -0.641043
v -0.467901 0.774964 -0.659119
v -0.431241 0.751096 -0.653367
v -0.400977 0.732242 -0.625328
v -0.404699 0.683067 -0.580955
v -0.406847 0.688015 -0.534882
v -0.428344 0.701534 -0.497641
v -0.463430 0.720000 -0.479210
v -0.502704 0.738466 -0.484529
v -0.535642 0.751985 -0.512172
v -0.553419 0.756933 -0.554731
v -0.551271 0.751985 -0.600804
v -0.529773 0.738466 -0.638045
v -0.494687 0.720000 -0.656476
v -0.455413 0.701534 -0.651157
v -0.422475 0.688015 -0.623514
v -0.419422 0.638965 -0.576483
v -0.421333 0.645149 -0.530539
v -0.443627 0.656728 -0.493222
v -0.480328 0.670600 -0.474530
v -0.521605 0.683046 -0.479472
v -0.556395 0.690733 -0.506724
v -0.575378 0.691601 -0.548984
v -0.573467 0.685417 -0.594928
v -0.551173 0.673838 -0.632246
v -0.514471 0.659966 -0.650937
v -0.473195 0.647520 -0.645995
v -0.438405 0.639833 -0.618743
v -0.428514 0.591725 -0.569301
v -0.430749 0.598917 -0.523530
v -0.453942 0.608115 -0.486222
v -0.491878 0.616856 -0.467374
v -0.534392 0.622797 -0.472037
v -0.570092 0.624346 -0.498960
v -0.589413 0.621089 -0.540930
v -0.587177 0.613897 -0.586701
v -0.563984 0.604699 -0.624008
v -0.526048 0.595958 -0.642856
v -0.483534 0.590017 -0.638194
v -0.447834 0.588468 -0.611271
v -0.431211 0.542190 -0.559679
v -0.434257 0.550013 -0.514090
v -0.458329 0.556345 -0.476866
v -0.496977 0.559489 -0.457980
v -0.539845 0.558602 -0.462493
v -0.575447 0.553923 -0.489195
v -0.594243 0.546706 -0.530932
v -0.591197 0.538883 -0.576520
v -0.567125 0.532551 -0.613744
v -0.528477 0.529407 -0.632630
v -0.485609 0.530293 -0.628118
v -0.450007 0.534972 -0.601416
v -0.426927 0.491432 -0.547946
v -0.431149 0.499388 -0.502526
v -0.455935 0.502355 -0.465451
v -0.494644 0.499539 -0.446655
v -0.536903 0.491693 -0.451174
v -0.571390 0.480921 -0.477798
v -0.588863 0.470109 -0.519392
v -0.584641 0.462153 -0.564812
v -0.559855 0.459186 -0.601887
v -0.521146 0.462003 -0.620683
v -0.478887 0.469848 -0.616164
v -0.444401 0.480620 -0.589540
v -0.415306 0.440702 -0.534473
v -0.420916 0.448205 -0.489195
v -0.446098 0.447337 -0.452333
v -0.484106 0.438332 -0.433764
v -0.524754 0.423602 -0.438463
v -0.557151 0.407094 -0.465173
v -0.572617 0.393232 -0.506735
v -0.567006 0.385729 -0.552013
v -0.541824 0.386597 -0.588875
v -0.503817 0.395602 -0.607443
v -0.463169 0.410332 -0.602744
v -0.430771 0.426840 -0.576034
v -0.396253 0.391362 -0.519658
v -0.403287 0.397786 -0.474491
v -0.428399 0.392686 -0.437907
v -0.464860 0.377428 -0.419707
v -0.502901 0.356102 -0.424770
v -0.532328 0.334421 -0.451738
v -0.545256 0.318195 -0.493385
v -0.538221 0.311771 -0.538551
v -0.513109 0.316871 -0.575136
v -0.476648 0.332128 -0.593335
v -0.438608 0.353454 -0.588273
v -0.409181 0.375135 -0.561305
v -0.369958 0.344814 -0.503916
v -0.378270 0.349547 -0.458834
v -0.402711 0.339933 -0.422595
v -0.436734 0.318549 -0.404909
v -0.471220 0.291124 -0.410515
v -0.496930 0.265006 -0.437911
v -0.506975 0.247195 -0.479756
v -0.498663 0.242462 -0.524837
v -0.474222 0.252076 -0.561076
v -0.440199 0.273461 -0.578762
v -0.405713 0.300886 -0.573156
v -0.380002 0.327003 -0.545760
v -0.336896 0.302429 -0.487664
v -0.346163 0.304927 -0.442651
v -0.369228 0.290674 -0.406828
v -0.399912 0.263489 -0.389794
v -0.429992 0.230656 -0.396114
v -0.451409 0.200973 -0.424093
v -0.458423 0.182394 -0.466235
v -0.449156 0.179897 -0.511248
v -0.426090 0.194150 -0.547071
v -0.395407 0.221335 -0.564105
v -0.365327 0.254167 -0.557785
v -0.343910 0.283850 -0.529806
v -0.297811 0.265469 -0.471315
v -0.307556 0.265307 -0.426366
v -0.328473 0.246476 -0.391031
v -0.354955 0.214021 -0.374777
v -0.379909 0.176640 -0.381961
v -0.396646 0.144348 -0.410657
v -0.400683 0.125797 -0.453176
v -0.390937 0.125959 -0.498125
v -0.370021 0.144790 -0.533460
v -0.343538 0.177245 -0.549714
v -0.318585 0.214626 -0.542530
v -0.301848 0.246918 -0.513834
v -0.253686 0.235026 -0.455268
v -0.263314 0.231943 -0.410390
v -0.281287 0.208803 -0.375611
v -0.302789 0.171803 -0.360249
v -0.322058 0.130860 -0.368422
v -0.333932 0.096943 -0.397938
v -0.335229 0.079141 -0.440890
v -0.325601 0.082223 -0.485768
v -0.307628 0.105364 -0.520547
v -0.286126 0.142364 -0.535909
v -0.266857 0.183307 -0.527737
v -0.254983 0.217223 -0.498220
v -0.205700 0.211966 -0.439902
v -0.214541 0.205898 -0.395113
v -0.228804 0.178927 -0.360951
v -0.244668 0.138278 -0.346570
v -0.257882 0.094844 -0.355823
v -0.264905 0.060262 -0.386232
v -0.263856 0.043799 -0.429648
v -0.255016 0.049867 -0.474438
v -0.240752 0.076838 -0.508600
v -0.224888 0.117487 -0.522981
v -0.211674 0.160921 -0.513727
v -0.204651 0.195503 -0.483318
v -0.155170 0.196885 -0.425572
v -0.162532 0.187982 -0.380895
v -0.172398 0.157860 -0.347399
v -0.182126 0.114592 -0.334061
v -0.189108 0.069770 -0.344453
v -0.191475 0.035405 -0.375791
v -0.188590 0.020706 -0.419679
v -0.181229 0.029609 -0.464356
v -0.171362 0.059731 -0.497851
v -0.161635 0.102999 -0.511190
v -0.154652 0.147821 -0.500798
v -0.152286 0.182186 -0.469459
v -0.103494 0.190085 -0.412602
v -0.108718 0.178708 -0.368065
v -0.113625 0.146293 -0.335271
v -0.116901 0.101526 -0.323006
v -0.117669 0.056404 -0.334558
v -0.115721 0.023015 -0.366830
v -0.111581 0.010307 -0.411176
v -0.106357 0.021684 -0.455713
v -0.101450 0.054099 -0.488508
v -0.098174 0.098865 -0.500772
v -0.097406 0.143988 -0.489221
v -0.099354 0.177377 -0.456948
v -0.052081 0.191556 -0.401289
v -0.054593 0.178265 -0.356919
v -0.054142 0.144553 -0.324842
v -0.050849 0.099453 -0.313653
v -0.045596 0.055049 -0.326349
v -0.039791 0.023239 -0.359529
v -0.034989 0.012547 -0.404303
v -0.032477 0.025837 -0.448672
v -0.032929 0.059549 -0.480749
v -0.036222 0.104649 -0.491938
v -0.041474 0.149054 -0.479242
v -0.047279 0.180863 -0.446062
v -0.002286 0.200985 -0.391895
v -0.001643 0.186510 -0.347719
v 0.004375 0.152589 -0.316359
v 0.014156 0.108310 -0.306216
v 0.025079 0.065538 -0.320009
v 0.034217 0.035734 -0.354042
v 0.039122 0.026883 -0.399196
v 0.038480 0.041358 -0.443372
v 0.032461 0.075279 -0.474732
v 0.022680 0.119558 -0.484875
v 0.011757 0.162330 -0.471081
v 0.002619 0.192134 -0.437048
v 0.044657 0.217779 -0.384650
v 0.048730 0.202973 -0.340693
v 0.060317 0.169969 -0.310031
v 0.076315 0.127609 -0.300881
v 0.092435 0.087245 -0.315695
v 0.104360 0.059690 -0.350502
v 0.108893 0.052330 -0.395976
v 0.104821 0.067135 -0.439933
v 0.093233 0.100140 -0.470595
v 0.077236 0.142499 -0.479744
v 0.061115 0.182864 -0.464931
v 0.049190 0.210418 -0.430124
v 0.087693 0.241105 -0.379750
v 0.095280 0.226893 -0.336036
v 0.112229 0.195914 -0.306045
v 0.134000 0.156468 -0.297813
v 0.154759 0.119125 -0.313545
v 0.168943 0.093891 -0.349025
v 0.172752 0.087527 -0.394748
v 0.165165 0.101738 -0.438462
v 0.148216 0.132717 -0.468453
v 0.126445 0.172163 -0.476685
v 0.105686 0.209506 -0.460953
v 0.091502 0.234741 -0.425473
v 0.125994 0.269945 -0.377357
v 0.136978 0.257266 -0.333917
v 0.158884 0.229346 -0.304562
v 0.185842 0.193667 -0.297156
v 0.210629 0.159789 -0.313686
v 0.226603 0.136789 -0.349720
v 0.229483 0.130830 -0.395605
v 0.218499 0.143510 -0.439045
v 0.196592 0.171429 -0.468400
v 0.169634 0.207108 -0.475805
v 0.144848 0.240987 -0.459276
v 0.128874 0.263987 -0.423241
v 0.158991 0.303167 -0.377596
v 0.173063 0.292911 -0.334470
v 0.199344 0.268957 -0.305718
v 0.230793 0.237724 -0.299043
v 0.258983 0.207581 -0.316233
v 0.276361 0.186604 -0.352684
v 0.278269 0.180414 -0.398628
v 0.264197 0.190670 -0.441753
v 0.237916 0.214624 -0.470506
v 0.206467 0.245857 -0.477181
v 0.178277 0.276001 -0.459990
v 0.160900 0.296977 -0.423539
v 0.186394 0.339598 -0.380552
v 0.203072 0.332550 -0.337799
v 0.233008 0.313293 -0.309627
v 0.268181 0.286987 -0.303585
v 0.299167 0.260682 -0.321293
v 0.317662 0.241425 -0.358004
v 0.318712 0.234376 -0.403884
v 0.302034 0.241425 -0.446637
v 0.272098 0.260682 -0.474809
v 0.236925 0.286987 -0.480851
v 0.205939 0.313293 -0.463143
v 0.187444 0.332550 -0.426432
v 0.208184 0.378106 -0.386270
v 0.226856 0.374889 -0.343970
v 0.259635 0.360844 -0.316374
v 0.297737 0.339733 -0.310876
v 0.330954 0.317213 -0.328949
v 0.350385 0.299319 -0.365751
v 0.350823 0.290845 -0.411421
v 0.332151 0.294061 -0.453721
v 0.299373 0.308107 -0.481317
v 0.261270 0.329218 -0.486815
v 0.228053 0.351737 -0.468741
v 0.208622 0.369631 -0.431939
v 0.224595 0.417673 -0.394743
v 0.244575 0.418709 -0.353004
v 0.279351 0.410143 -0.326003
v 0.319605 0.394271 -0.320973
v 0.354551 0.375344 -0.339263
v 0.374825 0.358436 -0.375971
v 0.374995 0.348075 -0.421263
v 0.355016 0.347039 -0.463001
v 0.320240 0.355605 -0.490003
v 0.279986 0.371478 -0.495033
v 0.245040 0.390404 -0.476743
v 0.224765 0.407313 -0.440034
v 0.236073 0.457466 -0.405913
v 0.256670 0.462942 -0.364867
v 0.292631 0.459860 -0.338502
v 0.334320 0.449045 -0.333881
v 0.370568 0.433395 -0.352244
v 0.391661 0.417104 -0.388670
v 0.391947 0.404537 -0.433398
v 0.371351 0.399061 -0.474444
v 0.335390 0.402144 -0.500810
v 0.293700 0.412958 -0.505430
v 0.257453 0.428608 -0.487067
v 0.236360 0.444899 -0.450642
v 0.243227 0.496881 -0.419663
v 0.263823 0.506739 -0.379452
v 0.300260 0.508879 -0.353782
v 0.342774 0.502726 -0.349531
v 0.379974 0.489929 -0.367838
v 0.401892 0.473918 -0.403798
v 0.402655 0.458981 -0.447774
v 0.382059 0.449123 -0.487985
v 0.345622 0.446983 -0.513655
v 0.303107 0.453136 -0.517906
v 0.265908 0.465933 -0.499599
v 0.243990 0.481945 -0.463640
v 0.246767 0.535570 -0.435809
v 0.266895 0.549518 -0.396566
v 0.303266 0.556370 -0.371654
v 0.346134 0.554288 -0.367746
v 0.384013 0.543832 -0.385891
v 0.406753 0.527803 -0.421227
v 0.408261 0.510496 -0.464285
v 0.388133 0.496548 -0.503528
v 0.351763 0.489697 -0.528441
v 0.308895 0.491778 -0.532348
v 0.271016 0.502234 -0.514203
v 0.248275 0.518263 -0.478867
v 0.247452 0.573438 -0.454105
v 0.266849 0.590974 -0.415915
v 0.302823 0.601815 -0.391798
v 0.345734 0.603057 -0.388216
v 0.384085 0.594367 -0.406127
v 0.407599 0.578074 -0.440733
v 0.409977 0.558542 -0.482762
v 0.390579 0.541006 -0.520951
v 0.354605 0.530165 -0.545068
v 0.311694 0.528923 -0.548651
v 0.273343 0.537613 -0.530739
v 0.249829 0.553907 -0.496133
v 0.246031 0.610592 -0.474233
v 0.264661 0.631048 -0.437096
v 0.300129 0.645005 -0.413758
v 0.342931 0.648722 -0.410475
v 0.381599 0.641204 -0.428124
v 0.405770 0.624466 -0.461977
v 0.408970 0.602992 -0.502963
v 0.390340 0.582536 -0.540101
v 0.354872 0.568579 -0.563438
v 0.312070 0.564862 -0.566722
v 0.273402 0.572380 -0.549072
v 0.249231 0.589118 -0.515219
v 0.243204 0.647259 -0.495816
v 0.261220 0.669851 -0.459600
v 0.296255 0.685973 -0.436940
v 0.338920 0.691305 -0.433908
v 0.377785 0.684419 -0.451316
v 0.402434 0.667159 -0.484500
v 0.406264 0.644150 -0.524568
v 0.388247 0.621558 -0.560784
v 0.353213 0.605436 -0.583444
v 0.310547 0.600104 -0.586476
v 0.271683 0.606990 -0.569068
v 0.247034 0.624250 -0.535884
v 0.239569 0.683673 -0.518415
v 0.257218 0.707558 -0.482839
v 0.291987 0.724921 -0.460648
v 0.334559 0.731111 -0.457788
v 0.373528 0.724470 -0.475026
v 0.398451 0.706776 -0.507742
v 0.402651 0.682771 -0.547171
v 0.385001 0.658886 -0.582747
v 0.350232 0.641523 -0.604938
v 0.307660 0.635333 -0.607798
v 0.268691 0.641974 -0.590560
v 0.243768 0.659668 -0.557844
v 0.235566 0.720000 -0.541537
v 0.253064 0.744334 -0.506185
v 0.287722 0.762148 -0.484158
v 0.330254 0.768668 -0.481359
v 0.369264 0.762148 -0.498536
v 0.394299 0.744334 -0.531089
v 0.398650 0.720000 -0.570293
v 0.381153 0.695666 -0.605644
v 0.346494 0.677852 -0.627671
v 0.303962 0.671332 -0.630471
v 0.264952 0.677852 -0.613293
v 0.239917 0.695666 -0.580741
v 0.231419 0.756327 -0.564633
v 0.248851 0.780332 -0.529018
v 0.283461 0.798026 -0.506799
v 0.325975 0.804667 -0.503929
v 0.365002 0.798477 -0.521177
v 0.390084 0.781114 -0.553921
v 0.394501 0.757229 -0.593388
v 0.377070 0.733224 -0.629003
v 0.342460 0.715530 -0.651222
v 0.299946 0.708889 -0.654092
v 0.260919 0.715079 -0.636844
v 0.235836 0.732442 -0.604100
v 0.227106 0.792741 -0.587112
v 0.244409 0.815750 -0.550771
v 0.278921 0.833010 -0.528019
v 0.321395 0.839896 -0.524953
v 0.360451 0.834564 -0.542395
v 0.385623 0.818442 -0.575671
v 0.390166 0.795850 -0.615864
v 0.372863 0.772841 -0.652206
v 0.338351 0.755581 -0.674958
v 0.295876 0.748695 -0.678024
v 0.256821 0.754027 -0.660582
v 0.231649 0.770149 -0.627306
v 0.222381 0.829408 -0.608361
v 0.239405 0.850882 -0.570941
v 0.273698 0.867620 -0.547396
v 0.316070 0.875138 -0.544036
v 0.355167 0.871421 -0.561761
v 0.380514 0.857464 -0.595822
v 0.385319 0.837008 -0.637091
v 0.368295 0.815534 -0.674512
v 0.334002 0.798796 -0.698056
v 0.291631 0.791278 -0.701416
v 0.252533 0.794995 -0.683691
v 0.227186 0.808952 -0.649630
v 0.216831 0.866562 -0.627761
v 0.233440 0.886093 -0.589080
v 0.267372 0.902387 -0.564603
v 0.309536 0.911077 -0.560889
v 0.348634 0.909835 -0.578932
v 0.374190 0.898994 -0.613898
v 0.379356 0.881458 -0.656419
v 0.362748 0.861926 -0.695100
v 0.328816 0.845633 -0.719577
v 0.286651 0.836943 -0.723291
v 0.247553 0.838185 -0.705248
v 0.221997 0.849026 -0.670281
v 0.209931 0.904430 -0.644719
v 0.226075 0.921737 -0.604773
v 0.259529 0.937766 -0.579346
v 0.301330 0.948222 -0.575251
v 0.340276 0.950303 -0.593584
v 0.365933 0.943452 -0.629434
v 0.371425 0.929504 -0.673194
v 0.355281 0.912197 -0.713140
v 0.321826 0.896168 -0.738567
v 0.280026 0.885712 -0.742662
v 0.241079 0.883630 -0.724329
v 0.215423 0.890482 -0.688479
v 0.201081 0.943119 -0.658681
v 0.216839 0.958055 -0.617617
v 0.249734 0.974067 -0.591323
v 0.290952 0.986864 -0.586843
v 0.329448 0.993017 -0.605378
v 0.354908 0.990877 -0.641962
v 0.360510 0.981019 -0.686792
v 0.344752 0.966082 -0.727856
v 0.311857 0.950071 -0.754150
v 0.270639 0.937274 -0.758630
v 0.232143 0.931121 -0.740094
v 0.206683 0.933261 -0.703511
v 0.189657 0.982534 -0.669154
v 0.205224 0.995101 -0.627222
v 0.237503 1.011392 -0.600207
v 0.277845 1.027042 -0.595349
v 0.315440 1.037856 -0.613949
v 0.340215 1.040939 -0.651024
v 0.345531 1.035463 -0.696639
v 0.329964 1.022896 -0.738572
v 0.297684 1.006605 -0.765587
v 0.257342 0.990955 -0.770445
v 0.219747 0.980140 -0.751844
v 0.194973 0.977058 -0.714769
v 0.175050 1.022327 -0.675725
v 0.190701 1.032687 -0.633223
v 0.222308 1.049596 -0.605663
v 0.261402 1.068522 -0.600429
v 0.297508 1.084395 -0.618923
v 0.320951 1.092961 -0.656190
v 0.325450 1.091925 -0.702245
v 0.309800 1.081564 -0.744747
v 0.278193 1.064656 -0.772307
v 0.239099 1.045729 -0.777542
v 0.202993 1.029857 -0.759047
v 0.179550 1.021291 -0.721780
v 0.156731 1.061894 -0.678075
v 0.172763 1.070369 -0.635309
v 0.203609 1.088263 -0.607373
v 0.241004 1.110782 -0.601750
v 0.274928 1.131893 -0.619948
v 0.296292 1.145939 -0.657091
v 0.299370 1.149155 -0.703226
v 0.283339 1.140681 -0.745991
v 0.252493 1.122787 -0.773928
v 0.215097 1.100267 -0.779551
v 0.181173 1.079156 -0.761352
v 0.159810 1.065111 -0.724210
v 0.134300 1.100402 -0.675995
v 0.150977 1.107450 -0.633241
v 0.180914 1.126707 -0.605069
v 0.216087 1.153013 -0.599028
v 0.247073 1.179318 -0.616735
v 0.265568 1.198575 -0.653447
v 0.266617 1.205624 -0.699326
v 0.249940 1.198575 -0.742079
v 0.220003 1.179318 -0.770251
v 0.184830 1.153013 -0.776293
v 0.153845 1.126707 -0.758586
v 0.135349 1.107450 -0.721874
v 0.107538 1.136833 -0.669401
v 0.125045 1.143023 -0.626881
v 0.153841 1.163999 -0.598572
v 0.186211 1.194143 -0.592059
v 0.213480 1.225376 -0.609088
v 0.228343 1.249330 -0.645095
v 0.226816 1.259586 -0.690433
v 0.209309 1.253396 -0.732953
v 0.180513 1.232419 -0.761262
v 0.148143 1.202276 -0.767774
v 0.120874 1.171043 -0.750746
v 0.106011 1.147089 -0.714738
v 0.076449 1.170055 -0.658339
v 0.094849 1.176013 -0.616207
v 0.122184 1.199013 -0.587809
v 0.151129 1.232892 -0.580754
v 0.173929 1.268571 -0.596933
v 0.184474 1.296490 -0.632010
v 0.179938 1.309170 -0.676587
v 0.161538 1.303211 -0.718719
v 0.134203 1.280211 -0.747118
v 0.105258 1.246333 -0.754173
v 0.082458 1.210654 -0.737994
v 0.071914 1.182734 -0.702916
v 0.041276 1.198895 -0.642991
v 0.060494 1.205259 -0.601328
v 0.085958 1.230494 -0.572839
v 0.110845 1.267837 -0.565155
v 0.128487 1.307283 -0.580338
v 0.134157 1.338262 -0.614317
v 0.126336 1.352473 -0.657989
v 0.107118 1.346109 -0.699652
v 0.081654 1.320875 -0.728142
v 0.056767 1.283532 -0.735825
v 0.039125 1.244086 -0.720642
v 0.033455 1.213107 -0.686663
v 0.002512 1.222221 -0.623667
v 0.022325 1.229582 -0.582486
v 0.045435 1.257136 -0.553856
v 0.065650 1.297501 -0.545450
v 0.077553 1.339860 -0.559520
v 0.077955 1.372865 -0.592295
v 0.066748 1.387670 -0.634994
v 0.046935 1.380310 -0.676176
v 0.023825 1.352755 -0.704805
v 0.003610 1.312391 -0.713211
v -0.008294 1.270031 -0.699142
v -0.008695 1.237027 -0.666367
v -0.039122 1.239015 -0.600804
v -0.019070 1.247866 -0.560051
v 0.001157 1.277670 -0.531196
v 0.016139 1.320442 -0.521970
v 0.021862 1.364721 -0.534846
v 0.016791 1.398642 -0.566374
v 0.002286 1.413117 -0.608105
v -0.017767 1.404266 -0.648858
v -0.037994 1.374462 -0.677713
v -0.052976 1.331690 -0.686939
v -0.058698 1.287411 -0.674063
v -0.053627 1.253490 -0.642535
v -0.082701 1.248444 -0.574945
v -0.062876 1.259137 -0.534515
v -0.046073 1.290946 -0.505321
v -0.036794 1.335351 -0.495187
v -0.037527 1.380451 -0.506828
v -0.048074 1.414163 -0.537125
v -0.065610 1.427453 -0.577959
v -0.085435 1.416761 -0.618390
v -0.102238 1.384951 -0.647584
v -0.111517 1.340547 -0.657718
v -0.110784 1.295447 -0.646077
v -0.100237 1.261735 -0.615780
v -0.127144 1.249915 -0.546730
v -0.108086 1.262623 -0.506474
v -0.095219 1.296012 -0.476814
v -0.091989 1.341135 -0.465697
v -0.099262 1.385901 -0.476101
v -0.115090 1.418316 -0.505240
v -0.135231 1.429693 -0.545304
v -0.154289 1.416985 -0.585560
v -0.167157 1.383596 -0.615220
v -0.170387 1.338474 -0.626337
v -0.163113 1.293707 -0.615933
v -0.147285 1.261292 -0.586795
v -0.171268 1.243115 -0.516868
v -0.153548 1.257814 -0.476614
v -0.145053 1.292179 -0.446356
v -0.148060 1.337001 -0.434203
v -0.161763 1.380269 -0.443410
v -0.182490 1.410391 -0.471511
v -0.204689 1.419294 -0.510976
v -0.222409 1.404595 -0.551230
v -0.230904 1.370230 -0.581488
v -0.227897 1.325408 -0.593641
v -0.214194 1.282140 -0.584434
v -0.193466 1.252018 -0.556333
v -0.213849 1.228034 -0.486120
v -0.198015 1.244497 -0.445681
v -0.194214 1.279079 -0.414704
v -0.203466 1.322513 -0.401489
v -0.223292 1.363162 -0.409577
v -0.248379 1.390133 -0.436800
v -0.272005 1.396201 -0.475865
v -0.287840 1.379738 -0.516304
v -0.291641 1.345156 -0.547281
v -0.282389 1.301722 -0.560496
v -0.262563 1.261073 -0.552408
v -0.237476 1.234102 -0.525185
v -0.253686 1.204974 -0.455268
v -0.240215 1.222777 -0.414463
v -0.241277 1.256693 -0.382666
v -0.256589 1.297636 -0.368396
v -0.282048 1.334636 -0.375477
v -0.310832 1.357777 -0.402012
v -0.335229 1.360859 -0.440890
v -0.348700 1.343057 -0.481695
v -0.347638 1.309140 -0.513493
v -0.332326 1.268197 -0.527763
v -0.306867 1.231197 -0.520682
v -0.278083 1.208057 -0.494147
v -0.289662 1.174531 -0.425098
v -0.278913 1.193082 -0.383762
v -0.284826 1.225374 -0.351072
v -0.305817 1.262755 -0.335787
v -0.336262 1.295210 -0.342003
v -0.368002 1.314041 -0.368053
v -0.392533 1.314203 -0.406959
v -0.403282 1.295652 -0.448294
v -0.397369 1.263360 -0.480984
v -0.376378 1.225979 -0.496269
v -0.345933 1.193524 -0.490053
v -0.314193 1.174693 -0.464003
v -0.320798 1.137571 -0.396367
v -0.312976 1.156150 -0.354367
v -0.323531 1.185833 -0.320750
v -0.349636 1.218665 -0.304524
v -0.384295 1.245850 -0.310036
v -0.418221 1.260103 -0.335810
v -0.442325 1.257606 -0.374939
v -0.450147 1.239027 -0.416938
v -0.439591 1.209344 -0.450555
v -0.413487 1.176511 -0.466782
v -0.378828 1.149326 -0.461270
v -0.344901 1.135073 -0.435496
v -0.346307 1.095186 -0.369788
v -0.341434 1.112997 -0.327031
v -0.356224 1.139114 -0.292494
v -0.386714 1.166539 -0.275431
v -0.424733 1.187924 -0.280414
v -0.460095 1.197538 -0.306108
v -0.483325 1.192805 -0.345628
v -0.488198 1.174994 -0.388385
v -0.473408 1.148876 -0.422922
v -0.442918 1.121451 -0.439985
v -0.404899 1.100067 -0.435001
v -0.369537 1.090453 -0.409308
v -0.365632 1.048638 -0.346001
v -0.363537 1.064865 -0.302444
v -0.381965 1.086546 -0.267038
v -0.415980 1.107872 -0.249271
v -0.456467 1.123129 -0.253902
v -0.492577 1.128229 -0.279691
v -0.514635 1.121805 -0.319728
v -0.516731 1.105579 -0.363285
v -0.498302 1.083898 -0.398691
v -0.464288 1.062572 -0.416459
v -0.423801 1.047314 -0.411827
v -0.387691 1.042214 -0.386038
v -0.378470 0.999298 -0.325563
v -0.378787 1.013160 -0.281218
v -0.400096 1.029668 -0.245040
v -0.436685 1.044398 -0.226721
v -0.478751 1.053403 -0.231170
v -0.515022 1.054271 -0.257197
v -0.535780 1.046768 -0.297825
v -0.535462 1.032906 -0.342170
v -0.514154 1.016398 -0.378349
v -0.477565 1.001668 -0.396668
v -0.435499 0.992663 -0.392218
v -0.399227 0.991795 -0.366192
v -0.384782 0.948568 -0.308928
v -0.386975 0.959380 -0.263866
v -0.410276 0.970152 -0.227053
v -0.448441 0.977997 -0.208353
v -0.491244 0.980814 -0.212776
v -0.527216 0.977847 -0.239138
v -0.546718 0.969891 -0.280374
v -0.544524 0.959079 -0.325436
v -0.521223 0.948307 -0.362249
v -0.483058 0.940461 -0.380949
v -0.440256 0.937645 -0.376526
v -0.404284 0.940612 -0.350164
v -0.384794 0.897810 -0.296438
v -0.388182 0.905028 -0.250789
v -0.412504 0.909707 -0.213521
v -0.451244 0.910593 -0.194618
v -0.494021 0.907449 -0.199147
v -0.529373 0.901117 -0.225893
v -0.547827 0.893294 -0.267691
v -0.544439 0.886077 -0.313339
v -0.520117 0.881398 -0.350608
v -0.481377 0.880511 -0.369510
v -0.438600 0.883655 -0.364981
v -0.403248 0.889987 -0.338235
v -0.378969 0.848275 -0.288318
v -0.382770 0.851532 -0.242271
v -0.407109 0.849983 -0.204762
v -0.445464 0.844042 -0.185840
v -0.487559 0.835301 -0.190576
v -0.522113 0.826103 -0.217701
v -0.539868 0.818911 -0.259947
v -0.536067 0.815654 -0.305994
v -0.511728 0.817203 -0.343504
v -0.473373 0.823144 -0.362426
v -0.431279 0.831885 -0.357690
v -0.396724 0.841083 -0.330564
v -0.367969 0.801035 -0.284678
v -0.371353 0.800167 -0.238475
v -0.394725 0.792480 -0.200967
v -0.431821 0.780034 -0.182206
v -0.472703 0.766162 -0.187217
v -0.506415 0.754583 -0.214660
v -0.523925 0.748399 -0.257179
v -0.520540 0.749267 -0.303383
v -0.497169 0.756954 -0.340890
v -0.460072 0.769400 -0.359652
v -0.419191 0.783272 -0.354640
v -0.385479 0.794851 -0.327198
v -0.352604 0.756933 -0.285512
v -0.354753 0.751985 -0.239439
v -0.376250 0.738466 -0.202198
v -0.411336 0.720000 -0.183768
v -0.450610 0.701534 -0.189087
v -0.483548 0.688015 -0.216729
v -0.501324 0.683067 -0.259289
v -0.499176 0.688015 -0.305362
v -0.477679 0.701534 -0.342603
v -0.442593 0.720000 -0.361033
v -0.403319 0.738466 -0.355715
v -0.370381 0.751985 -0.328072
v -0.333766 0.716544 -0.290709
v -0.333931 0.707758 -0.245088
v -0.352779 0.688904 -0.208389
v -0.385261 0.665036 -0.190445
v -0.422673 0.642548 -0.196065
v -0.454990 0.627467 -0.223742
v -0.473554 0.623833 -0.266061
v -0.473389 0.632619 -0.311682
v -0.454540 0.651473 -0.348381
v -0.422058 0.675341 -0.366325
v -0.384647 0.697829 -0.360706
v -0.352329 0.712910 -0.333028
v -0.312356 0.680162 -0.300064
v -0.309923 0.667945 -0.255232
v -0.325533 0.644403 -0.219345
v -0.355003 0.615845 -0.202021
v -0.390438 0.589923 -0.207901
v -0.422341 0.573582 -0.235409
v -0.442166 0.571201 -0.277175
v -0.444599 0.583418 -0.322007
v -0.428989 0.606959 -0.357893
v -0.399519 0.635518 -0.375218
v -0.364085 0.661440 -0.369338
v -0.332181 0.677781 -0.341830
v -0.289219 0.647799 -0.313290
v -0.283760 0.632677 -0.269575
v -0.295769 0.605191 -0.234751
v -0.322029 0.572706 -0.218149
v -0.355503 0.543927 -0.224218
v -0.387221 0.526564 -0.251332
v -0.408686 0.525271 -0.292225
v -0.414145 0.540393 -0.335940
v -0.402135 0.567879 -0.370764
v -0.375876 0.600364 -0.387366
v -0.342402 0.629143 -0.381297
v -0.310683 0.646506 -0.354183
v -0.265072 0.619213 -0.330036
v -0.256389 0.601763 -0.287725
v -0.264696 0.571111 -0.254165
v -0.287768 0.535471 -0.238350
v -0.319422 0.504391 -0.244516
v -0.351177 0.486200 -0.271011
v -0.374524 0.485773 -0.310737
v -0.383207 0.503222 -0.353048
v -0.374900 0.533874 -0.386607
v -0.351829 0.569515 -0.402423
v -0.320175 0.600594 -0.396257
v -0.288420 0.618785 -0.369761
v -0.240467 0.593947 -0.349897
v -0.228610 0.574728 -0.309196
v -0.233384 0.541658 -0.277028
v -0.253510 0.503598 -0.262013
v -0.283595 0.470745 -0.268174
v -0.315578 0.451902 -0.293861
v -0.340889 0.452119 -0.332190
v -0.352746 0.471338 -0.372891
v -0.347972 0.504408 -0.405059
v -0.327846 0.542468 -0.420074
v -0.297761 0.575321 -0.413913
v -0.265778 0.594164 -0.388226
v -0.215759 0.571388 -0.372428
v -0.201025 0.550880 -0.333417
v -0.202691 0.516053 -0.302663
v -0.220313 0.476237 -0.288406
v -0.249167 0.442102 -0.294468
v -0.281522 0.422794 -0.319223
v -0.308709 0.423486 -0.356038
v -0.323443 0.443993 -0.395050
v -0.321776 0.478820 -0.425804
v -0.304155 0.518636 -0.440060
v -0.275301 0.552771 -0.433999
v -0.242946 0.572080 -0.409244
v -0.191123 0.550837 -0.397151
v -0.174019 0.529409 -0.359744
v -0.173212 0.493366 -0.330296
v -0.188918 0.452365 -0.316695
v -0.216928 0.417393 -0.322587
v -0.249738 0.397821 -0.346393
v -0.278557 0.398892 -0.381734
v -0.295661 0.420320 -0.419140
v -0.296468 0.456364 -0.448589
v -0.280762 0.497364 -0.462189
v -0.252752 0.532336 -0.456297
v -0.219941 0.551909 -0.432491
v -0.166604 0.531597 -0.423556
v -0.147781 0.509519 -0.387482
v -0.145251 0.472684 -0.359091
v -0.159692 0.430961 -0.345989
v -0.187235 0.395530 -0.351688
v -0.220500 0.375885 -0.374660
v -0.250573 0.377290 -0.408750
v -0.269396 0.399368 -0.444823
v -0.271926 0.436203 -0.473215
v -0.257485 0.477926 -0.486316
v -0.229942 0.513357 -0.480618
v -0.196677 0.533002 -0.457646
v -0.142176 0.513066 -0.451103
v -0.122336 0.490577 -0.415914
v -0.118831 0.453291 -0.388210
v -0.132601 0.411197 -0.375416
v -0.159956 0.375575 -0.380959
v -0.193566 0.355970 -0.403354
v -0.224425 0.357634 -0.436601
v -0.244265 0.380123 -0.471790
v -0.247769 0.417409 -0.499494
v -0.234000 0.459503 -0.512289
v -0.206645 0.495125 -0.506746
v -0.173035 0.514730 -0.484350
v -0.117783 0.494833 -0.479232
v -0.097579 0.472224 -0.444357
v -0.093713 0.434788 -0.416901
v -0.107221 0.392557 -0.404220
v -0.134484 0.356846 -0.409712
v -0.168196 0.337224 -0.431905
v -0.199325 0.338949 -0.464854
v -0.219529 0.361558 -0.499728
v -0.223395 0.398994 -0.527184
v -0.209887 0.441225 -0.539865
v -0.182624 0.476936 -0.534373
v -0.148912 0.496558 -0.512180
v -0.093318 0.476739 -0.507373
v -0.073275 0.454398 -0.472219
v -0.069431 0.417099 -0.444575
v -0.082818 0.374835 -0.431848
v -0.109848 0.338932 -0.437448
v -0.143278 0.319009 -0.459875
v -0.174151 0.320405 -0.493120
v -0.194195 0.342746 -0.528273
v -0.198038 0.380045 -0.555917
v -0.184652 0.422309 -0.568644
v -0.157622 0.458212 -0.563044
v -0.124191 0.478135 -0.540617
v -0.068551 0.458856 -0.534980
v -0.049044 0.437252 -0.499027
v -0.045360 0.400347 -0.470839
v -0.058487 0.358030 -0.457969
v -0.084906 0.321639 -0.463866
v -0.117539 0.300926 -0.486950
v -0.147642 0.301440 -0.521034
v -0.167149 0.323044 -0.556988
v -0.170832 0.359949 -0.585175
v -0.157706 0.402266 -0.598045
v -0.131287 0.438657 -0.592148
v -0.098654 0.459370 -0.569065
v -0.043083 0.441430 -0.561552
v -0.024377 0.421027 -0.524429
v -0.020799 0.384716 -0.495468
v -0.033308 0.342226 -0.482432
v -0.058551 0.304943 -0.488812
v -0.089766 0.282856 -0.512899
v -0.118588 0.281884 -0.548239
v -0.137294 0.302286 -0.585363
v -0.140872 0.338597 -0.614323
v -0.128363 0.381087 -0.627360
v -0.103119 0.418370 -0.620980
v -0.071904 0.440457 -0.596893
v -0.016383 0.424826 -0.586639
v 0.001312 0.405986 -0.548150
v 0.004944 0.370384 -0.518330
v -0.006460 0.327559 -0.505170
v -0.029844 0.288985 -0.512196
v -0.058942 0.264999 -0.537526
v -0.085957 0.262028 -0.574371
v -0.103652 0.280867 -0.612861
v -0.107284 0.316469 -0.642680
v -0.095880 0.359295 -0.655840
v -0.072497 0.397868 -0.648814
v -0.043399 0.421854 -0.623485
v 0.012118 0.409517 -0.609839
v 0.028603 0.392427 -0.569954
v 0.032488 0.357555 -0.539313
v 0.022733 0.314246 -0.526127
v 0.001952 0.274104 -0.533928
v -0.024287 0.247885 -0.560628
v -0.048954 0.242615 -0.599070
v -0.065439 0.259705 -0.638956
v -0.069325 0.294577 -0.669596
v -0.059570 0.337886 -0.682783
v -0.038788 0.378028 -0.674981
v -0.012549 0.404247 -0.648282
v 0.042918 0.396094 -0.630792
v 0.058005 0.380730 -0.589610
v 0.062354 0.346528 -0.558282
v 0.054799 0.302651 -0.545203
v 0.037365 0.260858 -0.553876
v 0.014724 0.232345 -0.581979
v -0.007058 0.224754 -0.621980
v -0.022145 0.240118 -0.663162
v -0.026494 0.274320 -0.694490
v -0.018939 0.318196 -0.707570
v -0.001505 0.359990 -0.698896
v 0.021136 0.388502 -0.670794
v 0.076354 0.385265 -0.649176
v 0.089891 0.371405 -0.606885
v 0.094924 0.337751 -0.575066
v 0.090103 0.293322 -0.562245
v 0.076720 0.250023 -0.571857
v 0.058362 0.219454 -0.601326
v 0.039947 0.209808 -0.642756
v 0.026409 0.223668 -0.685047
v 0.021377 0.257322 -0.716866
v 0.026198 0.301751 -0.729688
v 0.039580 0.345051 -0.720076
v 0.057939 0.375619 -0.690607
v 0.112534 0.377835 -0.664702
v 0.124448 0.365094 -0.621541
v 0.130411 0.331844 -0.589459
v 0.128825 0.286995 -0.577052
v 0.120115 0.242565 -0.587644
v 0.106616 0.210457 -0.618397
v 0.091943 0.199276 -0.661071
v 0.080029 0.212017 -0.704232
v 0.074066 0.245267 -0.736314
v 0.075651 0.290116 -0.748721
v 0.084361 0.334547 -0.738129
v 0.097861 0.366654 -0.707376
v 0.151308 0.374650 -0.677118
v 0.161637 0.362542 -0.633348
v 0.168816 0.329566 -0.601238
v 0.170922 0.284559 -0.589393
v 0.167390 0.239580 -0.600986
v 0.159167 0.206681 -0.632912
v 0.148457 0.194678 -0.676616
v 0.138129 0.206786 -0.720387
v 0.130950 0.239762 -0.752497
v 0.128844 0.284769 -0.764342
v 0.132375 0.329748 -0.752748
v 0.140598 0.362647 -0.720822
v 0.192258 0.376531 -0.686214
v 0.201170 0.364534 -0.642092
v 0.209893 0.331759 -0.610179
v 0.216087 0.286987 -0.599028
v 0.218094 0.242215 -0.611625
v 0.215375 0.209440 -0.644596
v 0.208660 0.197444 -0.689106
v 0.199747 0.209440 -0.733229
v 0.191025 0.242215 -0.765141
v 0.184830 0.286987 -0.776293
v 0.182823 0.331759 -0.763695
v 0.185542 0.364534 -0.730724
v 0.234704 0.384202 -0.691823
v 0.242507 0.371828 -0.647592
v 0.253132 0.339272 -0.616079
v 0.263734 0.295257 -0.605728
v 0.271471 0.251578 -0.619313
v 0.274270 0.219937 -0.653193
v 0.271382 0.208813 -0.698291
v 0.263580 0.221187 -0.742522
v 0.252955 0.253743 -0.774035
v 0.242353 0.297758 -0.784386
v 0.234616 0.341438 -0.770801
v 0.231816 0.373079 -0.736921
v 0.277748 0.398220 -0.693834
v 0.284863 0.385070 -0.649711
v 0.297763 0.352872 -0.618768
v 0.312991 0.310253 -0.609295
v 0.326468 0.268633 -0.623829
v 0.334581 0.239164 -0.658478
v 0.335158 0.229742 -0.703957
v 0.328043 0.242892 -0.748079
v 0.315143 0.275090 -0.779022
v 0.299914 0.317709 -0.788496
v 0.286437 0.359329 -0.773961
v 0.278324 0.388798 -0.739312
v 0.320309 0.418914 -0.692192
v 0.327251 0.404727 -0.648365
v 0.342778 0.373161 -0.618123
v 0.362732 0.332674 -0.609570
v 0.381765 0.294115 -0.624997
v 0.394778 0.267815 -0.660272
v 0.398283 0.260821 -0.705941
v 0.391342 0.275008 -0.749768
v 0.375814 0.306574 -0.780010
v 0.355860 0.347061 -0.788563
v 0.336827 0.385621 -0.773135
v 0.323815 0.411921 -0.737861
v 0.361198 0.446346 -0.686914
v 0.368526 0.431030 -0.643531
v 0.386981 0.400509 -0.614080
v 0.411615 0.362961 -0.606453
v 0.435830 0.328446 -0.622694
v 0.453136 0.306214 -0.658450
v 0.458897 0.302221 -0.704141
v 0.451568 0.317537 -0.747523
v 0.433114 0.348058 -0.776974
v 0.408479 0.385607 -0.784601
v 0.384265 0.420121 -0.768360
v 0.366958 0.442353 -0.732604
v 0.399174 0.480282 -0.678087
v 0.407453 0.463929 -0.635258
v 0.429041 0.434993 -0.606643
v 0.458155 0.401226 -0.599910
v 0.486993 0.371677 -0.616862
v 0.507827 0.354264 -0.652957
v 0.515076 0.353652 -0.698524
v 0.506797 0.370005 -0.741353
v 0.485208 0.398941 -0.769968
v 0.456095 0.432708 -0.776702
v 0.427257 0.462257 -0.759750
v 0.406423 0.479670 -0.723654
v 0.433023 0.520194 -0.665882
v 0.442768 0.503078 -0.623673
v 0.467574 0.476368 -0.595891
v 0.500796 0.447221 -0.589979
v 0.533530 0.423447 -0.607521
v 0.557007 0.411416 -0.643817
v 0.564935 0.414352 -0.689141
v 0.555190 0.431468 -0.731349
v 0.530384 0.458178 -0.759132
v 0.497163 0.487325 -0.765044
v 0.464428 0.511099 -0.747502
v 0.440952 0.523130 -0.711206
v 0.461626 0.565271 -0.650546
v 0.473257 0.547830 -0.608981
v 0.501211 0.524055 -0.581981
v 0.538000 0.500316 -0.576781
v 0.573764 0.482975 -0.594774
v 0.598921 0.476678 -0.631139
v 0.606731 0.483112 -0.676132
v 0.595100 0.500553 -0.717697
v 0.567146 0.524328 -0.744697
v 0.530358 0.548066 -0.749898
v 0.494593 0.565407 -0.731904
v 0.469436 0.571704 -0.695539
v 0.484017 0.614456 -0.632413
v 0.497818 0.597259 -0.591467
v 0.528680 0.577147 -0.565153
v 0.568334 0.559511 -0.560522
v 0.606154 0.549075 -0.578814
v 0.632007 0.548636 -0.615128
v 0.638964 0.558311 -0.659734
v 0.625163 0.575509 -0.700680
v 0.594301 0.595620 -0.726994
v 0.554647 0.613257 -0.731625
v 0.516827 0.623693 -0.713333
v 0.490975 0.624132 -0.677019
v 0.499436 0.666497 -0.611891
v 0.515525 0.650196 -0.571497
v 0.548877 0.634446 -0.545731
v 0.590555 0.623466 -0.541496
v 0.629391 0.620198 -0.559928
v 0.654980 0.625519 -0.596087
v 0.660464 0.638002 -0.640285
v 0.644375 0.654303 -0.680679
v 0.611023 0.670053 -0.706445
v 0.569345 0.681033 -0.710680
v 0.530509 0.684301 -0.692248
v 0.504921 0.678980 -0.656089
vn -0.984808 -0.000000 0.173648
vn -0.792755 -0.153446 0.589911
vn -0.384486 -0.277071 0.880569
vn 0.164095 -0.327111 0.930630
vn 0.662471 -0.277071 0.695963
vn 0.946707 -0.153446 0.283196
vn 0.984808 -0.000000 -0.173648
vn 0.792755 0.153446 -0.589911
vn 0.384486 0.277071 -0.880569
vn -0.164095 0.327111 -0.930630
vn -0.662471 0.277071 -0.695963
vn -0.946707 0.153446 -0.283196
vn -0.974267 -0.145919 0.171790
vn -0.759721 -0.280036 0.586859
vn -0.332625 -0.349775 0.875796
vn 0.219121 -0.319744 0.921818
vn 0.700124 -0.192821 0.687493
vn 0.959609 -0.021362 0.280525
vn 0.974267 0.145919 -0.171790
vn 0.759721 0.280036 -0.586859
vn 0.332625 0.349775 -0.875796
vn -0.219121 0.319744 -0.921818
vn -0.700124 0.192821 -0.687493
vn -0.959609 0.021362 -0.280525
vn -0.942746 -0.289132 0.166232
vn -0.708395 -0.398338 0.582669
vn -0.271162 -0.408934 0.871346
vn 0.269546 -0.298329 0.915612
vn 0.721902 -0.099827 0.684757
vn 0.952125 0.113273 0.283948
vn 0.942746 0.289132 -0.166232
vn 0.708395 0.398338 -0.582669
vn 0.271162 0.408934 -0.871346
vn -0.269546 0.298329 -0.915612
vn -0.721902 0.099827 -0.684757
vn -0.952125 -0.113273 -0.283948
vn -0.890603 -0.426809 0.157037
vn -0.641029 -0.505764 0.577309
vn -0.204541 -0.453575 0.867429
vn 0.310900 -0.264831 0.912801
vn 0.725364 -0.001474 0.688364
vn 0.923389 0.247341 0.293557
vn 0.890603 0.426809 -0.157037
vn 0.641029 0.505764 -0.577309
vn 0.204541 0.453575 -0.867429
vn -0.310900 0.264831 -0.912801
vn -0.725364 0.001474 -0.688364
vn -0.923389 -0.247341 -0.293557
vn -0.818600 -0.555931 0.144341
vn -0.560490 -0.600085 0.570744
vn -0.137334 -0.483901 0.864279
vn 0.339501 -0.222273 0.913966
vn 0.708801 0.098438 0.698507
vn 0.872889 0.377463 0.309171
vn 0.818600 0.555931 -0.144341
vn 0.560490 0.600085 -0.570744
vn 0.137334 0.483901 -0.864279
vn -0.339501 0.222273 -0.913966
vn -0.708801 -0.098438 -0.698507
vn -0.872889 -0.377463 -0.309171
vn -0.728116 -0.673323 0.128386
vn -0.470226 -0.679665 0.562977
vn -0.073837 -0.501305 0.862114
vn 0.352678 -0.174426 0.919344
vn 0.671260 0.195800 0.714894
vn 0.800612 0.499925 0.330296
vn 0.728116 0.673323 -0.128386
vn 0.470226 0.679665 -0.562977
vn 0.073837 0.501305 -0.862114
vn -0.352678 0.174426 -0.919344
vn -0.671260 -0.195800 -0.714894
vn -0.800612 -0.499925 -0.330296
vn -0.621358 -0.775829 0.109562
vn -0.374109 -0.743682 0.554057
vn -0.017684 -0.508213 0.861050
vn 0.348882 -0.125491 0.928727
vn 0.612633 0.286288 0.736695
vn 0.707292 0.610696 0.356072
vn 0.621358 0.775829 -0.109562
vn 0.374109 0.743682 -0.554057
vn 0.017684 0.508213 -0.861050
vn -0.348882 0.125491 -0.928727
vn -0.612633 -0.286288 -0.736695
vn -0.707292 -0.610696 -0.356072
vn -0.501502 -0.860626 0.088428
vn -0.276151 -0.792292 0.544073
vn 0.028449 -0.507791 0.861010
vn 0.327734 -0.079772 0.941396
vn 0.533823 0.365507 0.762521
vn 0.594729 0.705608 0.385245
vn 0.501502 0.860626 -0.088428
vn 0.276151 0.792292 -0.544073
vn -0.028449 0.507791 -0.861010
vn -0.327734 0.079772 -0.941396
vn -0.533823 -0.365507 -0.762521
vn -0.594729 -0.705608 -0.385245
vn -0.372659 -0.925639 0.065710
vn -0.180154 -0.826636 0.533121
vn 0.062992 -0.503572 0.861654
vn 0.290021 -0.041378 0.956125
vn 0.436944 0.429261 0.790452
vn 0.466064 0.780754 0.416182
vn 0.372659 0.925639 -0.065710
vn 0.180154 0.826636 -0.533121
vn -0.062992 0.503572 -0.861654
vn -0.290021 0.041378 -0.956125
vn -0.436944 -0.429261 -0.790452
vn -0.466064 -0.780754 -0.416182
vn -0.239646 -0.969940 0.042256
vn -0.089395 -0.848700 0.521264
vn 0.085497 -0.499058 0.862341
vn 0.237671 -0.013889 0.971246
vn 0.325469 0.473995 0.818167
vn 0.325873 0.833079 0.446974
vn 0.239646 0.969940 -0.042256
vn 0.089395 0.848700 -0.521264
vn -0.085497 0.499058 -0.862341
vn -0.237671 0.013889 -0.971246
vn -0.325469 -0.473995 -0.818167
vn -0.325873 -0.833079 -0.446974
vn -0.107561 -0.994018 0.018966
vn -0.006407 -0.861042 0.508494
vn 0.096532 -0.497351 0.862162
vn 0.173648 -0.000000 0.984808
vn 0.204167 0.497351 0.843183
vn 0.179936 0.861042 0.475637
vn 0.107561 0.994018 -0.018966
vn 0.006407 0.861042 -0.508494
vn -0.096532 0.497351 -0.862162
vn -0.173648 0.000000 -0.984808
vn -0.204167 -0.497351 -0.843183
vn -0.179936 -0.861042 -0.475637
vn 0.018715 -0.999819 -0.003300
vn 0.067093 -0.866451 0.494734
vn 0.097476 -0.500825 0.860042
vn 0.101734 -0.001167 0.994811
vn 0.078751 0.498712 0.863183
vn 0.034672 0.865124 0.500358
vn -0.018715 0.999819 0.003300
vn -0.067093 0.866451 -0.494734
vn -0.097476 0.500825 -0.860042
vn -0.101734 0.001167 -0.994811
vn -0.078751 -0.498712 -0.863183
vn -0.034672 -0.865124 -0.500358
vn 0.134958 -0.990565 -0.023797
vn 0.130127 -0.867629 0.479882
vn 0.090244 -0.510873 0.854906
vn 0.026158 -0.017307 0.999508
vn -0.044752 0.479560 0.876367
vn -0.103650 0.848007 0.519750
vn -0.134958 0.990565 0.023797
vn -0.130127 0.867629 -0.479882
vn -0.090244 0.510873 -0.854906
vn -0.026158 0.017307 -0.999508
vn 0.044752 -0.479560 -0.876367
vn 0.103650 -0.848007 -0.519750
vn 0.237892 -0.970385 -0.041947
vn 0.182275 -0.866930 0.463906
vn 0.076952 -0.527728 0.845920
vn -0.048890 -0.046648 0.997714
vn -0.160772 0.443489 0.881742
vn -0.229675 0.814328 0.533028
vn -0.237892 0.970385 0.041947
vn -0.182275 0.866930 -0.463906
vn -0.076952 0.527728 -0.845920
vn 0.048890 0.046648 -0.997714
vn 0.160772 -0.443489 -0.881742
vn 0.229675 -0.814328 -0.533028
vn 0.325275 -0.943878 -0.057355
vn 0.223467 -0.866186 0.446972
vn 0.059592 -0.550422 0.832757
vn -0.119762 -0.085803 0.989088
vn -0.264861 0.395849 0.879291
vn -0.339476 0.770104 0.540088
vn -0.325275 0.943878 0.057355
vn -0.223467 0.866186 -0.446972
vn -0.059592 0.550422 -0.832757
vn 0.119762 0.085803 -0.989088
vn 0.264861 -0.395849 -0.879291
vn 0.339476 -0.770104 -0.540088
vn 0.395858 -0.915655 -0.069800
vn 0.253823 -0.866619 0.429587
vn 0.039780 -0.576887 0.815855
vn -0.183713 -0.130089 0.974334
vn -0.354059 0.343104 0.870013
vn -0.430724 0.721975 0.541506
vn -0.395858 0.915655 0.069800
vn -0.253823 0.866619 -0.429587
vn -0.039780 0.576887 -0.815855
vn 0.183713 0.130089 -0.974334
vn 0.354059 -0.343104 -0.870013
vn 0.430724 -0.721975 -0.541506
vn 0.449308 -0.889857 -0.079225
vn 0.273667 -0.868793 0.412680
vn 0.018747 -0.604238 0.796583
vn -0.238976 -0.174117 0.955287
vn -0.426873 0.291984 0.855877
vn -0.502557 0.676370 0.538479
vn -0.449308 0.889857 0.079225
vn -0.273667 0.868793 -0.412680
vn -0.018747 0.604238 -0.796583
vn 0.238976 0.174117 -0.955287
vn 0.426873 -0.291984 -0.855877
vn 0.502557 -0.676370 -0.538479
vn 0.486232 -0.869614 -0.085736
vn 0.283822 -0.872578 0.397560
vn -0.002321 -0.629239 0.777209
vn -0.284443 -0.212621 0.934818
vn -0.482932 0.248501 0.839657
vn -0.555309 0.638623 0.532722
vn -0.486232 0.869614 0.085736
vn -0.283822 0.872578 -0.397560
vn 0.002321 0.629239 -0.777209
vn 0.284443 0.212621 -0.934818
vn 0.482932 -0.248501 -0.839657
vn 0.555309 -0.638623 -0.532722
vn 0.508398 -0.856443 -0.089644
vn 0.286222 -0.877116 0.385673
vn -0.021577 -0.648923 0.760548
vn -0.319047 -0.241492 0.916456
vn -0.522475 0.216848 0.824619
vn -0.590275 0.612038 0.526293
vn -0.508398 0.856443 0.089644
vn -0.286222 0.877116 -0.385673
vn 0.021577 0.648923 -0.760548
vn 0.319047 0.241492 -0.916456
vn 0.522475 -0.216848 -0.824619
vn 0.590275 -0.612038 -0.526293
vn 0.519121 -0.849785 -0.091535
vn 0.284630 -0.880899 0.378156
vn -0.035743 -0.661276 0.749291
vn -0.341134 -0.258775 0.903694
vn -0.545962 0.198431 0.813972
vn -0.609664 0.597116 0.521308
vn -0.519121 0.849785 0.091535
vn -0.284630 0.880899 -0.378156
vn 0.035743 0.661276 -0.749291
vn 0.341134 0.258775 -0.903694
vn 0.545962 -0.198431 -0.813972
vn 0.609664 -0.597116 -0.521308
vn 0.523479 -0.847024 -0.092303
vn 0.284880 -0.882030 0.375321
vn -0.039940 -0.665707 0.745143
vn -0.348365 -0.265154 0.899075
vn -0.554049 0.191529 0.810152
vn -0.616706 0.591389 0.519550
vn -0.523479 0.847024 0.092303
vn -0.284880 0.882030 -0.375321
vn 0.039940 0.665707 -0.745143
vn 0.348365 0.265154 -0.899075
vn 0.554049 -0.191529 -0.810152
vn 0.616706 -0.591389 -0.519550
vn 0.527819 -0.844243 -0.093069
vn 0.293981 -0.878591 0.376369
vn -0.028642 -0.662886 0.748172
vn -0.338405 -0.263365 0.903394
vn -0.547936 0.192113 0.814161
vn -0.615615 0.590304 0.522072
vn -0.527819 0.844243 0.093069
vn -0.293981 0.878591 -0.376369
vn 0.028642 0.662886 -0.748172
vn 0.338405 0.263365 -0.903394
vn 0.547936 -0.192113 -0.814161
vn 0.615615 -0.590304 -0.522072
vn 0.538351 -0.837357 -0.094926
vn 0.318145 -0.868755 0.379537
vn 0.002500 -0.653753 0.756704
vn -0.310051 -0.256557 0.915449
vn -0.529687 0.195670 0.825315
vn -0.611055 0.588909 0.528959
vn -0.538351 0.837357 0.094926
vn -0.318145 0.868755 -0.379537
vn -0.002500 0.653753 -0.756704
vn 0.310051 0.256557 -0.915449
vn 0.529687 -0.195670 -0.825315
vn 0.611055 -0.588909 -0.528959
vn 0.559483 -0.822950 -0.098652
vn 0.360798 -0.850541 0.382630
vn 0.055048 -0.638266 0.767845
vn -0.264054 -0.246554 0.932463
vn -0.502193 0.198980 0.841552
vn -0.607250 0.583355 0.539392
vn -0.559483 0.822950 0.098652
vn -0.360798 0.850541 -0.382630
vn -0.055048 0.638266 -0.767845
vn 0.264054 0.246554 -0.932463
vn 0.502193 -0.198980 -0.841552
vn 0.607250 -0.583355 -0.539392
vn 0.592878 -0.798478 -0.104540
vn 0.421684 -0.821587 0.383636
vn 0.127190 -0.614825 0.778340
vn -0.203260 -0.233122 0.950968
vn -0.468858 0.200827 0.860140
vn -0.607269 0.571438 0.551980
vn -0.592878 0.798478 0.104540
vn -0.421684 0.821587 -0.383636
vn -0.127190 0.614825 -0.778340
vn 0.203260 0.233122 -0.950968
vn 0.468858 -0.200827 -0.860140
vn 0.607269 -0.571438 -0.551980
vn 0.637572 -0.762144 -0.112421
vn 0.497253 -0.779379 0.381193
vn 0.214149 -0.580734 0.785422
vn -0.132259 -0.214468 0.967735
vn -0.433286 0.201544 0.878432
vn -0.612844 0.552246 0.565196
vn -0.637572 0.762144 0.112421
vn -0.497253 0.779379 -0.381193
vn -0.214149 0.580734 -0.785422
vn 0.132259 0.214468 -0.967735
vn 0.433286 -0.201544 -0.878432
vn 0.612844 -0.552246 -0.565196
vn 0.690735 -0.712777 -0.121795
vn 0.581772 -0.721846 0.374807
vn 0.309150 -0.533308 0.787407
vn -0.056801 -0.188390 0.980450
vn -0.399046 0.202039 0.894395
vn -0.624576 0.525489 0.577725
vn -0.690735 0.712777 0.121795
vn -0.581772 0.721846 -0.374807
vn -0.309150 0.533308 -0.787407
vn 0.056801 0.188390 -0.980450
vn 0.399046 -0.202039 -0.894395
vn 0.624576 -0.525489 -0.577725
vn 0.748551 -0.649808 -0.131990
vn 0.668608 -0.647965 0.364835
vn 0.404598 -0.470916 0.783925
vn 0.016916 -0.153370 0.988024
vn -0.369440 0.202916 0.906829
vn -0.642222 0.490976 0.588637
vn -0.748551 0.649808 0.131990
vn -0.668608 0.647965 -0.364835
vn -0.404598 0.470916 -0.783925
vn -0.016916 0.153370 -0.988024
vn 0.369440 -0.202916 -0.906829
vn 0.642222 -0.490976 -0.588637
vn 0.806910 -0.573282 -0.142280
vn 0.751320 -0.558031 0.352308
vn 0.493192 -0.393543 0.775813
vn 0.082980 -0.109222 0.990548
vn -0.347220 0.203975 0.915332
vn -0.664886 0.448366 0.597406
vn -0.806910 0.573282 0.142280
vn -0.751320 0.558031 -0.352308
vn -0.493192 0.393543 -0.775813
vn -0.082980 0.109222 -0.990548
vn 0.347220 -0.203975 -0.915332
vn 0.664886 -0.448366 -0.597406
vn 0.861872 -0.483820 -0.151971
vn 0.824389 -0.453539 0.338652
vn 0.568773 -0.302775 0.764738
vn 0.136421 -0.057244 0.988996
vn -0.334296 0.204098 0.920103
vn -0.691113 0.397163 0.603841
vn -0.861872 0.483820 0.151971
vn -0.824389 0.453539 -0.338652
vn -0.568773 0.302775 -0.764738
vn -0.136421 0.057244 -0.988996
vn 0.334296 -0.204098 -0.920103
vn 0.691113 -0.397163 -0.603841
vn 0.909912 -0.382515 -0.160442
vn 0.883542 -0.336835 0.325418
vn 0.626750 -0.201418 0.752738
vn 0.173648 -0.000000 0.984808
vn -0.331501 0.201418 0.921704
vn -0.718958 0.336835 0.607982
vn -0.909912 0.382515 0.160442
vn -0.883542 0.336835 -0.325418
vn -0.626750 0.201418 -0.752738
vn -0.173648 0.000000 -0.984808
vn 0.331501 -0.201418 -0.921704
vn 0.718958 -0.336835 -0.607982
vn 0.948008 -0.270812 -0.167159
vn 0.925724 -0.210707 0.314067
vn 0.664135 -0.093015 0.741804
vn 0.192648 0.059073 0.979488
vn -0.338477 0.193648 0.920833
vn -0.746065 0.266993 0.610002
vn -0.948008 0.270812 0.167159
vn -0.925724 0.210707 -0.314067
vn -0.664135 0.093015 -0.741804
vn -0.192648 -0.059073 -0.979488
vn 0.338477 -0.193648 -0.920833
vn 0.746065 -0.266993 -0.610002
vn 0.973608 -0.150387 -0.171673
vn 0.948874 -0.078104 0.305841
vn 0.679343 0.018545 0.733587
vn 0.192983 0.116092 0.974310
vn -0.353699 0.178464 0.918176
vn -0.769783 0.187546 0.610132
vn -0.973608 0.150387 0.171673
vn -0.948874 0.078104 -0.305841
vn -0.679343 -0.018545 -0.733587
vn -0.192983 -0.116092 -0.974310
vn 0.353699 -0.178464 -0.918176
vn 0.769783 -0.187546 -0.610132
vn 0.984545 -0.023080 -0.173602
vn 0.951634 0.057999 0.301711
vn 0.671927 0.129248 0.729252
vn 0.175693 0.167120 0.970156
vn -0.374620 0.153873 0.914321
vn -0.787298 0.098809 0.608604
vn -0.984545 0.023080 0.173602
vn -0.951634 -0.057999 -0.301711
vn -0.671927 -0.129248 -0.729252
vn -0.175693 -0.167120 -0.970156
vn 0.374620 -0.153873 -0.914321
vn 0.787298 -0.098809 -0.608604
vn 0.978929 0.109105 -0.172612
vn 0.933125 0.194568 0.302360
vn 0.642403 0.235064 0.729427
vn 0.143136 0.208521 0.967487
vn -0.397913 0.118511 0.909737
vn -0.795758 0.001568 0.605613
vn -0.978929 -0.109105 0.172612
vn -0.933125 -0.194568 -0.302360
vn -0.642403 -0.235064 -0.729427
vn -0.143136 -0.208521 -0.967487
vn 0.397913 -0.118511 -0.909737
vn 0.795758 -0.001568 -0.605613
vn 0.955059 0.243932 -0.168403
vn 0.892846 0.328405 0.308182
vn 0.592190 0.332019 0.734217
vn 0.098796 0.237296 0.966401
vn -0.419778 0.071855 0.904778
vn -0.792382 -0.102892 0.601285
vn -0.955059 -0.243932 0.168403
vn -0.892846 -0.328405 -0.308182
vn -0.592190 -0.332019 -0.734217
vn -0.098796 -0.237296 -0.966401
vn 0.419778 -0.071855 -0.904778
vn 0.792382 0.102892 -0.601285
vn 0.911417 0.378804 -0.160707
vn 0.830729 0.456015 0.319279
vn 0.523661 0.416331 0.743269
vn 0.047023 0.251383 0.966745
vn -0.436264 0.014317 0.899705
vn -0.774547 -0.212758 0.595660
vn -0.911417 -0.378804 0.160707
vn -0.830729 -0.456015 -0.319279
vn -0.523661 -0.416331 -0.743269
vn -0.047023 -0.251383 -0.966745
vn 0.436264 -0.014317 -0.899705
vn 0.774547 0.212758 -0.595660
vn 0.846749 0.510611 -0.149305
vn 0.747346 0.573546 0.335437
vn 0.440203 0.484660 0.755861
vn -0.007315 0.249899 0.968244
vn -0.443573 -0.052752 0.894685
vn -0.739876 -0.325654 0.588670
vn -0.846749 -0.510611 0.149305
vn -0.747346 -0.573546 -0.335437
vn -0.440203 -0.484660 -0.755861
vn 0.007315 -0.249899 -0.968244
vn 0.443573 0.052752 -0.894685
vn 0.739876 0.325654 -0.588670
vn 0.760287 0.635604 -0.134059
vn 0.644204 0.676897 0.356106
vn 0.346176 0.534474 0.771038
vn -0.059250 0.233260 0.970608
vn -0.438310 -0.127125 0.889789
vn -0.686358 -0.438576 0.580141
vn -0.760287 -0.635604 0.134059
vn -0.644204 -0.676897 -0.356106
vn -0.346176 -0.534474 -0.771038
vn 0.059250 -0.233260 -0.970608
vn 0.438310 0.127125 -0.889789
vn 0.686358 0.438576 -0.580141
vn 0.652091 0.749371 -0.114981
vn 0.524039 0.762018 0.380410
vn 0.246679 0.564431 0.787761
vn -0.104158 0.203155 0.973591
vn -0.417697 -0.205795 0.884973
vn -0.612537 -0.547836 0.569802
vn -0.652091 -0.749371 0.114981
vn -0.524039 -0.762018 -0.380410
vn -0.246679 -0.564431 -0.787761
vn 0.104158 -0.203155 -0.973591
vn 0.417697 0.205795 -0.884973
vn 0.612537 0.547836 -0.569802
vn 0.523479 0.847024 -0.092303
vn 0.390942 0.825443 0.407195
vn 0.147106 0.574655 0.805066
vn -0.138144 0.162377 0.977011
vn -0.379753 -0.285092 0.880063
vn -0.517799 -0.649057 0.557323
vn -0.523479 -0.847024 0.092303
vn -0.390942 -0.825443 -0.407195
vn -0.147106 -0.574655 -0.805066
vn 0.138144 -0.162377 -0.977011
vn 0.379753 0.285092 -0.880063
vn 0.517799 0.649057 -0.557323
vn 0.377392 0.923660 -0.066544
vn 0.250198 0.864897 0.435148
vn 0.052575 0.566798 0.822178
vn -0.158330 0.114557 0.980718
vn -0.323471 -0.360804 0.874750
vn -0.402737 -0.737307 0.542385
vn -0.377392 -0.923660 0.066544
vn -0.250198 -0.864897 -0.435148
vn -0.052575 -0.566798 -0.822178
vn 0.158330 -0.114557 -0.980718
vn 0.323471 0.360804 -0.874750
vn 0.402737 0.737307 -0.542385
vn 0.218532 0.975069 -0.038533
vn 0.107760 0.879802 0.462964
vn -0.032628 0.543838 0.838556
vn -0.163023 0.063856 0.984554
vn -0.249015 -0.428359 0.868620
vn -0.269512 -0.807444 0.524783
vn -0.218532 -0.975069 0.038533
vn -0.107760 -0.879802 -0.462964
vn 0.032628 -0.543838 -0.838556
vn 0.163023 -0.063856 -0.984554
vn 0.249015 0.428359 -0.868620
vn 0.269512 0.807444 -0.524783
vn 0.053070 0.998547 -0.009358
vn -0.030500 0.871465 0.489508
vn -0.105446 0.509682 0.853877
vn -0.151788 0.014667 0.988304
vn -0.157906 -0.483091 0.861214
vn -0.122066 -0.854718 0.504536
vn -0.053070 -0.998547 0.009358
vn 0.030500 -0.871465 -0.489508
vn 0.105446 -0.509682 -0.853877
vn 0.151788 -0.014667 -0.988304
vn 0.157906 0.483091 -0.861214
vn 0.122066 0.854718 -0.504536
vn -0.112074 0.993503 0.019762
vn -0.159557 0.842865 0.513926
vn -0.164228 0.468692 0.867962
vn -0.125451 -0.028674 0.991685
vn -0.053123 -0.520636 0.852125
vn 0.033998 -0.875521 0.481983
vn 0.112074 -0.993503 -0.019762
vn 0.159557 -0.842865 -0.513926
vn 0.164228 -0.468692 -0.867962
vn 0.125451 0.028674 -0.991685
vn 0.053123 0.520636 -0.852125
vn -0.033998 0.875521 -0.481983
vn -0.270218 0.961619 0.047647
vn -0.275769 0.798126 0.535674
vn -0.208713 0.425239 0.880688
vn -0.086053 -0.062168 0.994349
vn 0.060956 -0.537423 0.841107
vn 0.191956 -0.868086 0.457798
vn 0.270218 -0.961619 -0.047647
vn 0.275769 -0.798126 -0.535674
vn 0.208713 -0.425239 -0.880688
vn 0.086053 0.062168 -0.994349
vn -0.060956 0.537423 -0.841107
vn -0.191956 0.868086 -0.457798
vn -0.415819 0.906487 0.073320
vn -0.377075 0.741873 0.554472
vn -0.239866 0.383357 0.891909
vn -0.036732 -0.082442 0.995919
vn 0.178883 -0.531175 0.828163
vn 0.344849 -0.832867 0.432912
vn 0.415819 -0.906487 -0.073320
vn 0.377075 -0.741873 -0.554472
vn 0.239866 -0.383357 -0.891909
vn 0.036732 0.082442 -0.995919
vn -0.178883 0.531175 -0.828163
vn -0.344849 0.832867 -0.432912
vn -0.545017 0.832899 0.096101
vn -0.462897 0.678665 0.570210
vn -0.259655 0.346482 0.901404
vn 0.018490 -0.087031 0.996034
vn 0.294693 -0.501259 0.813570
vn 0.486426 -0.772423 0.408354
vn 0.545017 -0.832899 -0.096101
vn 0.462897 -0.678665 -0.570210
vn 0.259655 -0.346482 -0.901404
vn -0.018490 0.087031 -0.996034
vn -0.294693 0.501259 -0.813570
vn -0.486426 0.772423 -0.408354
vn -0.655741 0.746080 0.115625
vn -0.533843 0.612606 0.582860
vn -0.270781 0.317278 0.908852
vn 0.075035 -0.074616 0.994385
vn 0.402597 -0.448787 0.797813
vn 0.611869 -0.690902 0.385059
vn 0.655741 -0.746080 -0.115625
vn 0.533843 -0.612606 -0.582860
vn 0.270781 -0.317278 -0.908852
vn -0.075035 0.074616 -0.994385
vn -0.402597 0.448787 -0.797813
vn -0.611869 0.690902 -0.385059
vn -0.747470 0.651090 0.131799
vn -0.591357 0.547138 0.592400
vn -0.276386 0.297517 0.913835
vn 0.128200 -0.045174 0.990719
vn 0.497628 -0.376425 0.781454
vn 0.718101 -0.593331 0.363715
vn 0.747470 -0.651090 -0.131799
vn 0.591357 -0.547138 -0.592400
vn 0.276386 -0.297517 -0.913835
vn -0.128200 0.045174 -0.990719
vn -0.497628 0.376425 -0.781454
vn -0.718101 0.593331 -0.363715
vn -0.820853 0.552495 0.144739
vn -0.637379 0.484987 0.598778
vn -0.279720 0.288013 0.915863
vn 0.173648 -0.000000 0.984808
vn 0.576095 -0.288013 0.764960
vn 0.803734 -0.484987 0.344671
vn 0.820853 -0.552495 -0.144739
vn 0.637379 -0.484987 -0.598778
vn 0.279720 -0.288013 -0.915863
vn -0.173648 -0.000000 -0.984808
vn -0.576095 0.288013 -0.764960
vn -0.803734 0.484987 -0.344671
vn -0.877328 0.454274 0.154697
vn -0.674045 0.428201 0.601919
vn -0.283778 0.288629 0.914420
vn 0.207901 0.058412 0.976404
vn 0.635815 -0.188139 0.748561
vn 0.868806 -0.370996 0.327930
vn 0.877328 -0.454274 -0.154697
vn 0.674045 -0.428201 -0.601919
vn 0.283778 -0.288629 -0.914420
vn -0.207901 -0.058412 -0.976404
vn -0.635815 0.188139 -0.748561
vn -0.868806 0.370996 -0.327930
vn -0.918825 0.359879 0.162014
vn -0.703438 0.378231 0.601761
vn -0.290905 0.298360 0.909041
vn 0.228775 0.126594 0.965213
vn 0.676173 -0.081779 0.732190
vn 0.914487 -0.256172 0.313194
vn 0.918825 -0.359879 -0.162014
vn 0.703438 -0.378231 -0.601761
vn 0.290905 -0.298360 -0.909041
vn -0.228775 -0.126594 -0.965213
vn -0.676173 0.081779 -0.732190
vn -0.914487 0.256172 -0.313194
vn -0.947583 0.272341 0.167084
vn -0.727373 0.336058 0.598326
vn -0.302439 0.315527 0.899429
vn 0.235726 0.200409 0.950931
vn 0.698116 0.025938 0.715514
vn 0.942864 -0.145020 0.299961
vn 0.947583 -0.272341 -0.167084
vn 0.727373 -0.336058 -0.598326
vn 0.302439 -0.315527 -0.899429
vn -0.235726 -0.200409 -0.950931
vn -0.698116 -0.025938 -0.715514
vn -0.942864 0.145020 -0.299961
vn -0.966026 0.194371 0.170336
vn -0.747229 0.302307 0.591827
vn -0.318447 0.338044 0.885617
vn 0.230053 0.275408 0.933395
vn 0.704117 0.129916 0.698099
vn 0.956821 -0.041779 0.287661
vn 0.966026 -0.194371 -0.170336
vn 0.747229 -0.302307 -0.591827
vn 0.318447 -0.338044 -0.885617
vn -0.230053 -0.275408 -0.933395
vn -0.704117 -0.129916 -0.698099
vn -0.956821 0.041779 -0.287661
vn -0.976662 0.128351 0.172212
vn -0.763850 0.277331 0.582769
vn -0.337657 0.363701 0.868165
vn 0.214868 0.347205 0.912842
vn 0.698063 0.225273 0.679676
vn 0.959926 0.049613 0.275826
vn 0.976662 -0.128351 -0.172212
vn 0.763850 -0.277331 -0.582769
vn 0.337657 -0.363701 -0.868165
vn -0.214868 -0.347205 -0.912842
vn -0.698063 -0.225273 -0.679676
vn -0.959926 -0.049613 -0.275826
vn -0.981946 0.076176 0.173144
vn -0.777535 0.261158 0.572046
vn -0.357681 0.390354 0.848344
vn 0.194715 0.411815 0.890222
vn 0.684926 0.307619 0.660490
vn 0.956214 0.125714 0.264291
vn 0.981946 -0.076176 -0.173144
vn 0.777535 -0.261158 -0.572046
vn 0.357681 -0.390354 -0.848344
vn -0.194715 -0.411815 -0.890222
vn -0.684926 -0.307619 -0.660490
vn -0.956214 -0.125714 -0.264291
vn -0.984064 0.038854 0.173517
vn -0.788160 0.253225 0.560965
vn -0.375605 0.415890 0.828225
vn 0.174685 0.465872 0.867438
vn 0.669998 0.373422 0.641606
vn 0.949704 0.184005 0.253385
vn 0.984064 -0.038854 -0.173517
vn 0.788160 -0.253225 -0.560965
vn 0.375605 -0.415890 -0.828225
vn -0.174685 -0.465872 -0.867438
vn -0.669998 -0.373422 -0.641606
vn -0.949704 -0.184005 -0.253385
vn -0.984683 0.015886 0.173626
vn -0.795478 0.251863 0.551162
vn -0.388923 0.437896 0.810547
vn 0.159067 0.506668 0.847340
vn 0.657703 0.420443 0.625023
vn 0.943664 0.223516 0.244008
vn 0.984683 -0.015886 -0.173626
vn 0.795478 -0.251863 -0.551162
vn 0.388923 -0.437896 -0.810547
vn -0.159067 -0.506668 -0.847340
vn -0.657703 -0.420443 -0.625023
vn -0.943664 -0.223516 -0.244008
vn -0.984797 0.004613 0.173646
vn -0.799561 0.253729 0.544357
vn -0.396600 0.453249 0.798294
vn 0.149879 0.532105 0.833307
vn 0.650293 0.448164 0.613407
vn 0.939855 0.245489 0.237502
vn 0.984797 -0.004613 -0.173646
vn 0.799561 -0.253729 -0.544357
vn 0.396600 -0.453249 -0.798294
vn -0.149879 -0.532105 -0.833307
vn -0.650293 -0.448164 -0.613407
vn -0.939855 -0.245489 -0.237502
vn -0.984808 -0.000000 0.173648
vn -0.801211 0.253667 0.541955
vn -0.399754 0.458035 0.793978
vn 0.146069 0.540758 0.828399
vn 0.647203 0.458035 0.609371
vn 0.938251 0.253667 0.235241
vn 0.984808 0.000000 -0.173648
vn 0.801211 -0.253667 -0.541955
vn 0.399754 -0.458035 -0.793978
vn -0.146069 -0.540758 -0.828399
vn -0.647203 -0.458035 -0.609371
vn -0.938251 -0.253667 -0.235241
vn -0.984797 -0.004613 0.173646
vn -0.801945 0.245489 0.544628
vn -0.401278 0.448164 0.798827
vn 0.144167 0.532105 0.834314
vn 0.645715 0.453249 0.614506
vn 0.937522 0.253729 0.238062
vn 0.984797 0.004613 -0.173646
vn 0.801945 -0.245489 -0.544628
vn 0.401278 -0.448164 -0.798827
vn -0.144167 -0.532105 -0.834314
vn -0.645715 -0.453249 -0.614506
vn -0.937522 -0.253729 -0.238062
vn -0.984683 -0.015886 0.173626
vn -0.803298 0.223516 0.552044
vn -0.404268 0.420443 0.812277
vn 0.140334 0.506668 0.850643
vn 0.642691 0.437896 0.628645
vn 0.936013 0.251863 0.245854
vn 0.984683 0.015886 -0.173626
vn 0.803298 -0.223516 -0.552044
vn 0.404268 -0.420443 -0.812277
vn -0.140334 -0.506668 -0.850643
vn -0.642691 -0.437896 -0.628645
vn -0.936013 -0.251863 -0.245854
vn -0.984064 -0.038854 0.173517
vn -0.805767 0.184005 0.562922
vn -0.410150 0.373422 0.832066
vn 0.132531 0.465872 0.874871
vn 0.636223 0.415890 0.649812
vn 0.932489 0.253225 0.257568
vn 0.984064 0.038854 -0.173517
vn 0.805767 -0.184005 -0.562922
vn 0.410150 -0.373422 -0.832066
vn -0.132531 -0.465872 -0.874871
vn -0.636223 -0.415890 -0.649812
vn -0.932489 -0.253225 -0.257568
vn -0.981946 -0.076176 0.173144
vn -0.808155 0.125714 0.575397
vn -0.417719 0.307619 0.854916
vn 0.121502 0.411815 0.903131
vn 0.626261 0.390354 0.674849
vn 0.926295 0.261158 0.271615
vn 0.981946 0.076176 -0.173144
vn 0.808155 -0.125714 -0.575397
vn 0.417719 -0.307619 -0.854916
vn -0.121502 -0.411815 -0.903131
vn -0.626261 -0.390354 -0.674849
vn -0.926295 -0.261158 -0.271615
vn -0.976662 -0.128351 0.172212
vn -0.807698 0.049613 0.587505
vn -0.423502 0.225273 0.877438
vn 0.110300 0.347205 0.931280
vn 0.614223 0.363701 0.700323
vn 0.917103 0.277331 0.286372
vn 0.976662 0.128351 -0.172212
vn 0.807698 -0.049613 -0.587505
vn 0.423502 -0.225273 -0.877438
vn -0.110300 -0.347205 -0.931280
vn -0.614223 -0.363701 -0.700323
vn -0.917103 -0.277331 -0.286372
vn -0.966026 -0.194371 0.170336
vn -0.800731 -0.041779 0.597565
vn -0.422889 0.129916 0.896820
vn 0.103061 0.275408 0.955787
vn 0.602141 0.338044 0.723292
vn 0.904582 0.302307 0.300568
vn 0.966026 0.194371 -0.170336
vn 0.800731 0.041779 -0.597565
vn 0.422889 -0.129916 -0.896820
vn -0.103061 -0.275408 -0.955787
vn -0.602141 -0.338044 -0.723292
vn -0.904582 -0.302307 -0.300568
vn -0.947583 -0.272341 0.167084
vn -0.783409 -0.145020 0.604350
vn -0.411295 0.025938 0.911133
vn 0.103727 0.200409 0.974206
vn 0.591823 0.315527 0.741747
vn 0.888146 0.336058 0.313467
vn 0.947583 0.272341 -0.167084
vn 0.783409 0.145020 -0.604350
vn 0.411295 -0.025938 -0.911133
vn -0.103727 -0.200409 -0.974206
vn -0.591823 -0.315527 -0.741747
vn -0.888146 -0.336058 -0.313467
vn -0.918825 -0.359879 0.162014
vn -0.752218 -0.256172 0.607079
vn -0.384971 -0.081779 0.919298
vn 0.115144 0.126594 0.985249
vn 0.584272 0.298360 0.754724
vn 0.866830 0.378231 0.324880
vn 0.918825 0.359879 -0.162014
vn 0.752218 0.256172 -0.607079
vn 0.384971 0.081779 -0.919298
vn -0.115144 -0.126594 -0.985249
vn -0.584272 -0.298360 -0.754724
vn -0.866830 -0.378231 -0.324880
vn -0.877328 -0.454274 0.154697
vn -0.704252 -0.370996 0.605302
vn -0.341447 -0.188139 0.920879
vn 0.138587 0.058412 0.988626
vn 0.579414 0.288629 0.762216
vn 0.839264 0.428201 0.335082
vn 0.877328 0.454274 -0.154697
vn 0.704252 0.370996 -0.605302
vn 0.341447 0.188139 -0.920879
vn -0.138587 -0.058412 -0.988626
vn -0.579414 -0.288629 -0.762216
vn -0.839264 -0.428201 -0.335082
vn -0.820853 -0.552495 0.144739
vn -0.637379 -0.484987 0.598778
vn -0.279720 -0.288013 0.915863
vn 0.173648 0.000000 0.984808
vn 0.576095 0.288013 0.764960
vn 0.803734 0.484987 0.344671
vn 0.820853 0.552495 -0.144739
vn 0.637379 0.484987 -0.598778
vn 0.279720 0.288013 -0.915863
vn -0.173648 -0.000000 -0.984808
vn -0.576095 -0.288013 -0.764960
vn -0.803734 -0.484987 -0.344671
vn -0.747470 -0.651090 0.131799
vn -0.550396 -0.593331 0.587385
vn -0.200344 -0.376425 0.904526
vn 0.218377 -0.045174 0.974818
vn 0.572268 0.297517 0.764195
vn 0.758306 0.547138 0.354418
vn 0.747470 0.651090 -0.131799
vn 0.550396 0.593331 -0.587385
vn 0.200344 0.376425 -0.904526
vn -0.218377 0.045174 -0.974818
vn -0.572268 -0.297517 -0.764195
vn -0.758306 -0.547138 -0.354418
vn -0.655741 -0.746080 0.115625
vn -0.443271 -0.690902 0.571109
vn -0.105449 -0.448787 0.887396
vn 0.269590 -0.074616 0.960080
vn 0.565297 0.317278 0.761429
vn 0.700998 0.612606 0.365124
vn 0.655741 0.746080 -0.115625
vn 0.443271 0.690902 -0.571109
vn 0.105449 0.448787 -0.887396
vn -0.269590 0.074616 -0.960080
vn -0.565297 -0.317278 -0.761429
vn -0.700998 -0.612606 -0.365124
vn -0.545017 -0.832899 0.096101
vn -0.317426 -0.772423 0.550094
vn 0.001337 -0.501259 0.865296
vn 0.323289 -0.087031 0.942290
vn 0.552295 0.346482 0.758235
vn 0.630004 0.678665 0.377502
vn 0.545017 0.832899 -0.096101
vn 0.317426 0.772423 -0.550094
vn -0.001337 0.501259 -0.865296
vn -0.323289 0.087031 -0.942290
vn -0.552295 -0.346482 -0.758235
vn -0.630004 -0.678665 -0.377502
vn -0.415819 -0.906487 0.073320
vn -0.175987 -0.832867 0.524749
vn 0.115153 -0.531175 0.839400
vn 0.375141 -0.082442 0.923294
vn 0.530451 0.383357 0.756081
vn 0.543975 0.741873 0.392065
vn 0.415819 0.906487 -0.073320
vn 0.175987 0.832867 -0.524749
vn -0.115153 0.531175 -0.839400
vn -0.375141 0.082442 -0.923294
vn -0.530451 -0.383357 -0.756081
vn -0.543975 -0.741873 -0.392065
vn -0.270218 -0.961619 0.047647
vn -0.023804 -0.868086 0.495842
vn 0.230395 -0.537423 0.811230
vn 0.420951 -0.062168 0.904951
vn 0.497339 0.425239 0.756192
vn 0.442349 0.798126 0.409051
vn 0.270218 0.961619 -0.047647
vn 0.023804 0.868086 -0.495842
vn -0.230395 0.537423 -0.811230
vn -0.420951 0.062168 -0.904951
vn -0.497339 -0.425239 -0.756192
vn -0.442349 -0.798126 -0.409051
vn -0.112074 -0.993503 0.019762
vn 0.132900 -0.875521 0.464544
vn 0.341364 -0.520636 0.782566
vn 0.457061 -0.028674 0.888973
vn 0.451184 0.468692 0.759448
vn 0.325708 0.842865 0.428361
vn 0.112074 0.993503 -0.019762
vn -0.132900 0.875521 -0.464544
vn -0.341364 0.520636 -0.782566
vn -0.457061 0.028674 -0.888973
vn -0.451184 -0.468692 -0.759448
vn -0.325708 -0.842865 -0.428361
vn 0.053070 -0.998547 -0.009358
vn 0.287266 -0.854718 0.432360
vn 0.442935 -0.483091 0.755269
vn 0.480654 0.014667 0.876788
vn 0.391130 0.509682 0.766317
vn 0.196083 0.871465 0.449555
vn -0.053070 0.998547 0.009358
vn -0.287266 0.854718 -0.432360
vn -0.442935 0.483091 -0.755269
vn -0.480654 -0.014667 -0.876788
vn -0.391130 -0.509682 -0.766317
vn -0.196083 -0.871465 -0.449555
vn 0.218532 -0.975069 -0.038533
vn 0.432744 -0.807444 0.400956
vn 0.531083 -0.428359 0.731067
vn 0.489929 0.063856 0.869421
vn 0.317464 0.543838 0.776825
vn 0.057082 0.879802 0.471900
vn -0.218532 0.975069 0.038533
vn -0.432744 0.807444 -0.400956
vn -0.531083 0.428359 -0.731067
vn -0.489929 -0.063856 -0.869421
vn -0.317464 -0.543838 -0.776825
vn -0.057082 -0.879802 -0.471900
vn 0.377392 -0.923660 -0.066544
vn 0.563956 -0.737307 0.371932
vn 0.603145 -0.360804 0.711362
vn 0.484207 0.114557 0.867422
vn 0.231797 0.566798 0.790576
vn -0.086280 0.864897 0.494478
vn -0.377392 0.923660 0.066544
vn -0.563956 0.737307 -0.371932
vn -0.603145 0.360804 -0.711362
vn -0.484207 -0.114557 -0.867422
vn -0.231797 -0.566798 -0.790576
vn 0.086280 -0.864897 -0.494478
vn 0.523479 -0.847024 -0.092303
vn 0.677188 -0.649057 0.346615
vn 0.657850 -0.285092 0.697105
vn 0.463970 0.162377 0.870842
vn 0.137114 0.574655 0.806828
vn -0.228097 0.825443 0.516348
vn -0.523479 0.847024 0.092303
vn -0.677188 0.649057 -0.346615
vn -0.657850 0.285092 -0.697105
vn -0.463970 -0.162377 -0.870842
vn -0.137114 -0.574655 -0.806828
vn 0.228097 -0.825443 -0.516348
vn 0.652091 -0.749371 -0.114981
vn 0.770480 -0.547836 0.325939
vn 0.695186 -0.205795 0.688742
vn 0.430864 0.203155 0.879252
vn 0.037628 0.564431 0.824622
vn -0.362327 0.762018 0.536700
vn -0.652091 0.749371 0.114981
vn -0.770480 0.547836 -0.325939
vn -0.695186 0.205795 -0.688742
vn -0.430864 -0.203155 -0.879252
vn -0.037628 -0.564431 -0.824622
vn 0.362327 -0.762018 -0.536700
vn 0.760287 -0.635604 -0.134059
vn 0.843386 -0.438576 0.310406
vn 0.716202 -0.127125 0.686217
vn 0.387645 0.233260 0.891808
vn -0.061589 0.534474 0.842938
vn -0.483559 0.676897 0.554961
vn -0.760287 0.635604 0.134059
vn -0.843386 0.438576 -0.310406
vn -0.716202 0.127125 -0.686217
vn -0.387645 -0.233260 -0.891808
vn 0.061589 -0.534474 -0.842938
vn 0.483559 -0.676897 -0.554961
vn 0.846749 -0.510611 -0.149305
vn 0.896593 -0.325654 0.300116
vn 0.722822 -0.052752 0.689018
vn 0.338033 0.249899 0.907350
vn -0.155136 0.484660 0.860835
vn -0.587550 0.573546 0.570815
vn -0.846749 0.510611 0.149305
vn -0.896593 0.325654 -0.300116
vn -0.722822 0.052752 -0.689018
vn -0.338033 -0.249899 -0.907350
vn 0.155136 -0.484660 -0.860835
vn 0.587550 -0.573546 -0.570815
vn 0.911417 -0.378804 -0.160707
vn 0.931564 -0.212758 0.294826
vn 0.717671 0.014317 0.696235
vn 0.286459 0.251383 0.924526
vn -0.237867 0.416331 0.877547
vn -0.671430 0.456015 0.584151
vn -0.911417 0.378804 0.160707
vn -0.931564 0.212758 -0.294826
vn -0.717671 -0.014317 -0.696235
vn -0.286459 -0.251383 -0.924526
vn 0.237867 -0.416331 -0.877547
vn 0.671430 -0.456015 -0.584151
vn 0.955059 -0.243932 -0.168403
vn 0.950247 -0.102892 0.294013
vn 0.703914 0.071855 0.706641
vn 0.237691 0.237296 0.941910
vn -0.305359 0.332019 0.892479
vn -0.733596 0.328405 0.594968
vn -0.955059 0.243932 0.168403
vn -0.950247 0.102892 -0.294013
vn -0.703914 -0.071855 -0.706641
vn -0.237691 -0.237296 -0.941910
vn 0.305359 -0.332019 -0.892479
vn 0.733596 -0.328405 -0.594968
vn 0.978929 -0.109105 -0.172612
vn 0.954900 0.001568 0.296925
vn 0.685064 0.118511 0.718779
vn 0.196396 0.208521 0.958096
vn -0.354183 0.235064 0.905152
vn -0.773437 0.194568 0.603273
vn -0.978929 0.109105 0.172612
vn -0.954900 -0.001568 -0.296925
vn -0.685064 -0.118511 -0.718779
vn -0.196396 -0.208521 -0.958096
vn 0.354183 -0.235064 -0.905152
vn 0.773437 -0.194568 -0.603273
vn 0.984545 0.023080 -0.173602
vn 0.947973 0.098809 0.302629
vn 0.664744 0.153873 0.731053
vn 0.166715 0.167120 0.971739
vn -0.381986 0.129248 0.915086
vn -0.791052 0.057999 0.608993
vn -0.984545 -0.023080 0.173602
vn -0.947973 -0.098809 -0.302629
vn -0.664744 -0.153873 -0.731053
vn -0.166715 -0.167120 -0.971739
vn 0.381986 -0.129248 -0.915086
vn 0.791052 -0.057999 -0.608993
vn 0.973608 0.150387 -0.171673
vn 0.932037 0.187546 0.310055
vn 0.646403 0.178464 0.741831
vn 0.151889 0.116092 0.981556
vn -0.387472 0.018545 0.921695
vn -0.787046 -0.078104 0.611930
vn -0.973608 -0.150387 0.171673
vn -0.932037 -0.187546 -0.310055
vn -0.646403 -0.178464 -0.741831
vn -0.151889 -0.116092 -0.981556
vn 0.387472 -0.018545 -0.921695
vn 0.787046 0.078104 -0.611930
vn 0.948008 0.270812 -0.167159
vn 0.909704 0.266993 0.318045
vn 0.633008 0.193648 0.749534
vn 0.153975 0.059073 0.986307
vn -0.370371 -0.093015 0.924215
vn -0.762479 -0.210707 0.611742
vn -0.948008 -0.270812 0.167159
vn -0.909704 -0.266993 -0.318045
vn -0.633008 -0.193648 -0.749534
vn -0.153975 -0.059073 -0.986307
vn 0.370371 0.093015 -0.924215
vn 0.762479 0.210707 -0.611742
vn 0.909912 0.382515 -0.160442
vn 0.883542 0.336835 0.325418
vn 0.626750 0.201418 0.752738
vn 0.173648 0.000000 0.984808
vn -0.331501 -0.201418 0.921704
vn -0.718958 -0.336835 0.607982
vn -0.909912 -0.382515 0.160442
vn -0.883542 -0.336835 -0.325418
vn -0.626750 -0.201418 -0.752738
vn -0.173648 -0.000000 -0.984808
vn 0.331501 0.201418 -0.921704
vn 0.718958 0.336835 -0.607982
vn 0.861872 0.483820 -0.151971
vn 0.855960 0.397163 0.331050
vn 0.628829 0.204098 0.750278
vn 0.210063 -0.057244 0.976011
vn -0.272916 -0.302775 0.913151
vn -0.658846 -0.453539 0.600186
vn -0.861872 -0.483820 0.151971
vn -0.855960 -0.397163 -0.331050
vn -0.628829 -0.204098 -0.750278
vn -0.210063 0.057244 -0.976011
vn 0.272916 0.302775 -0.913151
vn 0.658846 0.453539 -0.600186
vn 0.806910 0.573282 -0.142280
vn 0.829114 0.448366 0.333974
vn 0.639342 0.203975 0.741374
vn 0.260812 -0.109222 0.959191
vn -0.198105 -0.393543 0.897707
vn -0.585513 -0.558031 0.588027
vn -0.806910 -0.573282 0.142280
vn -0.829114 -0.448366 -0.333974
vn -0.639342 -0.203975 -0.741374
vn -0.260812 0.109222 -0.959191
vn 0.198105 0.393543 -0.897707
vn 0.585513 0.558031 -0.588027
vn 0.748551 0.649808 -0.131990
vn 0.804817 0.490976 0.333485
vn 0.657314 0.202916 0.725785
vn 0.322029 -0.153370 0.934224
vn -0.112079 -0.470916 0.875030
vn -0.503505 -0.647965 0.571510
vn -0.748551 -0.649808 0.131990
vn -0.804817 -0.490976 -0.333485
vn -0.657314 -0.202916 -0.725785
vn -0.322029 0.153370 -0.934224
vn 0.112079 0.470916 -0.875030
vn 0.503505 0.647965 -0.571510
vn 0.690735 0.712777 -0.121795
vn 0.784503 0.525489 0.329267
vn 0.680882 0.202039 0.703975
vn 0.388709 -0.188390 0.901895
vn -0.021197 -0.533308 0.845656
vn -0.418496 -0.721846 0.551181
vn -0.690735 -0.712777 0.121795
vn -0.784503 -0.525489 -0.329267
vn -0.680882 -0.202039 -0.703975
vn -0.388709 0.188390 -0.901895
vn 0.021197 0.533308 -0.845656
vn 0.418496 0.721846 -0.551181
vn 0.637572 0.762144 -0.112421
vn 0.769193 0.552246 0.321506
vn 0.707597 0.201544 0.677264
vn 0.455268 -0.214468 0.864138
vn 0.067396 -0.580734 0.811299
vn -0.336890 -0.779379 0.528275
vn -0.637572 -0.762144 0.112421
vn -0.769193 -0.552246 -0.321506
vn -0.707597 -0.201544 -0.677264
vn -0.455268 0.214468 -0.864138
vn -0.067396 0.580734 -0.811299
vn 0.336890 0.779379 -0.528275
vn 0.592878 0.798478 -0.104540
vn 0.759435 0.571438 0.310993
vn 0.734767 0.200827 0.647908
vn 0.516252 -0.233122 0.824098
vn 0.146688 -0.614825 0.774902
vn -0.265043 -0.821587 0.504724
vn -0.592878 -0.798478 0.104540
vn -0.759435 -0.571438 -0.310993
vn -0.734767 -0.200827 -0.647908
vn -0.516252 0.233122 -0.824098
vn -0.146688 0.614825 -0.774902
vn 0.265043 0.821587 -0.504724
vn 0.559483 0.822950 -0.098652
vn 0.755112 0.583355 0.299171
vn 0.759734 0.198980 0.619040
vn 0.567051 -0.246554 0.785916
vn 0.210890 -0.638266 0.740366
vn -0.208172 -0.850541 0.482954
vn -0.559483 -0.822950 0.098652
vn -0.755112 -0.583355 -0.299171
vn -0.759734 -0.198980 -0.619040
vn -0.567051 0.246554 -0.785916
vn -0.210890 0.638266 -0.740366
vn 0.208172 0.850541 -0.482954
vn 0.538351 0.837357 -0.094926
vn 0.755119 0.588909 0.288066
vn 0.780018 0.195670 0.594378
vn 0.604455 -0.256557 0.754197
vn 0.256459 -0.653753 0.711924
vn -0.169149 -0.868755 0.465460
vn -0.538351 -0.837357 0.094926
vn -0.755119 -0.588909 -0.288066
vn -0.780018 -0.195670 -0.594378
vn -0.604455 0.256557 -0.754197
vn -0.256459 0.653753 -0.711924
vn 0.169149 0.868755 -0.465460
vn 0.527819 0.844243 -0.093069
vn 0.757048 0.590304 0.280034
vn 0.793351 0.192113 0.577656
vn 0.626975 -0.263365 0.733172
vn 0.282804 -0.662886 0.693256
vn -0.147526 -0.878591 0.454218
vn -0.527819 -0.844243 0.093069
vn -0.757048 -0.590304 -0.280034
vn -0.793351 -0.192113 -0.577656
vn -0.626975 0.263365 -0.733172
vn -0.282804 0.662886 -0.693256
vn 0.147526 0.878591 -0.454218
vn 0.523479 0.847024 -0.092303
vn 0.757211 0.591389 0.277291
vn 0.797724 0.191529 0.571798
vn 0.634858 -0.265154 0.725706
vn 0.292385 -0.665707 0.686545
vn -0.139332 -0.882030 0.450121
vn -0.523479 -0.847024 0.092303
vn -0.757211 -0.591389 -0.277291
vn -0.797724 -0.191529 -0.571798
vn -0.634858 0.265154 -0.725706
vn -0.292385 0.665707 -0.686545
vn 0.139332 0.882030 -0.450121
vn 0.519121 0.849785 -0.091535
vn 0.751194 0.597116 0.281352
vn 0.791431 0.198431 0.578154
vn 0.629643 -0.258775 0.732520
vn 0.289860 -0.661276 0.691878
vn -0.138128 -0.880899 0.452700
vn -0.519121 -0.849785 0.091535
vn -0.751194 -0.597116 -0.281352
vn -0.791431 -0.198431 -0.578154
vn -0.629643 0.258775 -0.732520
vn -0.289860 0.661276 -0.691878
vn 0.138128 0.880899 -0.452700
vn 0.508398 0.856443 -0.089644
vn 0.734680 0.612038 0.292668
vn 0.773003 0.216848 0.596191
vn 0.613252 -0.241492 0.752066
vn 0.280398 -0.648923 0.707302
vn -0.137053 -0.877116 0.460308
vn -0.508398 -0.856443 0.089644
vn -0.734680 -0.612038 -0.292668
vn -0.773003 -0.216848 -0.596191
vn -0.613252 0.241492 -0.752066
vn -0.280398 0.648923 -0.707302
vn 0.137053 0.877116 -0.460308
vn 0.486232 0.869614 -0.085736
vn 0.704022 0.638623 0.310668
vn 0.740987 0.248501 0.623847
vn 0.587015 -0.212621 0.781156
vn 0.268002 -0.629239 0.729543
vn -0.130732 -0.872578 0.470656
vn -0.486232 -0.869614 0.085736
vn -0.704022 -0.638623 -0.310668
vn -0.740987 -0.248501 -0.623847
vn -0.587015 0.212621 -0.781156
vn -0.268002 0.629239 -0.729543
vn 0.130732 0.872578 -0.470656
vn 0.449308 0.889857 -0.079225
vn 0.656420 0.676370 0.334120
vn 0.693856 0.291984 0.658262
vn 0.551291 -0.174117 0.815942
vn 0.254831 -0.604238 0.754956
vn -0.116018 -0.868793 0.481392
vn -0.449308 -0.889857 0.079225
vn -0.656420 -0.676370 -0.334120
vn -0.693856 -0.291984 -0.658262
vn -0.551291 0.174117 -0.815942
vn -0.254831 0.604238 -0.754956
vn 0.116018 0.868793 -0.481392
vn 0.395858 0.915655 -0.069800
vn 0.589954 0.721975 0.361533
vn 0.630268 0.343104 0.696450
vn 0.505876 -0.130089 0.852740
vn 0.241658 -0.576887 0.780258
vn -0.091588 -0.866619 0.490492
vn -0.395858 -0.915655 0.069800
vn -0.589954 -0.721975 -0.361533
vn -0.630268 -0.343104 -0.696450
vn -0.505876 0.130089 -0.852740
vn -0.241658 0.576887 -0.780258
vn 0.091588 0.866619 -0.490492
vn 0.325275 0.943878 -0.057355
vn 0.503724 0.770104 0.391409
vn 0.549623 0.395849 0.735675
vn 0.450828 -0.085803 0.888478
vn 0.228822 -0.550422 0.802917
vn -0.057117 -0.866186 0.496447
vn -0.325275 -0.943878 0.057355
vn -0.503724 -0.770104 -0.391409
vn -0.549623 -0.395849 -0.735675
vn -0.450828 0.085803 -0.888478
vn -0.228822 0.550422 -0.802917
vn 0.057117 0.866186 -0.496447
vn 0.237892 0.970385 -0.041947
vn 0.398130 0.814328 0.422329
vn 0.452650 0.443489 0.773580
vn 0.387180 -0.046648 0.920823
vn 0.217010 -0.527728 0.821224
vn -0.012618 -0.866930 0.498271
vn -0.237892 -0.970385 0.041947
vn -0.398130 -0.814328 -0.422329
vn -0.452650 -0.443489 -0.773580
vn -0.387180 0.046648 -0.920823
vn -0.217010 0.527728 -0.821224
vn 0.012618 0.866930 -0.498271
vn 0.134958 0.990565 -0.023797
vn 0.275164 0.848007 0.452955
vn 0.341788 0.479560 0.808209
vn 0.317271 -0.017307 0.948177
vn 0.207594 -0.510873 0.834214
vn 0.041850 -0.867629 0.495448
vn -0.134958 -0.990565 0.023797
vn -0.275164 -0.848007 -0.452955
vn -0.341788 -0.479560 -0.808209
vn -0.317271 0.017307 -0.948177
vn -0.207594 0.510873 -0.834214
vn -0.041850 0.867629 -0.495448
vn 0.018715 0.999819 -0.003300
vn 0.138551 0.865124 0.482041
vn 0.221225 0.498712 0.838061
vn 0.244647 -0.001167 0.969612
vn 0.202554 -0.500825 0.841514
vn 0.106162 -0.866451 0.487845
vn -0.018715 -0.999819 0.003300
vn -0.138551 -0.865124 -0.482041
vn -0.221225 -0.498712 -0.838061
vn -0.244647 0.001167 -0.969612
vn -0.202554 0.500825 -0.841514
vn -0.106162 0.866451 -0.487845
vn -0.107561 0.994018 0.018966
vn -0.006407 0.861042 0.508494
vn 0.096532 0.497351 0.862162
vn 0.173648 0.000000 0.984808
vn 0.204167 -0.497351 0.843183
vn 0.179936 -0.861042 0.475637
vn 0.107561 -0.994018 -0.018966
vn 0.006407 -0.861042 -0.508494
vn -0.096532 -0.497351 -0.862162
vn -0.173648 -0.000000 -0.984808
vn -0.204167 0.497351 -0.843183
vn -0.179936 0.861042 -0.475637
vn -0.239646 0.969940 0.042256
vn -0.153346 0.833079 0.531474
vn -0.026012 0.473995 0.880143
vn 0.108848 -0.013889 0.993961
vn 0.214597 -0.499058 0.839577
vn 0.262287 -0.848700 0.459253
vn 0.239646 -0.969940 -0.042256
vn 0.153346 -0.833079 -0.531474
vn 0.026012 -0.473995 -0.880143
vn -0.108848 0.013889 -0.993961
vn -0.214597 0.499058 -0.839577
vn -0.262287 0.848700 -0.459253
vn -0.372659 0.925639 0.065710
vn -0.295614 0.780754 0.550486
vn -0.140243 0.429261 0.892226
vn 0.054483 -0.041378 0.997657
vn 0.235510 -0.503572 0.831234
vn 0.351627 -0.826636 0.439354
vn 0.372659 -0.925639 -0.065710
vn 0.295614 -0.780754 -0.550486
vn 0.140243 -0.429261 -0.892226
vn -0.054483 0.041378 -0.997657
vn -0.235510 0.503572 -0.831234
vn -0.351627 0.826636 -0.439354
vn -0.501502 0.860626 0.088428
vn -0.427101 0.705608 0.565422
vn -0.240832 0.365507 0.899113
vn 0.014007 -0.079772 0.996715
vn 0.267749 -0.507791 0.818815
vn 0.445580 -0.792292 0.416812
vn 0.501502 -0.860626 -0.088428
vn 0.427101 -0.705608 -0.565422
vn 0.240832 -0.365507 -0.899113
vn -0.014007 0.079772 -0.996715
vn -0.267749 0.507791 -0.818815
vn -0.445580 0.792292 -0.416812
vn -0.621358 0.775829 0.109562
vn -0.542854 0.610696 0.576507
vn -0.323722 0.286288 0.901800
vn -0.010199 -0.125491 0.992042
vn 0.311114 -0.508213 0.803074
vn 0.541046 -0.743682 0.392690
vn 0.621358 -0.775829 -0.109562
vn 0.542854 -0.610696 -0.576507
vn 0.323722 -0.286288 -0.901800
vn 0.010199 0.125491 -0.992042
vn -0.311114 0.508213 -0.803074
vn -0.541046 0.743682 -0.392690
vn -0.728116 0.673323 0.128386
vn -0.639361 0.499925 0.584202
vn -0.386270 0.195800 0.901365
vn -0.016974 -0.174426 0.984524
vn 0.364245 -0.501305 0.784869
vn 0.634417 -0.679665 0.368199
vn 0.728116 -0.673323 -0.128386
vn 0.639361 -0.499925 -0.584202
vn 0.386270 -0.195800 -0.901365
vn 0.016974 0.174426 -0.984524
vn -0.364245 0.501305 -0.784869
vn -0.634417 0.679665 -0.368199
vn -0.818600 0.555931 0.144341
vn -0.714504 0.377463 0.589072
vn -0.427151 0.098438 0.898806
vn -0.006432 -0.222273 0.974963
vn 0.424653 -0.483901 0.765186
vn 0.721894 -0.600085 0.344626
vn 0.818600 -0.555931 -0.144341
vn 0.714504 -0.377463 -0.589072
vn 0.427151 -0.098438 -0.898806
vn 0.006432 0.222273 -0.974963
vn -0.424653 0.483901 -0.765186
vn -0.721894 0.600085 -0.344626
vn -0.890603 0.426809 0.157037
vn -0.767299 0.247341 0.591671
vn -0.446185 -0.001474 0.894939
vn 0.020046 -0.264831 0.964086
vn 0.488884 -0.453575 0.745159
vn 0.799821 -0.505764 0.323248
vn 0.890603 -0.426809 -0.157037
vn 0.767299 -0.247341 -0.591671
vn 0.446185 0.001474 -0.894939
vn -0.020046 0.264831 -0.964086
vn -0.488884 0.453575 -0.745159
vn -0.799821 0.505764 -0.323248
vn -0.942746 0.289132 0.166232
vn -0.797589 0.113273 0.592470
vn -0.444166 -0.099827 0.890366
vn 0.059867 -0.298329 0.952584
vn 0.552827 -0.408934 0.726055
vn 0.864958 -0.398338 0.305245
vn 0.942746 -0.289132 -0.166232
vn 0.797589 -0.113273 -0.592470
vn 0.444166 0.099827 -0.890366
vn -0.059867 0.298329 -0.952584
vn -0.552827 0.408934 -0.726055
vn -0.864958 0.398338 -0.305245
vn -0.974267 0.145919 0.171790
vn -0.805792 -0.021362 0.591813
vn -0.422765 -0.192821 0.885489
vn 0.109374 -0.319744 0.941170
vn 0.612105 -0.349775 0.709214
vn 0.914622 -0.280036 0.291627
vn 0.974267 -0.145919 -0.171790
vn 0.805792 0.021362 -0.591813
vn 0.422765 0.192821 -0.885489
vn -0.109374 0.319744 -0.941170
vn -0.612105 0.349775 -0.709214
vn -0.914622 0.280036 -0.291627
f 563//597 576//610 575//609
f 563//597 564//598 576//610
f 564//598 577//611 576//610
f 564//598 565//599 577//611
f 565//599 578//612 577//611
f 565//599 566//600 578//612
f 566//600 579//613 578//612
f 566//600 567//601 579//613
f 567//601 580//614 579//613
f 567//601 568//602 580//614
f 568//602 581//615 580//614
f 568//602 569//603 581//615
f 569//603 582//616 581//615
f 569//603 570//604 582//616
f 570//604 583//617 582//616
f 570//604 571//605 583//617
f 571//605 584//618 583//617
f 571//605 572//606 584//618
f 572//606 585//619 584//618
f 572//606 573//607 585//619
f 573//607 586//620 585//619
f 573//607 574//608 586//620
f 574//608 575//609 586//620
f 574//608 563//597 575//609
f 575//609 588//622 587//621
f 575//609 576//610 588//622
f 576//610 589//623 588//622
f 576//610 577//611 589//623
f 577//611 590//624 589//623
f 577//611 578//612 590//624
f 578//612 591//625 590//624
f 578//612 579//613 591//625
f 579//613 592//626 591//625
f 579//613 580//614 592//626
f 580//614 593//627 592//626
f 580//614 581//615 593//627
f 581//615 594//628 593//627
f 581//615 582//616 594//628
f 582//616 595//629 594//628
f 582//616 583//617 595//629
f 583//617 596//630 595//629
f 583//617 584//618 596//630
f 584//618 597//631 596//630
f 584//618 585//619 597//631
f 585//619 598//632 597//631
f 585//619 586//620 598//632
f 586//620 587//621 598//632
f 586//620 575//609 587//621
f 587//621 600//634 599//633
f 587//621 588//622 600//634
f 588//622 601//635 600//634
f 588//622 589//623 601//635
f 589//623 602//636 601//635
f 589//623 590//624 602//636
f 590//624 603//637 602//636
f 590//624 591//625 603//637
f 591//625 604//638 603//637
f 591//625 592//626 604//638
f 592//626 605//639 604//638
f 592//626 593//627 605//639
f 593//627 606//640 605//639
f 593//627 594//628 606//640
f 594//628 607//641 606//640
f 594//628 595//629 607//641
f 595//629 608//642 607//641
f 595//629 596//630 608//642
f 596//630 609//643 608//642
f 596//630 597//631 609//643
f 597//631 610//644 609//643
f 597//631 598//632 610//644
f 598//632 599//633 610//644
f 598//632 587//621 599//633
f 599//633 612//646 611//645
f 599//633 600//634 612//646
f 600//634 613//647 612//646
f 600//634 601//635 613//647
f 601//635 614//648 613//647
f 601//635 602//636 614//648
f 602//636 615//649 614//648
f 602//636 603//637 615//649
f 603//637 616//650 615//649
f 603//637 604//638 616//650
f 604//638 617//651 616//650
f 604//638 605//639 617//651
f 605//639 618//652 617//651
f 605//639 606//640 618//652
f 606//640 619//653 618//652
f 606//640 607//641 619//653
f 607//641 620//654 619//653
f 607//641 608//642 620//654
f 608//642 621//655 620//654
f 608//642 609//643 621//655
f 609//643 622//656 621//655
f 609//643 610//644 622//656
f 610//644 611//645 622//656
f 610//644 599//633 611//645
f 611//645 624//658 623//657
f 611//645 612//646 624//658
f 612//646 625//659 624//658
f 612//646 613//647 625//659
f 613//647 626//660 625//659
f 613//647 614//648 626//660
f 614//648 627//661 626//660
f 614//648 615//649 627//661
f 615//649 628//662 627//661
f 615//649 616//650 628//662
f 616//650 629//663 628//662
f 616//650 617//651 629//663
f 617//651 630//664 629//663
f 617//651 618//652 630//664
f 618//652 631//665 630//664
f 618//652 619//653 631//665
f 619//653 632//666 631//665
f 619//653 620//654 632//666
f 620//654 633//667 632//666
f 620//654 621//655 633//667
f 621//655 634//668 633//667
f 621//655 622//656 634//668
f 622//656 623//657 634//668
f 622//656 611//645 623//657
f 623//657 636//670 635//669
f 623//657 624//658 636//670
f 624//658 637//671 636//670
f 624//658 625//659 637//671
f 625//659 638//672 637//671
f 625//659 626//660 638//672
f 626//660 639//673 638//672
f 626//660 627//661 639//673
f 627//661 640//674 639//673
f 627//661 628//662 640//674
f 628//662 641//675 640//674
f 628//662 629//663 641//675
f 629//663 642//676 641//675
f 629//663 630//664 642//676
f 630//664 643//677 642//676
f 630//664 631//665 643//677
f 631//665 644//678 643//677
f 631//665 632//666 644//678
f 632//666 645//679 644//678
f 632//666 633//667 645//679
f 633//667 646//680 645//679
f 633//667 634//668 646//680
f 634//668 635//669 646//680
f 634//668 623//657 635//669
f 635//669 648//682 647//681
f 635//669 636//670 648//682
f 636//670 649//683 648//682
f 636//670 637//671 649//683
f 637//671 650//684 649//683
f 637//671 638//672 650//684
f 638//672 651//685 650//684
f 638//672 639//673 651//685
f 639//673 652//686 651//685
f 639//673 640//674 652//686
f 640//674 653//687 652//686
f 640//674 641//675 653//687
f 641//675 654//688 653//687
f 641//675 642//676 654//688
f 642//676 655//689 654//688
f 642//676 643//677 655//689
f 643//677 656//690 655//689
f 643//677 644//678 656//690
f 644//678 657//691 656//690
f 644//678 645//679 657//691
f 645//679 658//692 657//691
f 645//679 646//680 658//692
f 646//680 647//681 658//692
f 646//680 635//669 647//681
f 647//681 660//694 659//693
f 647//681 648//682 660//694
f 648//682 661//695 660//694
f 648//682 649//683 661//695
f 649//683 662//696 661//695
f 649//683 650//684 662//696
f 650//684 663//697 662//696
f 650//684 651//685 663//697
f 651//685 664//698 663//697
f 651//685 652//686 664//698
f 652//686 665//699 664//698
f 652//686 653//687 665//699
f 653//687 666//700 665//699
f 653//687 654//688 666//700
f 654//688 667//701 666//700
f 654//688 655//689 667//701
f 655//689 668//702 667//701
f 655//689 656//690 668//702
f 656//690 669//703 668//702
f 656//690 657//691 669//703
f 657//691 670//704 669//703
f 657//691 658//692 670//704
f 658//692 659//693 670//704
f 658//692 647//681 659//693
f 659//693 672//706 671//705
f 659//693 660//694 672//706
f 660//694 673//707 672//706
f 660//694 661//695 673//707
f 661//695 674//708 673//707
f 661//695 662//696 674//708
f 662//696 675//709 674//708
f 662//696 663//697 675//709
f 663//697 676//710 675//709
f 663//697 664//698 676//710
f 664//698 677//711 676//710
f 664//698 665//699 677//711
f 665//699 678//712 677//711
f 665//699 666//700 678//712
f 666//700 679//713 678//712
f 666//700 667//701 679//713
f 667//701 680//714 679//713
f 667//701 668//702 680//714
f 668//702 681//715 680//714
f 668//702 669//703 681//715
f 669//703 682//716 681//715
f 669//703 670//704 682//716
f 670//704 671//705 682//716
f 670//704 659//693 671//705
f 671//705 684//718 683//717
f 671//705 672//706 684//718
f 672//706 685//719 684//718
f 672//706 673//707 685//719
f 673//707 686//720 685//719
f 673//707 674//708 686//720
f 674//708 687//721 686//720
f 674//708 675//709 687//721
f 675//709 688//722 687//721
f 675//709 676//710 688//722
f 676//710 689//723 688//722
f 676//710 677//711 689//723
f 677//711 690//724 689//723
f 677//711 678//712 690//724
f 678//712 691//725 690//724
f 678//712 679//713 691//725
f 679//713 692//726 691//725
f 679//713 680//714 692//726
f 680//714 693//727 692//726
f 680//714 681//715 693//727
f 681//715 694//728 693//727
f 681//715 682//716 694//728
f 682//716 683//717 694//728
f 682//716 671//705 683//717
f 683//717 696//730 695//729
f 683//717 684//718 696//730
f 684//718 697//731 696//730
f 684//718 685//719 697//731
f 685//719 698//732 697//731
f 685//719 686//720 698//732
f 686//720 699//733 698//732
f 686//720 687//721 699//733
f 687//721 700//734 699//733
f 687//721 688//722 700//734
f 688//722 701//735 700//734
f 688//722 689//723 701//735
f 689//723 702//736 701//735
f 689//723 690//724 702//736
f 690//724 703//737 702//736
f 690//724 691//725 703//737
f 691//725 704//738 703//737
f 691//725 692//726 704//738
f 692//726 705//739 704//738
f 692//726 693//727 705//739
f 693//727 706//740 705//739
f 693//727 694//728 706//740
f 694//728 695//729 706//740
f 694//728 683//717 695//729
f 695//729 708//742 707//741
f 695//729 696//730 708//742
f 696//730 709//743 708//742
f 696//730 697//731 709//743
f 697//731 710//744 709//743
f 697//731 698//732 710//744
f 698//732 711//745 710//744
f 698//732 699//733 711//745
f 699//733 712//746 711//745
f 699//733 700//734 712//746
f 700//734 713//747 712//746
f 700//734 701//735 713//747
f 701//735 714//748 713//747
f 701//735 702//736 714//748
f 702//736 715//749 714//748
f 702//736 703//737 715//749
f 703//737 716//750 715//749
f 703//737 704//738 716//750
f 704//738 717//751 716//750
f 704//738 705//739 717//751
f 705//739 718//752 717//751
f 705//739 706//740 718//752
f 706//740 707//741 718//752
f 706//740 695//729 707//741
f 707//741 720//754 719//753
f 707//741 708//742 720//754
f 708//742 721//755 720//754
f 708//742 709//743 721//755
f 709//743 722//756 721//755
f 709//743 710//744 722//756
f 710//744 723//757 722//756
f 710//744 711//745 723//757
f 711//745 724//758 723//757
f 711//745 712//746 724//758
f 712//746 725//759 724//758
f 712//746 713//747 725//759
f 713//747 726//760 725//759
f 713//747 714//748 726//760
f 714//748 727//761 726//760
f 714//748 715//749 727//761
f 715//749 728//762 727//761
f 715//749 716//750 728//762
f 716//750 729//763 728//762
f 716//750 717//751 729//763
f 717//751 730//764 729//763
f 717//751 718//752 730//764
f 718//752 719//753 730//764
f 718//752 707//741 719//753
f 719//753 732//766 731//765
f 719//753 720//754 732//766
f 720//754 733//767 732//766
f 720//754 721//755 733//767
f 721//755 734//768 733//767
f 721//755 722//756 734//768
f 722//756 735//769 734//768
f 722//756 723//757 735//769
f 723//757 736//770 735//769
f 723//757 724//758 736//770
f 724//758 737//771 736//770
f 724//758 725//759 737//771
f 725//759 738//772 737//771
f 725//759 726//760 738//772
f 726//760 739//773 738//772
f 726//760 727//761 739//773
f 727//761 740//774 739//773
f 727//761 728//762 740//774
f 728//762 741//775 740//774
f 728//762 729//763 741//775
f 729//763 742//776 741//775
f 729//763 730//764 742//776
f 730//764 731//765 742//776
f 730//764 719//753 731//765
f 731//765 744//778 743//777
f 731//765 732//766 744//778
f 732//766 745//779 744//778
f 732//766 733//767 745//779
f 733//767 746//780 745//779
f 733//767 734//768 746//780
f 734//768 747//781 746//780
f 734//768 735//769 747//781
f 735//769 748//782 747//781
f 735//769 736//770 748//782
f 736//770 749//783 748//782
f 736//770 737//771 749//783
f 737//771 750//784 749//783
f 737//771 738//772 750//784
f 738//772 751//785 750//784
f 738//772 739//773 751//785
f 739//773 752//786 751//785
f 739//773 740//774 752//786
f 740//774 753//787 752//786
f 740//774 741//775 753//787
f 741//775 754//788 753//787
f 741//775 742//776 754//788
f 742//776 743//777 754//788
f 742//776 731//765 743//777
f 743//777 756//790 755//789
f 743//777 744//778 756//790
f 744//778 757//791 756//790
f 744//778 745//779 757//791
f 745//779 758//792 757//791
f 745//779 746//780 758//792
f 746//780 759//793 758//792
f 746//780 747//781 759//793
f 747//781 760//794 759//793
f 747//781 748//782 760//794
f 748//782 761//795 760//794
f 748//782 749//783 761//795
f 749//783 762//796 761//795
f 749//783 750//784 762//796
f 750//784 763//797 762//796
f 750//784 751//785 763//797
f 751//785 764//798 763//797
f 751//785 752//786 764//798
f 752//786 765//799 764//798
f 752//786 753//787 765//799
f 753//787 766//800 765//799
f 753//787 754//788 766//800
f 754//788 755//789 766//800
f 754//788 743//777 755//789
f 755//789 768//802 767//801
f 755//789 756//790 768//802
f 756//790 769//803 768//802
f 756//790 757//791 769//803
f 757//791 770//804 769//803
f 757//791 758//792 770//804
f 758//792 771//805 770//804
f 758//792 759//793 771//805
f 759//793 772//806 771//805
f 759//793 760//794 772//806
f 760//794 773//807 772//806
f 760//794 761//795 773//807
f 761//795 774//808 773//807
f 761//795 762//796 774//808
f 762//796 775//809 774//808
f 762//796 763//797 775//809
f 763//797 776//810 775//809
f 763//797 764//798 776//810
f 764//798 777//811 776//810
f 764//798 765//799 777//811
f 765//799 778//812 777//811
f 765//799 766//800 778//812
f 766//800 767//801 778//812
f 766//800 755//789 767//801
f 767//801 780//814 779//813
f 767//801 768//802 780//814
f 768//802 781//815 780//814
f 768//802 769//803 781//815
f 769//803 782//816 781//815
f 769//803 770//804 782//816
f 770//804 783//817 782//816
f 770//804 771//805 783//817
f 771//805 784//818 783//817
f 771//805 772//806 784//818
f 772//806 785//819 784//818
f 772//806 773//807 785//819
f 773//807 786//820 785//819
f 773//807 774//808 786//820
f 774//808 787//821 786//820
f 774//808 775//809 787//821
f 775//809 788//822 787//821
f 775//809 776//810 788//822
f 776//810 789//823 788//822
f 776//810 777//811 789//823
f 777//811 790//824 789//823
f 777//811 778//812 790//824
f 778//812 779//813 790//824
f 778//812 767//801 779//813
f 779//813 792//826 791//825
f 779//813 780//814 792//826
f 780//814 793//827 792//826
f 780//814 781//815 793//827
f 781//815 794//828 793//827
f 781//815 782//816 794//828
f 782//816 795//829 794//828
f 782//816 783//817 795//829
f 783//817 796//830 795//829
f 783//817 784//818 796//830
f 784//818 797//831 796//830
f 784//818 785//819 797//831
f 785//819 798//832 797//831
f 785//819 786//820 798//832
f 786//820 799//833 798//832
f 786//820 787//821 799//833
f 787//821 800//834 799//833
f 787//821 788//822 800//834
f 788//822 801//835 800//834
f 788//822 789//823 801//835
f 789//823 802//836 801//835
f 789//823 790//824 802//836
f 790//824 791//825 802//836
f 790//824 779//813 791//825
f 791//825 804//838 803//837
f 791//825 792//826 804//838
f 792//826 805//839 804//838
f 792//826 793//827 805//839
f 793//827 806//840 805//839
f 793//827 794//828 806//840
f 794//828 807//841 806//840
f 794//828 795//829 807//841
f 795//829 808//842 807//841
f 795//829 796//830 808//842
f 796//830 809//843 808//842
f 796//830 797//831 809//843
f 797//831 810//844 809//843
f 797//831 798//832 810//844
f 798//832 811//845 810//844
f 798//832 799//833 811//845
f 799//833 812//846 811//845
f 799//833 800//834 812//846
f 800//834 813//847 812//846
f 800//834 801//835 813//847
f 801//835 814//848 813//847
f 801//835 802//836 814//848
f 802//836 803//837 814//848
f 802//836 791//825 803//837
f 803//837 816//850 815//849
f 803//837 804//838 816//850
f 804//838 817//851 816//850
f 804//838 805//839 817//851
f 805//839 818//852 817//851
f 805//839 806//840 818//852
f 806//840 819//853 818//852
f 806//840 807//841 819//853
f 807//841 820//854 819//853
f 807//841 808//842 820//854
f 808//842 821//855 820//854
f 808//842 809//843 821//855
f 809//843 822//856 821//855
f 809//843 810//844 822//856
f 810//844 823//857 822//856
f 810//844 811//845 823//857
f 811//845 824//858 823//857
f 811//845 812//846 824//858
f 812//846 825//859 824//858
f 812//846 813//847 825//859
f 813//847 826//860 825//859
f 813//847 814//848 826//860
f 814//848 815//849 826//860
f 814//848 803//837 815//849
f 815//849 828//862 827//861
f 815//849 816//850 828//862
f 816//850 829//863 828//862
f 816//850 817//851 829//863
f 817//851 830//864 829//863
f 817//851 818//852 830//864
f 818//852 831//865 830//864
f 818//852 819//853 831//865
f 819//853 832//866 831//865
f 819//853 820//854 832//866
f 820//854 833//867 832//866
f 820//854 821//855 833//867
f 821//855 834//868 833//867
f 821//855 822//856 834//868
f 822//856 835//869 834//868
f 822//856 823//857 835//869
f 823//857 836//870 835//869
f 823//857 824//858 836//870
f 824//858 837//871 836//870
f 824//858 825//859 837//871
f 825//859 838//872 837//871
f 825//859 826//860 838//872
f 826//860 827//861 838//872
f 826//860 815//849 827//861
f 827//861 840//874 839//873
f 827//861 828//862 840//874
f 828//862 841//875 840//874
f 828//862 829//863 841//875
f 829//863 842//876 841//875
f 829//863 830//864 842//876
f 830//864 843//877 842//876
f 830//864 831//865 843//877
f 831//865 844//878 843//877
f 831//865 832//866 844//878
f 832//866 845//879 844//878
f 832//866 833//867 845//879
f 833//867 846//880 845//879
f 833//867 834//868 846//880
f 834//868 847//881 846//880
f 834//868 835//869 847//881
f 835//869 848//882 847//881
f 835//869 836//870 848//882
f 836//870 849//883 848//882
f 836//870 837//871 849//883
f 837//871 850//884 849//883
f 837//871 838//872 850//884
f 838//872 839//873 850//884
f 838//872 827//861 839//873
f 839//873 852//886 851//885
f 839//873 840//874 852//886
f 840//874 853//887 852//886
f 840//874 841//875 853//887
f 841//875 854//888 853//887
f 841//875 842//876 854//888
f 842//876 855//889 854//888
f 842//876 843//877 855//889
f 843//877 856//890 855//889
f 843//877 844//878 856//890
f 844//878 857//891 856//890
f 844//878 845//879 857//891
f 845//879 858//892 857//891
f 845//879 846//880 858//892
f 846//880 859//893 858//892
f 846//880 847//881 859//893
f 847//881 860//894 859//893
f 847//881 848//882 860//894
f 848//882 861//895 860//894
f 848//882 849//883 861//895
f 849//883 862//896 861//895
f 849//883 850//884 862//896
f 850//884 851//885 862//896
f 850//884 839//873 851//885
f 851//885 864//898 863//897
f 851//885 852//886 864//898
f 852//886 865//899 864//898
f 852//886 853//887 865//899
f 853//887 866//900 865//899
f 853//887 854//888 866//900
f 854//888 867//901 866//900
f 854//888 855//889 867//901
f 855//889 868//902 867//901
f 855//889 856//890 868//902
f 856//890 869//903 868//902
f 856//890 857//891 869//903
f 857//891 870//904 869//903
f 857//891 858//892 870//904
f 858//892 871//905 870//904
f 858//892 859//893 871//905
f 859//893 872//906 871//905
f 859//893 860//894 872//906
f 860//894 873//907 872//906
f 860//894 861//895 873//907
f 861//895 874//908 873//907
f 861//895 862//896 874//908
f 862//896 863//897 874//908
f 862//896 851//885 863//897
f 863//897 876//910 875//909
f 863//897 864//898 876//910
f 864//898 877//911 876//910
f 864//898 865//899 877//911
f 865//899 878//912 877//911
f 865//899 866//900 878//912
f 866//900 879//913 878//912
f 866//900 867//901 879//913
f 867//901 880//914 879//913
f 867//901 868//902 880//914
f 868//902 881//915 880//914
f 868//902 869//903 881//915
f 869//903 882//916 881//915
f 869//903 870//904 882//916
f 870//904 883//917 882//916
f 870//904 871//905 883//917
f 871//905 884//918 883//917
f 871//905 872//906 884//918
f 872//906 885//919 884//918
f 872//906 873//907 885//919
f 873//907 886//920 885//919
f 873//907 874//908 886//920
f 874//908 875//909 886//920
f 874//908 863//897 875//909
f 875//909 888//922 887//921
f 875//909 876//910 888//922
f 876//910 889//923 888//922
f 876//910 877//911 889//923
f 877//911 890//924 889//923
f 877//911 878//912 890//924
f 878//912 891//925 890//924
f 878//912 879//913 891//925
f 879//913 892//926 891//925
f 879//913 880//914 892//926
f 880//914 893//927 892//926
f 880//914 881//915 893//927
f 881//915 894//928 893//927
f 881//915 882//916 894//928
f 882//916 895//929 894//928
f 882//916 883//917 895//929
f 883//917 896//930 895//929
f 883//917 884//918 896//930
f 884//918 897//931 896//930
f 884//918 885//919 897//931
f 885//919 898//932 897//931
f 885//919 886//920 898//932
f 886//920 887//921 898//932
f 886//920 875//909 887//921
f 887//921 900//934 899//933
f 887//921 888//922 900//934
f 888//922 901//935 900//934
f 888//922 889//923 901//935
f 889//923 902//936 901//935
f 889//923 890//924 902//936
f 890//924 903//937 902//936
f 890//924 891//925 903//937
f 891//925 904//938 903//937
f 891//925 892//926 904//938
f 892//926 905//939 904//938
f 892//926 893//927 905//939
f 893//927 906//940 905//939
f 893//927 894//928 906//940
f 894//928 907//941 906//940
f 894//928 895//929 907//941
f 895//929 908//942 907//941
f 895//929 896//930 908//942
f 896//930 909//943 908//942
f 896//930 897//931 909//943
f 897//931 910//944 909//943
f 897//931 898//932 910//944
f 898//932 899//933 910//944
f 898//932 887//921 899//933
f 899//933 912//946 911//945
f 899//933 900//934 912//946
f 900//934 913//947 912//946
f 900//934 901//935 913//947
f 901//935 914//948 913//947
f 901//935 902//936 914//948
f 902//936 915//949 914//948
f 902//936 903//937 915//949
f 903//937 916//950 915//949
f 903//937 904//938 916//950
f 904//938 917//951 916//950
f 904//938 905//939 917//951
f 905//939 918//952 917//951
f 905//939 906//940 918//952
f 906//940 919//953 918//952
f 906//940 907//941 919//953
f 907//941 920//954 919//953
f 907//941 908//942 920//954
f 908//942 921//955 920//954
f 908//942 909//943 921//955
f 909//943 922//956 921//955
f 909//943 910//944 922//956
f 910//944 911//945 922//956
f 910//944 899//933 911//945
f 911//945 924//958 923//957
f 911//945 912//946 924//958
f 912//946 925//959 924//958
f 912//946 913//947 925//959
f 913//947 926//960 925//959
f 913//947 914//948 926//960
f 914//948 927//961 926//960
f 914//948 915//949 927//961
f 915//949 928//962 927//961
f 915//949 916//950 928//962
f 916//950 929//963 928//962
f 916//950 917//951 929//963
f 917//951 930//964 929//963
f 917//951 918//952 930//964
f 918//952 931//965 930//964
f 918//952 919//953 931//965
f 919//953 932//966 931//965
f 919//953 920//954 932//966
f 920//954 933//967 932//966
f 920//954 921//955 933//967
f 921//955 934//968 933//967
f 921//955 922//956 934//968
f 922//956 923//957 934//968
f 922//956 911//945 923//957
f 923//957 936//970 935//969
f 923//957 924//958 936//970
f 924//958 937//971 936//970
f 924//958 925//959 937//971
f 925//959 938//972 937//971
f 925//959 926//960 938//972
f 926//960 939//973 938//972
f 926//960 927//961 939//973
f 927//961 940//974 939//973
f 927//961 928//962 940//974
f 928//962 941//975 940//974
f 928//962 929//963 941//975
f 929//963 942//976 941//975
f 929//963 930//964 942//976
f 930//964 943//977 942//976
f 930//964 931//965 943//977
f 931//965 944//978 943//977
f 931//965 932//966 944//978
f 932//966 945//979 944//978
f 932//966 933//967 945//979
f 933//967 946//980 945//979
f 933//967 934//968 946//980
f 934//968 935//969 946//980
f 934//968 923//957 935//969
f 935//969 948//982 947//981
f 935//969 936//970 948//982
f 936//970 949//983 948//982
f 936//970 937//971 949//983
f 937//971 950//984 949//983
f 937//971 938//972 950//984
f 938//972 951//985 950//984
f 938//972 939//973 951//985
f 939//973 952//986 951//985
f 939//973 940//974 952//986
f 940//974 953//987 952//986
f 940//974 941//975 953//987
f 941//975 954//988 953//987
f 941//975 942//976 954//988
f 942//976 955//989 954//988
f 942//976 943//977 955//989
f 943//977 956//990 955//989
f 943//977 944//978 956//990
f 944//978 957//991 956//990
f 944//978 945//979 957//991
f 945//979 958//992 957//991
f 945//979 946//980 958//992
f 946//980 947//981 958//992
f 946//980 935//969 947//981
f 947//981 960//994 959//993
f 947//981 948//982 960//994
f 948//982 961//995 960//994
f 948//982 949//983 961//995
f 949//983 962//996 961//995
f 949//983 950//984 962//996
f 950//984 963//997 962//996
f 950//984 951//985 963//997
f 951//985 964//998 963//997
f 951//985 952//986 964//998
f 952//986 965//999 964//998
f 952//986 953//987 965//999
f 953//987 966//1000 965//999
f 953//987 954//988 966//1000
f 954//988 967//1001 966//1000
f 954//988 955//989 967//1001
f 955//989 968//1002 967//1001
f 955//989 956//990 968//1002
f 956//990 969//1003 968//1002
f 956//990 957//991 969//1003
f 957//991 970//1004 969//1003
f 957//991 958//992 970//1004
f 958//992 959//993 970//1004
f 958//992 947//981 959//993
f 959//993 972//1006 971//1005
f 959//993 960//994 972//1006
f 960//994 973//1007 972//1006
f 960//994 961//995 973//1007
f 961//995 974//1008 973//1007
f 961//995 962//996 974//1008
f 962//996 975//1009 974//1008
f 962//996 963//997 975//1009
f 963//997 976//1010 975//1009
f 963//997 964//998 976//1010
f 964//998 977//1011 976//1010
f 964//998 965//999 977//1011
f 965//999 978//1012 977//1011
f 965//999 966//1000 978//1012
f 966//1000 979//1013 978//1012
f 966//1000 967//1001 979//1013
f 967//1001 980//1014 979//1013
f 967//1001 968//1002 980//1014
f 968//1002 981//1015 980//1014
f 968//1002 969//1003 981//1015
f 969//1003 982//1016 981//1015
f 969//1003 970//1004 982//1016
f 970//1004 971//1005 982//1016
f 970//1004 959//993 971//1005
f 971//1005 984//1018 983//1017
f 971//1005 972//1006 984//1018
f 972//1006 985//1019 984//1018
f 972//1006 973//1007 985//1019
f 973//1007 986//1020 985//1019
f 973//1007 974//1008 986//1020
f 974//1008 987//1021 986//1020
f 974//1008 975//1009 987//1021
f 975//1009 988//1022 987//1021
f 975//1009 976//1010 988//1022
f 976//1010 989//1023 988//1022
f 976//1010 977//1011 989//1023
f 977//1011 990//1024 989//1023
f 977//1011 978//1012 990//1024
f 978//1012 991//1025 990//1024
f 978//1012 979//1013 991//1025
f 979//1013 992//1026 991//1025
f 979//1013 980//1014 992//1026
f 980//1014 993//1027 992//1026
f 980//1014 981//1015 993//1027
f 981//1015 994//1028 993//1027
f 981//1015 982//1016 994//1028
f 982//1016 983//1017 994//1028
f 982//1016 971//1005 983//1017
f 983//1017 996//1030 995//1029
f 983//1017 984//1018 996//1030
f 984//1018 997//1031 996//1030
f 984//1018 985//1019 997//1031
f 985//1019 998//1032 997//1031
f 985//1019 986//1020 998//1032
f 986//1020 999//1033 998//1032
f 986//1020 987//1021 999//1033
f 987//1021 1000//1034 999//1033
f 987//1021 988//1022 1000//1034
f 988//1022 1001//1035 1000//1034
f 988//1022 989//1023 1001//1035
f 989//1023 1002//1036 1001//1035
f 989//1023 990//1024 1002//1036
f 990//1024 1003//1037 1002//1036
f 990//1024 991//1025 1003//1037
f 991//1025 1004//1038 1003//1037
f 991//1025 992//1026 1004//1038
f 992//1026 1005//1039 1004//1038
f 992//1026 993//1027 1005//1039
f 993//1027 1006//1040 1005//1039
f 993//1027 994//1028 1006//1040
f 994//1028 995//1029 1006//1040
f 994//1028 983//1017 995//1029
f 995//1029 1008//1042 1007//1041
f 995//1029 996//1030 1008//1042
f 996//1030 1009//1043 1008//1042
f 996//1030 997//1031 1009//1043
f 997//1031 1010//1044 1009//1043
f 997//1031 998//1032 1010//1044
f 998//1032 1011//1045 1010//1044
f 998//1032 999//1033 1011//1045
f 999//1033 1012//1046 1011//1045
f 999//1033 1000//1034 1012//1046
f 1000//1034 1013//1047 1012//1046
f 1000//1034 1001//1035 1013//1047
f 1001//1035 1014//1048 1013//1047
f 1001//1035 1002//1036 1014//1048
f 1002//1036 1015//1049 1014//1048
f 1002//1036 1003//1037 1015//1049
f 1003//1037 1016//1050 1015//1049
f 1003//1037 1004//1038 1016//1050
f 1004//1038 1017//1051 1016//1050
f 1004//1038 1005//1039 1017//1051
f 1005//1039 1018//1052 1017//1051
f 1005//1039 1006//1040 1018//1052
f 1006//1040 1007//1041 1018//1052
f 1006//1040 995//1029 1007//1041
f 1007//1041 1020//1054 1019//1053
f 1007//1041 1008//1042 1020//1054
f 1008//1042 1021//1055 1020//1054
f 1008//1042 1009//1043 1021//1055
f 1009//1043 1022//1056 1021//1055
f 1009//1043 1010//1044 1022//1056
f 1010//1044 1023//1057 1022//1056
f 1010//1044 1011//1045 1023//1057
f 1011//1045 1024//1058 1023//1057
f 1011//1045 1012//1046 1024//1058
f 1012//1046 1025//1059 1024//1058
f 1012//1046 1013//1047 1025//1059
f 1013//1047 1026//1060 1025//1059
f 1013//1047 1014//1048 1026//1060
f 1014//1048 1027//1061 1026//1060
f 1014//1048 1015//1049 1027//1061
f 1015//1049 1028//1062 1027//1061
f 1015//1049 1016//1050 1028//1062
f 1016//1050 1029//1063 1028//1062
f 1016//1050 1017//1051 1029//1063
f 1017//1051 1030//1064 1029//1063
f 1017//1051 1018//1052 1030//1064
f 1018//1052 1019//1053 1030//1064
f 1018//1052 1007//1041 1019//1053
f 1019//1053 1032//1066 1031//1065
f 1019//1053 1020//1054 1032//1066
f 1020//1054 1033//1067 1032//1066
f 1020//1054 1021//1055 1033//1067
f 1021//1055 1034//1068 1033//1067
f 1021//1055 1022//1056 1034//1068
f 1022//1056 1035//1069 1034//1068
f 1022//1056 1023//1057 1035//1069
f 1023//1057 1036//1070 1035//1069
f 1023//1057 1024//1058 1036//1070
f 1024//1058 1037//1071 1036//1070
f 1024//1058 1025//1059 1037//1071
f 1025//1059 1038//1072 1037//1071
f 1025//1059 1026//1060 1038//1072
f 1026//1060 1039//1073 1038//1072
f 1026//1060 1027//1061 1039//1073
f 1027//1061 1040//1074 1039//1073
f 1027//1061 1028//1062 1040//1074
f 1028//1062 1041//1075 1040//1074
f 1028//1062 1029//1063 1041//1075
f 1029//1063 1042//1076 1041//1075
f 1029//1063 1030//1064 1042//1076
f 1030//1064 1031//1065 1042//1076
f 1030//1064 1019//1053 1031//1065
f 1031//1065 1044//1078 1043//1077
f 1031//1065 1032//1066 1044//1078
f 1032//1066 1045//1079 1044//1078
f 1032//1066 1033//1067 1045//1079
f 1033//1067 1046//1080 1045//1079
f 1033//1067 1034//1068 1046//1080
f 1034//1068 1047//1081 1046//1080
f 1034//1068 1035//1069 1047//1081
f 1035//1069 1048//1082 1047//1081
f 1035//1069 1036//1070 1048//1082
f 1036//1070 1049//1083 1048//1082
f 1036//1070 1037//1071 1049//1083
f 1037//1071 1050//1084 1049//1083
f 1037//1071 1038//1072 1050//1084
f 1038//1072 1051//1085 1050//1084
f 1038//1072 1039//1073 1051//1085
f 1039//1073 1052//1086 1051//1085
f 1039//1073 1040//1074 1052//1086
f 1040//1074 1053//1087 1052//1086
f 1040//1074 1041//1075 1053//1087
f 1041//1075 1054//1088 1053//1087
f 1041//1075 1042//1076 1054//1088
f 1042//1076 1043//1077 1054//1088
f 1042//1076 1031//1065 1043//1077
f 1043//1077 1056//1090 1055//1089
f 1043//1077 1044//1078 1056//1090
f 1044//1078 1057//1091 1056//1090
f 1044//1078 1045//1079 1057//1091
f 1045//1079 1058//1092 1057//1091
f 1045//1079 1046//1080 1058//1092
f 1046//1080 1059//1093 1058//1092
f 1046//1080 1047//1081 1059//1093
f 1047//1081 1060//1094 1059//1093
f 1047//1081 1048//1082 1060//1094
f 1048//1082 1061//1095 1060//1094
f 1048//1082 1049//1083 1061//1095
f 1049//1083 1062//1096 1061//1095
f 1049//1083 1050//1084 1062//1096
f 1050//1084 1063//1097 1062//1096
f 1050//1084 1051//1085 1063//1097
f 1051//1085 1064//1098 1063//1097
f 1051//1085 1052//1086 1064//1098
f 1052//1086 1065//1099 1064//1098
f 1052//1086 1053//1087 1065//1099
f 1053//1087 1066//1100 1065//1099
f 1053//1087 1054//1088 1066//1100
f 1054//1088 1055//1089 1066//1100
f 1054//1088 1043//1077 1055//1089
f 1055//1089 1068//1102 1067//1101
f 1055//1089 1056//1090 1068//1102
f 1056//1090 1069//1103 1068//1102
f 1056//1090 1057//1091 1069//1103
f 1057//1091 1070//1104 1069//1103
f 1057//1091 1058//1092 1070//1104
f 1058//1092 1071//1105 1070//1104
f 1058//1092 1059//1093 1071//1105
f 1059//1093 1072//1106 1071//1105
f 1059//1093 1060//1094 1072//1106
f 1060//1094 1073//1107 1072//1106
f 1060//1094 1061//1095 1073//1107
f 1061//1095 1074//1108 1073//1107
f 1061//1095 1062//1096 1074//1108
f 1062//1096 1075//1109 1074//1108
f 1062//1096 1063//1097 1075//1109
f 1063//1097 1076//1110 1075//1109
f 1063//1097 1064//1098 1076//1110
f 1064//1098 1077//1111 1076//1110
f 1064//1098 1065//1099 1077//1111
f 1065//1099 1078//1112 1077//1111
f 1065//1099 1066//1100 1078//1112
f 1066//1100 1067//1101 1078//1112
f 1066//1100 1055//1089 1067//1101
f 1067//1101 1080//1114 1079//1113
f 1067//1101 1068//1102 1080//1114
f 1068//1102 1081//1115 1080//1114
f 1068//1102 1069//1103 1081//1115
f 1069//1103 1082//1116 1081//1115
f 1069//1103 1070//1104 1082//1116
f 1070//1104 1083//1117 1082//1116
f 1070//1104 1071//1105 1083//1117
f 1071//1105 1084//1118 1083//1117
f 1071//1105 1072//1106 1084//1118
f 1072//1106 1085//1119 1084//1118
f 1072//1106 1073//1107 1085//1119
f 1073//1107 1086//1120 1085//1119
f 1073//1107 1074//1108 1086//1120
f 1074//1108 1087//1121 1086//1120
f 1074//1108 1075//1109 1087//1121
f 1075//1109 1088//1122 1087//1121
f 1075//1109 1076//1110 1088//1122
f 1076//1110 1089//1123 1088//1122
f 1076//1110 1077//1111 1089//1123
f 1077//1111 1090//1124 1089//1123
f 1077//1111 1078//1112 1090//1124
f 1078//1112 1079//1113 1090//1124
f 1078//1112 1067//1101 1079//1113
f 1079//1113 1092//1126 1091//1125
f 1079//1113 1080//1114 1092//1126
f 1080//1114 1093//1127 1092//1126
f 1080//1114 1081//1115 1093//1127
f 1081//1115 1094//1128 1093//1127
f 1081//1115 1082//1116 1094//1128
f 1082//1116 1095//1129 1094//1128
f 1082//1116 1083//1117 1095//1129
f 1083//1117 1096//1130 1095//1129
f 1083//1117 1084//1118 1096//1130
f 1084//1118 1097//1131 1096//1130
f 1084//1118 1085//1119 1097//1131
f 1085//1119 1098//1132 1097//1131
f 1085//1119 1086//1120 1098//1132
f 1086//1120 1099//1133 1098//1132
f 1086//1120 1087//1121 1099//1133
f 1087//1121 1100//1134 1099//1133
f 1087//1121 1088//1122 1100//1134
f 1088//1122 1101//1135 1100//1134
f 1088//1122 1089//1123 1101//1135
f 1089//1123 1102//1136 1101//1135
f 1089//1123 1090//1124 1102//1136
f 1090//1124 1091//1125 1102//1136
f 1090//1124 1079//1113 1091//1125
f 1091//1125 1104//1138 1103//1137
f 1091//1125 1092//1126 1104//1138
f 1092//1126 1105//1139 1104//1138
f 1092//1126 1093//1127 1105//1139
f 1093//1127 1106//1140 1105//1139
f 1093//1127 1094//1128 1106//1140
f 1094//1128 1107//1141 1106//1140
f 1094//1128 1095//1129 1107//1141
f 1095//1129 1108//1142 1107//1141
f 1095//1129 1096//1130 1108//1142
f 1096//1130 1109//1143 1108//1142
f 1096//1130 1097//1131 1109//1143
f 1097//1131 1110//1144 1109//1143
f 1097//1131 1098//1132 1110//1144
f 1098//1132 1111//1145 1110//1144
f 1098//1132 1099//1133 1111//1145
f 1099//1133 1112//1146 1111//1145
f 1099//1133 1100//1134 1112//1146
f 1100//1134 1113//1147 1112//1146
f 1100//1134 1101//1135 1113//1147
f 1101//1135 1114//1148 1113//1147
f 1101//1135 1102//1136 1114//1148
f 1102//1136 1103//1137 1114//1148
f 1102//1136 1091//1125 1103//1137
f 1103//1137 1116//1150 1115//1149
f 1103//1137 1104//1138 1116//1150
f 1104//1138 1117//1151 1116//1150
f 1104//1138 1105//1139 1117//1151
f 1105//1139 1118//1152 1117//1151
f 1105//1139 1106//1140 1118//1152
f 1106//1140 1119//1153 1118//1152
f 1106//1140 1107//1141 1119//1153
f 1107//1141 1120//1154 1119//1153
f 1107//1141 1108//1142 1120//1154
f 1108//1142 1121//1155 1120//1154
f 1108//1142 1109//1143 1121//1155
f 1109//1143 1122//1156 1121//1155
f 1109//1143 1110//1144 1122//1156
f 1110//1144 1123//1157 1122//1156
f 1110//1144 1111//1145 1123//1157
f 1111//1145 1124//1158 1123//1157
f 1111//1145 1112//1146 1124//1158
f 1112//1146 1125//1159 1124//1158
f 1112//1146 1113//1147 1125//1159
f 1113//1147 1126//1160 1125//1159
f 1113//1147 1114//1148 1126//1160
f 1114//1148 1115//1149 1126//1160
f 1114//1148 1103//1137 1115//1149
f 1115//1149 1128//1162 1127//1161
f 1115//1149 1116//1150 1128//1162
f 1116//1150 1129//1163 1128//1162
f 1116//1150 1117//1151 1129//1163
f 1117//1151 1130//1164 1129//1163
f 1117//1151 1118//1152 1130//1164
f 1118//1152 1131//1165 1130//1164
f 1118//1152 1119//1153 1131//1165
f 1119//1153 1132//1166 1131//1165
f 1119//1153 1120//1154 1132//1166
f 1120//1154 1133//1167 1132//1166
f 1120//1154 1121//1155 1133//1167
f 1121//1155 1134//1168 1133//1167
f 1121//1155 1122//1156 1134//1168
f 1122//1156 1135//1169 1134//1168
f 1122//1156 1123//1157 1135//1169
f 1123//1157 1136//1170 1135//1169
f 1123//1157 1124//1158 1136//1170
f 1124//1158 1137//1171 1136//1170
f 1124//1158 1125//1159 1137//1171
f 1125//1159 1138//1172 1137//1171
f 1125//1159 1126//1160 1138//1172
f 1126//1160 1127//1161 1138//1172
f 1126//1160 1115//1149 1127//1161
f 1127//1161 1140//1174 1139//1173
f 1127//1161 1128//1162 1140//1174
f 1128//1162 1141//1175 1140//1174
f 1128//1162 1129//1163 1141//1175
f 1129//1163 1142//1176 1141//1175
f 1129//1163 1130//1164 1142//1176
f 1130//1164 1143//1177 1142//1176
f 1130//1164 1131//1165 1143//1177
f 1131//1165 1144//1178 1143//1177
f 1131//1165 1132//1166 1144//1178
f 1132//1166 1145//1179 1144//1178
f 1132//1166 1133//1167 1145//1179
f 1133//1167 1146//1180 1145//1179
f 1133//1167 1134//1168 1146//1180
f 1134//1168 1147//1181 1146//1180
f 1134//1168 1135//1169 1147//1181
f 1135//1169 1148//1182 1147//1181
f 1135//1169 1136//1170 1148//1182
f 1136//1170 1149//1183 1148//1182
f 1136//1170 1137//1171 1149//1183
f 1137//1171 1150//1184 1149//1183
f 1137//1171 1138//1172 1150//1184
f 1138//1172 1139//1173 1150//1184
f 1138//1172 1127//1161 1139//1173
f 1139//1173 1152//1186 1151//1185
f 1139//1173 1140//1174 1152//1186
f 1140//1174 1153//1187 1152//1186
f 1140//1174 1141//1175 1153//1187
f 1141//1175 1154//1188 1153//1187
f 1141//1175 1142//1176 1154//1188
f 1142//1176 1155//1189 1154//1188
f 1142//1176 1143//1177 1155//1189
f 1143//1177 1156//1190 1155//1189
f 1143//1177 1144//1178 1156//1190
f 1144//1178 1157//1191 1156//1190
f 1144//1178 1145//1179 1157//1191
f 1145//1179 1158//1192 1157//1191
f 1145//1179 1146//1180 1158//1192
f 1146//1180 1159//1193 1158//1192
f 1146//1180 1147//1181 1159//1193
f 1147//1181 1160//1194 1159//1193
f 1147//1181 1148//1182 1160//1194
f 1148//1182 1161//1195 1160//1194
f 1148//1182 1149//1183 1161//1195
f 1149//1183 1162//1196 1161//1195
f 1149//1183 1150//1184 1162//1196
f 1150//1184 1151//1185 1162//1196
f 1150//1184 1139//1173 1151//1185
f 1151//1185 1164//1198 1163//1197
f 1151//1185 1152//1186 1164//1198
f 1152//1186 1165//1199 1164//1198
f 1152//1186 1153//1187 1165//1199
f 1153//1187 1166//1200 1165//1199
f 1153//1187 1154//1188 1166//1200
f 1154//1188 1167//1201 1166//1200
f 1154//1188 1155//1189 1167//1201
f 1155//1189 1168//1202 1167//1201
f 1155//1189 1156//1190 1168//1202
f 1156//1190 1169//1203 1168//1202
f 1156//1190 1157//1191 1169//1203
f 1157//1191 1170//1204 1169//1203
f 1157//1191 1158//1192 1170//1204
f 1158//1192 1171//1205 1170//1204
f 1158//1192 1159//1193 1171//1205
f 1159//1193 1172//1206 1171//1205
f 1159//1193 1160//1194 1172//1206
f 1160//1194 1173//1207 1172//1206
f 1160//1194 1161//1195 1173//1207
f 1161//1195 1174//1208 1173//1207
f 1161//1195 1162//1196 1174//1208
f 1162//1196 1163//1197 1174//1208
f 1162//1196 1151//1185 1163//1197
f 1163//1197 1176//1210 1175//1209
f 1163//1197 1164//1198 1176//1210
f 1164//1198 1177//1211 1176//1210
f 1164//1198 1165//1199 1177//1211
f 1165//1199 1178//1212 1177//1211
f 1165//1199 1166//1200 1178//1212
f 1166//1200 1179//1213 1178//1212
f 1166//1200 1167//1201 1179//1213
f 1167//1201 1180//1214 1179//1213
f 1167//1201 1168//1202 1180//1214
f 1168//1202 1181//1215 1180//1214
f 1168//1202 1169//1203 1181//1215
f 1169//1203 1182//1216 1181//1215
f 1169//1203 1170//1204 1182//1216
f 1170//1204 1183//1217 1182//1216
f 1170//1204 1171//1205 1183//1217
f 1171//1205 1184//1218 1183//1217
f 1171//1205 1172//1206 1184//1218
f 1172//1206 1185//1219 1184//1218
f 1172//1206 1173//1207 1185//1219
f 1173//1207 1186//1220 1185//1219
f 1173//1207 1174//1208 1186//1220
f 1174//1208 1175//1209 1186//1220
f 1174//1208 1163//1197 1175//1209
f 1175//1209 1188//1222 1187//1221
f 1175//1209 1176//1210 1188//1222
f 1176//1210 1189//1223 1188//1222
f 1176//1210 1177//1211 1189//1223
f 1177//1211 1190//1224 1189//1223
f 1177//1211 1178//1212 1190//1224
f 1178//1212 1191//1225 1190//1224
f 1178//1212 1179//1213 1191//1225
f 1179//1213 1192//1226 1191//1225
f 1179//1213 1180//1214 1192//1226
f 1180//1214 1193//1227 1192//1226
f 1180//1214 1181//1215 1193//1227
f 1181//1215 1194//1228 1193//1227
f 1181//1215 1182//1216 1194//1228
f 1182//1216 1195//1229 1194//1228
f 1182//1216 1183//1217 1195//1229
f 1183//1217 1196//1230 1195//1229
f 1183//1217 1184//1218 1196//1230
f 1184//1218 1197//1231 1196//1230
f 1184//1218 1185//1219 1197//1231
f 1185//1219 1198//1232 1197//1231
f 1185//1219 1186//1220 1198//1232
f 1186//1220 1187//1221 1198//1232
f 1186//1220 1175//1209 1187//1221
f 1187//1221 1200//1234 1199//1233
f 1187//1221 1188//1222 1200//1234
f 1188//1222 1201//1235 1200//1234
f 1188//1222 1189//1223 1201//1235
f 1189//1223 1202//1236 1201//1235
f 1189//1223 1190//1224 1202//1236
f 1190//1224 1203//1237 1202//1236
f 1190//1224 1191//1225 1203//1237
f 1191//1225 1204//1238 1203//1237
f 1191//1225 1192//1226 1204//1238
f 1192//1226 1205//1239 1204//1238
f 1192//1226 1193//1227 1205//1239
f 1193//1227 1206//1240 1205//1239
f 1193//1227 1194//1228 1206//1240
f 1194//1228 1207//1241 1206//1240
f 1194//1228 1195//1229 1207//1241
f 1195//1229 1208//1242 1207//1241
f 1195//1229 1196//1230 1208//1242
f 1196//1230 1209//1243 1208//1242
f 1196//1230 1197//1231 1209//1243
f 1197//1231 1210//1244 1209//1243
f 1197//1231 1198//1232 1210//1244
f 1198//1232 1199//1233 1210//1244
f 1198//1232 1187//1221 1199//1233
f 1199//1233 1212//1246 1211//1245
f 1199//1233 1200//1234 1212//1246
f 1200//1234 1213//1247 1212//1246
f 1200//1234 1201//1235 1213//1247
f 1201//1235 1214//1248 1213//1247
f 1201//1235 1202//1236 1214//1248
f 1202//1236 1215//1249 1214//1248
f 1202//1236 1203//1237 1215//1249
f 1203//1237 1216//1250 1215//1249
f 1203//1237 1204//1238 1216//1250
f 1204//1238 1217//1251 1216//1250
f 1204//1238 1205//1239 1217//1251
f 1205//1239 1218//1252 1217//1251
f 1205//1239 1206//1240 1218//1252
f 1206//1240 1219//1253 1218//1252
f 1206//1240 1207//1241 1219//1253
f 1207//1241 1220//1254 1219//1253
f 1207//1241 1208//1242 1220//1254
f 1208//1242 1221//1255 1220//1254
f 1208//1242 1209//1243 1221//1255
f 1209//1243 1222//1256 1221//1255
f 1209//1243 1210//1244 1222//1256
f 1210//1244 1211//1245 1222//1256
f 1210//1244 1199//1233 1211//1245
f 1211//1245 1224//1258 1223//1257
f 1211//1245 1212//1246 1224//1258
f 1212//1246 1225//1259 1224//1258
f 1212//1246 1213//1247 1225//1259
f 1213//1247 1226//1260 1225//1259
f 1213//1247 1214//1248 1226//1260
f 1214//1248 1227//1261 1226//1260
f 1214//1248 1215//1249 1227//1261
f 1215//1249 1228//1262 1227//1261
f 1215//1249 1216//1250 1228//1262
f 1216//1250 1229//1263 1228//1262
f 1216//1250 1217//1251 1229//1263
f 1217//1251 1230//1264 1229//1263
f 1217//1251 1218//1252 1230//1264
f 1218//1252 1231//1265 1230//1264
f 1218//1252 1219//1253 1231//1265
f 1219//1253 1232//1266 1231//1265
f 1219//1253 1220//1254 1232//1266
f 1220//1254 1233//1267 1232//1266
f 1220//1254 1221//1255 1233//1267
f 1221//1255 1234//1268 1233//1267
f 1221//1255 1222//1256 1234//1268
f 1222//1256 1223//1257 1234//1268
f 1222//1256 1211//1245 1223//1257
f 1223//1257 1236//1270 1235//1269
f 1223//1257 1224//1258 1236//1270
f 1224//1258 1237//1271 1236//1270
f 1224//1258 1225//1259 1237//1271
f 1225//1259 1238//1272 1237//1271
f 1225//1259 1226//1260 1238//1272
f 1226//1260 1239//1273 1238//1272
f 1226//1260 1227//1261 1239//1273
f 1227//1261 1240//1274 1239//1273
f 1227//1261 1228//1262 1240//1274
f 1228//1262 1241//1275 1240//1274
f 1228//1262 1229//1263 1241//1275
f 1229//1263 1242//1276 1241//1275
f 1229//1263 1230//1264 1242//1276
f 1230//1264 1243//1277 1242//1276
f 1230//1264 1231//1265 1243//1277
f 1231//1265 1244//1278 1243//1277
f 1231//1265 1232//1266 1244//1278
f 1232//1266 1245//1279 1244//1278
f 1232//1266 1233//1267 1245//1279
f 1233//1267 1246//1280 1245//1279
f 1233//1267 1234//1268 1246//1280
f 1234//1268 1235//1269 1246//1280
f 1234//1268 1223//1257 1235//1269
f 1235//1269 1248//1282 1247//1281
f 1235//1269 1236//1270 1248//1282
f 1236//1270 1249//1283 1248//1282
f 1236//1270 1237//1271 1249//1283
f 1237//1271 1250//1284 1249//1283
f 1237//1271 1238//1272 1250//1284
f 1238//1272 1251//1285 1250//1284
f 1238//1272 1239//1273 1251//1285
f 1239//1273 1252//1286 1251//1285
f 1239//1273 1240//1274 1252//1286
f 1240//1274 1253//1287 1252//1286
f 1240//1274 1241//1275 1253//1287
f 1241//1275 1254//1288 1253//1287
f 1241//1275 1242//1276 1254//1288
f 1242//1276 1255//1289 1254//1288
f 1242//1276 1243//1277 1255//1289
f 1243//1277 1256//1290 1255//1289
f 1243//1277 1244//1278 1256//1290
f 1244//1278 1257//1291 1256//1290
f 1244//1278 1245//1279 1257//1291
f 1245//1279 1258//1292 1257//1291
f 1245//1279 1246//1280 1258//1292
f 1246//1280 1247//1281 1258//1292
f 1246//1280 1235//1269 1247//1281
f 1247//1281 1260//1294 1259//1293
f 1247//1281 1248//1282 1260//1294
f 1248//1282 1261//1295 1260//1294
f 1248//1282 1249//1283 1261//1295
f 1249//1283 1262//1296 1261//1295
f 1249//1283 1250//1284 1262//1296
f 1250//1284 1263//1297 1262//1296
f 1250//1284 1251//1285 1263//1297
f 1251//1285 1264//1298 1263//1297
f 1251//1285 1252//1286 1264//1298
f 1252//1286 1265//1299 1264//1298
f 1252//1286 1253//1287 1265//1299
f 1253//1287 1266//1300 1265//1299
f 1253//1287 1254//1288 1266//1300
f 1254//1288 1267//1301 1266//1300
f 1254//1288 1255//1289 1267//1301
f 1255//1289 1268//1302 1267//1301
f 1255//1289 1256//1290 1268//1302
f 1256//1290 1269//1303 1268//1302
f 1256//1290 1257//1291 1269//1303
f 1257//1291 1270//1304 1269//1303
f 1257//1291 1258//1292 1270//1304
f 1258//1292 1259//1293 1270//1304
f 1258//1292 1247//1281 1259//1293
f 1259//1293 1272//1306 1271//1305
f 1259//1293 1260//1294 1272//1306
f 1260//1294 1273//1307 1272//1306
f 1260//1294 1261//1295 1273//1307
f 1261//1295 1274//1308 1273//1307
f 1261//1295 1262//1296 1274//1308
f 1262//1296 1275//1309 1274//1308
f 1262//1296 1263//1297 1275//1309
f 1263//1297 1276//1310 1275//1309
f 1263//1297 1264//1298 1276//1310
f 1264//1298 1277//1311 1276//1310
f 1264//1298 1265//1299 1277//1311
f 1265//1299 1278//1312 1277//1311
f 1265//1299 1266//1300 1278//1312
f 1266//1300 1279//1313 1278//1312
f 1266//1300 1267//1301 1279//1313
f 1267//1301 1280//1314 1279//1313
f 1267//1301 1268//1302 1280//1314
f 1268//1302 1281//1315 1280//1314
f 1268//1302 1269//1303 1281//1315
f 1269//1303 1282//1316 1281//1315
f 1269//1303 1270//1304 1282//1316
f 1270//1304 1271//1305 1282//1316
f 1270//1304 1259//1293 1271//1305
f 1271//1305 1284//1318 1283//1317
f 1271//1305 1272//1306 1284//1318
f 1272//1306 1285//1319 1284//1318
f 1272//1306 1273//1307 1285//1319
f 1273//1307 1286//1320 1285//1319
f 1273//1307 1274//1308 1286//1320
f 1274//1308 1287//1321 1286//1320
f 1274//1308 1275//1309 1287//1321
f 1275//1309 1288//1322 1287//1321
f 1275//1309 1276//1310 1288//1322
f 1276//1310 1289//1323 1288//1322
f 1276//1310 1277//1311 1289//1323
f 1277//1311 1290//1324 1289//1323
f 1277//1311 1278//1312 1290//1324
f 1278//1312 1291//1325 1290//1324
f 1278//1312 1279//1313 1291//1325
f 1279//1313 1292//1326 1291//1325
f 1279//1313 1280//1314 1292//1326
f 1280//1314 1293//1327 1292//1326
f 1280//1314 1281//1315 1293//1327
f 1281//1315 1294//1328 1293//1327
f 1281//1315 1282//1316 1294//1328
f 1282//1316 1283//1317 1294//1328
f 1282//1316 1271//1305 1283//1317
f 1283//1317 1296//1330 1295//1329
f 1283//1317 1284//1318 1296//1330
f 1284//1318 1297//1331 1296//1330
f 1284//1318 1285//1319 1297//1331
f 1285//1319 1298//1332 1297//1331
f 1285//1319 1286//1320 1298//1332
f 1286//1320 1299//1333 1298//1332
f 1286//1320 1287//1321 1299//1333
f 1287//1321 1300//1334 1299//1333
f 1287//1321 1288//1322 1300//1334
f 1288//1322 1301//1335 1300//1334
f 1288//1322 1289//1323 1301//1335
f 1289//1323 1302//1336 1301//1335
f 1289//1323 1290//1324 1302//1336
f 1290//1324 1303//1337 1302//1336
f 1290//1324 1291//1325 1303//1337
f 1291//1325 1304//1338 1303//1337
f 1291//1325 1292//1326 1304//1338
f 1292//1326 1305//1339 1304//1338
f 1292//1326 1293//1327 1305//1339
f 1293//1327 1306//1340 1305//1339
f 1293//1327 1294//1328 1306//1340
f 1294//1328 1295//1329 1306//1340
f 1294//1328 1283//1317 1295//1329
f 1295//1329 1308//1342 1307//1341
f 1295//1329 1296//1330 1308//1342
f 1296//1330 1309//1343 1308//1342
f 1296//1330 1297//1331 1309//1343
f 1297//1331 1310//1344 1309//1343
f 1297//1331 1298//1332 1310//1344
f 1298//1332 1311//1345 1310//1344
f 1298//1332 1299//1333 1311//1345
f 1299//1333 1312//1346 1311//1345
f 1299//1333 1300//1334 1312//1346
f 1300//1334 1313//1347 1312//1346
f 1300//1334 1301//1335 1313//1347
f 1301//1335 1314//1348 1313//1347
f 1301//1335 1302//1336 1314//1348
f 1302//1336 1315//1349 1314//1348
f 1302//1336 1303//1337 1315//1349
f 1303//1337 1316//1350 1315//1349
f 1303//1337 1304//1338 1316//1350
f 1304//1338 1317//1351 1316//1350
f 1304//1338 1305//1339 1317//1351
f 1305//1339 1318//1352 1317//1351
f 1305//1339 1306//1340 1318//1352
f 1306//1340 1307//1341 1318//1352
f 1306//1340 1295//1329 1307//1341
f 1307//1341 1320//1354 1319//1353
f 1307//1341 1308//1342 1320//1354
f 1308//1342 1321//1355 1320//1354
f 1308//1342 1309//1343 1321//1355
f 1309//1343 1322//1356 1321//1355
f 1309//1343 1310//1344 1322//1356
f 1310//1344 1323//1357 1322//1356
f 1310//1344 1311//1345 1323//1357
f 1311//1345 1324//1358 1323//1357
f 1311//1345 1312//1346 1324//1358
f 1312//1346 1325//1359 1324//1358
f 1312//1346 1313//1347 1325//1359
f 1313//1347 1326//1360 1325//1359
f 1313//1347 1314//1348 1326//1360
f 1314//1348 1327//1361 1326//1360
f 1314//1348 1315//1349 1327//1361
f 1315//1349 1328//1362 1327//1361
f 1315//1349 1316//1350 1328//1362
f 1316//1350 1329//1363 1328//1362
f 1316//1350 1317//1351 1329//1363
f 1317//1351 1330//1364 1329//1363
f 1317//1351 1318//1352 1330//1364
f 1318//1352 1319//1353 1330//1364
f 1318//1352 1307//1341 1319//1353
f 1319//1353 1332//1366 1331//1365
f 1319//1353 1320//1354 1332//1366
f 1320//1354 1333//1367 1332//1366
f 1320//1354 1321//1355 1333//1367
f 1321//1355 1334//1368 1333//1367
f 1321//1355 1322//1356 1334//1368
f 1322//1356 1335//1369 1334//1368
f 1322//1356 1323//1357 1335//1369
f 1323//1357 1336//1370 1335//1369
f 1323//1357 1324//1358 1336//1370
f 1324//1358 1337//1371 1336//1370
f 1324//1358 1325//1359 1337//1371
f 1325//1359 1338//1372 1337//1371
f 1325//1359 1326//1360 1338//1372
f 1326//1360 1339//1373 1338//1372
f 1326//1360 1327//1361 1339//1373
f 1327//1361 1340//1374 1339//1373
f 1327//1361 1328//1362 1340//1374
f 1328//1362 1341//1375 1340//1374
f 1328//1362 1329//1363 1341//1375
f 1329//1363 1342//1376 1341//1375
f 1329//1363 1330//1364 1342//1376
f 1330//1364 1331//1365 1342//1376
f 1330//1364 1319//1353 1331//1365
f 1331//1365 1344//1378 1343//1377
f 1331//1365 1332//1366 1344//1378
f 1332//1366 1345//1379 1344//1378
f 1332//1366 1333//1367 1345//1379
f 1333//1367 1346//1380 1345//1379
f 1333//1367 1334//1368 1346//1380
f 1334//1368 1347//1381 1346//1380
f 1334//1368 1335//1369 1347//1381
f 1335//1369 1348//1382 1347//1381
f 1335//1369 1336//1370 1348//1382
f 1336//1370 1349//1383 1348//1382
f 1336//1370 1337//1371 1349//1383
f 1337//1371 1350//1384 1349//1383
f 1337//1371 1338//1372 1350//1384
f 1338//1372 1351//1385 1350//1384
f 1338//1372 1339//1373 1351//1385
f 1339//1373 1352//1386 1351//1385
f 1339//1373 1340//1374 1352//1386
f 1340//1374 1353//1387 1352//1386
f 1340//1374 1341//1375 1353//1387
f 1341//1375 1354//1388 1353//1387
f 1341//1375 1342//1376 1354//1388
f 1342//1376 1343//1377 1354//1388
f 1342//1376 1331//1365 1343//1377
f 1343//1377 1356//1390 1355//1389
f 1343//1377 1344//1378 1356//1390
f 1344//1378 1357//1391 1356//1390
f 1344//1378 1345//1379 1357//1391
f 1345//1379 1358//1392 1357//1391
f 1345//1379 1346//1380 1358//1392
f 1346//1380 1359//1393 1358//1392
f 1346//1380 1347//1381 1359//1393
f 1347//1381 1360//1394 1359//1393
f 1347//1381 1348//1382 1360//1394
f 1348//1382 1361//1395 1360//1394
f 1348//1382 1349//1383 1361//1395
f 1349//1383 1362//1396 1361//1395
f 1349//1383 1350//1384 1362//1396
f 1350//1384 1363//1397 1362//1396
f 1350//1384 1351//1385 1363//1397
f 1351//1385 1364//1398 1363//1397
f 1351//1385 1352//1386 1364//1398
f 1352//1386 1365//1399 1364//1398
f 1352//1386 1353//1387 1365//1399
f 1353//1387 1366//1400 1365//1399
f 1353//1387 1354//1388 1366//1400
f 1354//1388 1355//1389 1366//1400
f 1354//1388 1343//1377 1355//1389
f 1355//1389 1368//1402 1367//1401
f 1355//1389 1356//1390 1368//1402
f 1356//1390 1369//1403 1368//1402
f 1356//1390 1357//1391 1369//1403
f 1357//1391 1370//1404 1369//1403
f 1357//1391 1358//1392 1370//1404
f 1358//1392 1371//1405 1370//1404
f 1358//1392 1359//1393 1371//1405
f 1359//1393 1372//1406 1371//1405
f 1359//1393 1360//1394 1372//1406
f 1360//1394 1373//1407 1372//1406
f 1360//1394 1361//1395 1373//1407
f 1361//1395 1374//1408 1373//1407
f 1361//1395 1362//1396 1374//1408
f 1362//1396 1375//1409 1374//1408
f 1362//1396 1363//1397 1375//1409
f 1363//1397 1376//1410 1375//1409
f 1363//1397 1364//1398 1376//1410
f 1364//1398 1377//1411 1376//1410
f 1364//1398 1365//1399 1377//1411
f 1365//1399 1378//1412 1377//1411
f 1365//1399 1366//1400 1378//1412
f 1366//1400 1367//1401 1378//1412
f 1366//1400 1355//1389 1367//1401
f 1367//1401 1380//1414 1379//1413
f 1367//1401 1368//1402 1380//1414
f 1368//1402 1381//1415 1380//1414
f 1368//1402 1369//1403 1381//1415
f 1369//1403 1382//1416 1381//1415
f 1369//1403 1370//1404 1382//1416
f 1370//1404 1383//1417 1382//1416
f 1370//1404 1371//1405 1383//1417
f 1371//1405 1384//1418 1383//1417
f 1371//1405 1372//1406 1384//1418
f 1372//1406 1385//1419 1384//1418
f 1372//1406 1373//1407 1385//1419
f 1373//1407 1386//1420 1385//1419
f 1373//1407 1374//1408 1386//1420
f 1374//1408 1387//1421 1386//1420
f 1374//1408 1375//1409 1387//1421
f 1375//1409 1388//1422 1387//1421
f 1375//1409 1376//1410 1388//1422
f 1376//1410 1389//1423 1388//1422
f 1376//1410 1377//1411 1389//1423
f 1377//1411 1390//1424 1389//1423
f 1377//1411 1378//1412 1390//1424
f 1378//1412 1379//1413 1390//1424
f 1378//1412 1367//1401 1379//1413
f 1379//1413 1392//1426 1391//1425
f 1379//1413 1380//1414 1392//1426
f 1380//1414 1393//1427 1392//1426
f 1380//1414 1381//1415 1393//1427
f 1381//1415 1394//1428 1393//1427
f 1381//1415 1382//1416 1394//1428
f 1382//1416 1395//1429 1394//1428
f 1382//1416 1383//1417 1395//1429
f 1383//1417 1396//1430 1395//1429
f 1383//1417 1384//1418 1396//1430
f 1384//1418 1397//1431 1396//1430
f 1384//1418 1385//1419 1397//1431
f 1385//1419 1398//1432 1397//1431
f 1385//1419 1386//1420 1398//1432
f 1386//1420 1399//1433 1398//1432
f 1386//1420 1387//1421 1399//1433
f 1387//1421 1400//1434 1399//1433
f 1387//1421 1388//1422 1400//1434
f 1388//1422 1401//1435 1400//1434
f 1388//1422 1389//1423 1401//1435
f 1389//1423 1402//1436 1401//1435
f 1389//1423 1390//1424 1402//1436
f 1390//1424 1391//1425 1402//1436
f 1390//1424 1379//1413 1391//1425
f 1391//1425 1404//1438 1403//1437
f 1391//1425 1392//1426 1404//1438
f 1392//1426 1405//1439 1404//1438
f 1392//1426 1393//1427 1405//1439
f 1393//1427 1406//1440 1405//1439
f 1393//1427 1394//1428 1406//1440
f 1394//1428 1407//1441 1406//1440
f 1394//1428 1395//1429 1407//1441
f 1395//1429 1408//1442 1407//1441
f 1395//1429 1396//1430 1408//1442
f 1396//1430 1409//1443 1408//1442
f 1396//1430 1397//1431 1409//1443
f 1397//1431 1410//1444 1409//1443
f 1397//1431 1398//1432 1410//1444
f 1398//1432 1411//1445 1410//1444
f 1398//1432 1399//1433 1411//1445
f 1399//1433 1412//1446 1411//1445
f 1399//1433 1400//1434 1412//1446
f 1400//1434 1413//1447 1412//1446
f 1400//1434 1401//1435 1413//1447
f 1401//1435 1414//1448 1413//1447
f 1401//1435 1402//1436 1414//1448
f 1402//1436 1403//1437 1414//1448
f 1402//1436 1391//1425 1403//1437
f 1403//1437 1416//1450 1415//1449
f 1403//1437 1404//1438 1416//1450
f 1404//1438 1417//1451 1416//1450
f 1404//1438 1405//1439 1417//1451
f 1405//1439 1418//1452 1417//1451
f 1405//1439 1406//1440 1418//1452
f 1406//1440 1419//1453 1418//1452
f 1406//1440 1407//1441 1419//1453
f 1407//1441 1420//1454 1419//1453
f 1407//1441 1408//1442 1420//1454
f 1408//1442 1421//1455 1420//1454
f 1408//1442 1409//1443 1421//1455
f 1409//1443 1422//1456 1421//1455
f 1409//1443 1410//1444 1422//1456
f 1410//1444 1423//1457 1422//1456
f 1410//1444 1411//1445 1423//1457
f 1411//1445 1424//1458 1423//1457
f 1411//1445 1412//1446 1424//1458
f 1412//1446 1425//1459 1424//1458
f 1412//1446 1413//1447 1425//1459
f 1413//1447 1426//1460 1425//1459
f 1413//1447 1414//1448 1426//1460
f 1414//1448 1415//1449 1426//1460
f 1414//1448 1403//1437 1415//1449
f 1415//1449 1428//1462 1427//1461
f 1415//1449 1416//1450 1428//1462
f 1416//1450 1429//1463 1428//1462
f 1416//1450 1417//1451 1429//1463
f 1417//1451 1430//1464 1429//1463
f 1417//1451 1418//1452 1430//1464
f 1418//1452 1431//1465 1430//1464
f 1418//1452 1419//1453 1431//1465
f 1419//1453 1432//1466 1431//1465
f 1419//1453 1420//1454 1432//1466
f 1420//1454 1433//1467 1432//1466
f 1420//1454 1421//1455 1433//1467
f 1421//1455 1434//1468 1433//1467
f 1421//1455 1422//1456 1434//1468
f 1422//1456 1435//1469 1434//1468
f 1422//1456 1423//1457 1435//1469
f 1423//1457 1436//1470 1435//1469
f 1423//1457 1424//1458 1436//1470
f 1424//1458 1437//1471 1436//1470
f 1424//1458 1425//1459 1437//1471
f 1425//1459 1438//1472 1437//1471
f 1425//1459 1426//1460 1438//1472
f 1426//1460 1427//1461 1438//1472
f 1426//1460 1415//1449 1427//1461
f 1427//1461 1440//1474 1439//1473
f 1427//1461 1428//1462 1440//1474
f 1428//1462 1441//1475 1440//1474
f 1428//1462 1429//1463 1441//1475
f 1429//1463 1442//1476 1441//1475
f 1429//1463 1430//1464 1442//1476
f 1430//1464 1443//1477 1442//1476
f 1430//1464 1431//1465 1443//1477
f 1431//1465 1444//1478 1443//1477
f 1431//1465 1432//1466 1444//1478
f 1432//1466 1445//1479 1444//1478
f 1432//1466 1433//1467 1445//1479
f 1433//1467 1446//1480 1445//1479
f 1433//1467 1434//1468 1446//1480
f 1434//1468 1447//1481 1446//1480
f 1434//1468 1435//1469 1447//1481
f 1435//1469 1448//1482 1447//1481
f 1435//1469 1436//1470 1448//1482
f 1436//1470 1449//1483 1448//1482
f 1436//1470 1437//1471 1449//1483
f 1437//1471 1450//1484 1449//1483
f 1437//1471 1438//1472 1450//1484
f 1438//1472 1439//1473 1450//1484
f 1438//1472 1427//1461 1439//1473
f 1439//1473 1452//1486 1451//1485
f 1439//1473 1440//1474 1452//1486
f 1440//1474 1453//1487 1452//1486
f 1440//1474 1441//1475 1453//1487
f 1441//1475 1454//1488 1453//1487
f 1441//1475 1442//1476 1454//1488
f 1442//1476 1455//1489 1454//1488
f 1442//1476 1443//1477 1455//1489
f 1443//1477 1456//1490 1455//1489
f 1443//1477 1444//1478 1456//1490
f 1444//1478 1457//1491 1456//1490
f 1444//1478 1445//1479 1457//1491
f 1445//1479 1458//1492 1457//1491
f 1445//1479 1446//1480 1458//1492
f 1446//1480 1459//1493 1458//1492
f 1446//1480 1447//1481 1459//1493
f 1447//1481 1460//1494 1459//1493
f 1447//1481 1448//1482 1460//1494
f 1448//1482 1461//1495 1460//1494
f 1448//1482 1449//1483 1461//1495
f 1449//1483 1462//1496 1461//1495
f 1449//1483 1450//1484 1462//1496
f 1450//1484 1451//1485 1462//1496
f 1450//1484 1439//1473 1451//1485
f 1451//1485 1464//1498 1463//1497
f 1451//1485 1452//1486 1464//1498
f 1452//1486 1465//1499 1464//1498
f 1452//1486 1453//1487 1465//1499
f 1453//1487 1466//1500 1465//1499
f 1453//1487 1454//1488 1466//1500
f 1454//1488 1467//1501 1466//1500
f 1454//1488 1455//1489 1467//1501
f 1455//1489 1468//1502 1467//1501
f 1455//1489 1456//1490 1468//1502
f 1456//1490 1469//1503 1468//1502
f 1456//1490 1457//1491 1469//1503
f 1457//1491 1470//1504 1469//1503
f 1457//1491 1458//1492 1470//1504
f 1458//1492 1471//1505 1470//1504
f 1458//1492 1459//1493 1471//1505
f 1459//1493 1472//1506 1471//1505
f 1459//1493 1460//1494 1472//1506
f 1460//1494 1473//1507 1472//1506
f 1460//1494 1461//1495 1473//1507
f 1461//1495 1474//1508 1473//1507
f 1461//1495 1462//1496 1474//1508
f 1462//1496 1463//1497 1474//1508
f 1462//1496 1451//1485 1463//1497
f 1463//1497 1476//1510 1475//1509
f 1463//1497 1464//1498 1476//1510
f 1464//1498 1477//1511 1476//1510
f 1464//1498 1465//1499 1477//1511
f 1465//1499 1478//1512 1477//1511
f 1465//1499 1466//1500 1478//1512
f 1466//1500 1479//1513 1478//1512
f 1466//1500 1467//1501 1479//1513
f 1467//1501 1480//1514 1479//1513
f 1467//1501 1468//1502 1480//1514
f 1468//1502 1481//1515 1480//1514
f 1468//1502 1469//1503 1481//1515
f 1469//1503 1482//1516 1481//1515
f 1469//1503 1470//1504 1482//1516
f 1470//1504 1483//1517 1482//1516
f 1470//1504 1471//1505 1483//1517
f 1471//1505 1484//1518 1483//1517
f 1471//1505 1472//1506 1484//1518
f 1472//1506 1485//1519 1484//1518
f 1472//1506 1473//1507 1485//1519
f 1473//1507 1486//1520 1485//1519
f 1473//1507 1474//1508 1486//1520
f 1474//1508 1475//1509 1486//1520
f 1474//1508 1463//1497 1475//1509
f 1475//1509 1488//1522 1487//1521
f 1475//1509 1476//1510 1488//1522
f 1476//1510 1489//1523 1488//1522
f 1476//1510 1477//1511 1489//1523
f 1477//1511 1490//1524 1489//1523
f 1477//1511 1478//1512 1490//1524
f 1478//1512 1491//1525 1490//1524
f 1478//1512 1479//1513 1491//1525
f 1479//1513 1492//1526 1491//1525
f 1479//1513 1480//1514 1492//1526
f 1480//1514 1493//1527 1492//1526
f 1480//1514 1481//1515 1493//1527
f 1481//1515 1494//1528 1493//1527
f 1481//1515 1482//1516 1494//1528
f 1482//1516 1495//1529 1494//1528
f 1482//1516 1483//1517 1495//1529
f 1483//1517 1496//1530 1495//1529
f 1483//1517 1484//1518 1496//1530
f 1484//1518 1497//1531 1496//1530
f 1484//1518 1485//1519 1497//1531
f 1485//1519 1498//1532 1497//1531
f 1485//1519 1486//1520 1498//1532
f 1486//1520 1487//1521 1498//1532
f 1486//1520 1475//1509 1487//1521
f 1487//1521 1500//1534 1499//1533
f 1487//1521 1488//1522 1500//1534
f 1488//1522 1501//1535 1500//1534
f 1488//1522 1489//1523 1501//1535
f 1489//1523 1502//1536 1501//1535
f 1489//1523 1490//1524 1502//1536
f 1490//1524 1503//1537 1502//1536
f 1490//1524 1491//1525 1503//1537
f 1491//1525 1504//1538 1503//1537
f 1491//1525 1492//1526 1504//1538
f 1492//1526 1505//1539 1504//1538
f 1492//1526 1493//1527 1505//1539
f 1493//1527 1506//1540 1505//1539
f 1493//1527 1494//1528 1506//1540
f 1494//1528 1507//1541 1506//1540
f 1494//1528 1495//1529 1507//1541
f 1495//1529 1508//1542 1507//1541
f 1495//1529 1496//1530 1508//1542
f 1496//1530 1509//1543 1508//1542
f 1496//1530 1497//1531 1509//1543
f 1497//1531 1510//1544 1509//1543
f 1497//1531 1498//1532 1510//1544
f 1498//1532 1499//1533 1510//1544
f 1498//1532 1487//1521 1499//1533
f 1499//1533 1512//1546 1511//1545
f 1499//1533 1500//1534 1512//1546
f 1500//1534 1513//1547 1512//1546
f 1500//1534 1501//1535 1513//1547
f 1501//1535 1514//1548 1513//1547
f 1501//1535 1502//1536 1514//1548
f 1502//1536 1515//1549 1514//1548
f 1502//1536 1503//1537 1515//1549
f 1503//1537 1516//1550 1515//1549
f 1503//1537 1504//1538 1516//1550
f 1504//1538 1517//1551 1516//1550
f 1504//1538 1505//1539 1517//1551
f 1505//1539 1518//1552 1517//1551
f 1505//1539 1506//1540 1518//1552
f 1506//1540 1519//1553 1518//1552
f 1506//1540 1507//1541 1519//1553
f 1507//1541 1520//1554 1519//1553
f 1507//1541 1508//1542 1520//1554
f 1508//1542 1521//1555 1520//1554
f 1508//1542 1509//1543 1521//1555
f 1509//1543 1522//1556 1521//1555
f 1509//1543 1510//1544 1522//1556
f 1510//1544 1511//1545 1522//1556
f 1510//1544 1499//1533 1511//1545
f 1511//1545 1524//1558 1523//1557
f 1511//1545 1512//1546 1524//1558
f 1512//1546 1525//1559 1524//1558
f 1512//1546 1513//1547 1525//1559
f 1513//1547 1526//1560 1525//1559
f 1513//1547 1514//1548 1526//1560
f 1514//1548 1527//1561 1526//1560
f 1514//1548 1515//1549 1527//1561
f 1515//1549 1528//1562 1527//1561
f 1515//1549 1516//1550 1528//1562
f 1516//1550 1529//1563 1528//1562
f 1516//1550 1517//1551 1529//1563
f 1517//1551 1530//1564 1529//1563
f 1517//1551 1518//1552 1530//1564
f 1518//1552 1531//1565 1530//1564
f 1518//1552 1519//1553 1531//1565
f 1519//1553 1532//1566 1531//1565
f 1519//1553 1520//1554 1532//1566
f 1520//1554 1533//1567 1532//1566
f 1520//1554 1521//1555 1533//1567
f 1521//1555 1534//1568 1533//1567
f 1521//1555 1522//1556 1534//1568
f 1522//1556 1523//1557 1534//1568
f 1522//1556 1511//1545 1523//1557
f 1523//1557 1536//1570 1535//1569
f 1523//1557 1524//1558 1536//1570
f 1524//1558 1537//1571 1536//1570
f 1524//1558 1525//1559 1537//1571
f 1525//1559 1538//1572 1537//1571
f 1525//1559 1526//1560 1538//1572
f 1526//1560 1539//1573 1538//1572
f 1526//1560 1527//1561 1539//1573
f 1527//1561 1540//1574 1539//1573
f 1527//1561 1528//1562 1540//1574
f 1528//1562 1541//1575 1540//1574
f 1528//1562 1529//1563 1541//1575
f 1529//1563 1542//1576 1541//1575
f 1529//1563 1530//1564 1542//1576
f 1530//1564 1543//1577 1542//1576
f 1530//1564 1531//1565 1543//1577
f 1531//1565 1544//1578 1543//1577
f 1531//1565 1532//1566 1544//1578
f 1532//1566 1545//1579 1544//1578
f 1532//1566 1533//1567 1545//1579
f 1533//1567 1546//1580 1545//1579
f 1533//1567 1534//1568 1546//1580
f 1534//1568 1535//1569 1546//1580
f 1534//1568 1523//1557 1535//1569
f 1535//1569 1548//1582 1547//1581
f 1535//1569 1536//1570 1548//1582
f 1536//1570 1549//1583 1548//1582
f 1536//1570 1537//1571 1549//1583
f 1537//1571 1550//1584 1549//1583
f 1537//1571 1538//1572 1550//1584
f 1538//1572 1551//1585 1550//1584
f 1538//1572 1539//1573 1551//1585
f 1539//1573 1552//1586 1551//1585
f 1539//1573 1540//1574 1552//1586
f 1540//1574 1553//1587 1552//1586
f 1540//1574 1541//1575 1553//1587
f 1541//1575 1554//1588 1553//1587
f 1541//1575 1542//1576 1554//1588
f 1542//1576 1555//1589 1554//1588
f 1542//1576 1543//1577 1555//1589
f 1543//1577 1556//1590 1555//1589
f 1543//1577 1544//1578 1556//1590
f 1544//1578 1557//1591 1556//1590
f 1544//1578 1545//1579 1557//1591
f 1545//1579 1558//1592 1557//1591
f 1545//1579 1546//1580 1558//1592
f 1546//1580 1547//1581 1558//1592
f 1546//1580 1535//1569 1547//1581
f 1547//1581 1560//1594 1559//1593
f 1547//1581 1548//1582 1560//1594
f 1548//1582 1561//1595 1560//1594
f 1548//1582 1549//1583 1561//1595
f 1549//1583 1562//1596 1561//1595
f 1549//1583 1550//1584 1562//1596
f 1550//1584 1563//1597 1562//1596
f 1550//1584 1551//1585 1563//1597
f 1551//1585 1564//1598 1563//1597
f 1551//1585 1552//1586 1564//1598
f 1552//1586 1565//1599 1564//1598
f 1552//1586 1553//1587 1565//1599
f 1553//1587 1566//1600 1565//1599
f 1553//1587 1554//1588 1566//1600
f 1554//1588 1567//1601 1566//1600
f 1554//1588 1555//1589 1567//1601
f 1555//1589 1568//1602 1567//1601
f 1555//1589 1556//1590 1568//1602
f 1556//1590 1569//1603 1568//1602
f 1556//1590 1557//1591 1569//1603
f 1557//1591 1570//1604 1569//1603
f 1557//1591 1558//1592 1570//1604
f 1558//1592 1559//1593 1570//1604
f 1558//1592 1547//1581 1559//1593
f 1559//1593 1572//1606 1571//1605
f 1559//1593 1560//1594 1572//1606
f 1560//1594 1573//1607 1572//1606
f 1560//1594 1561//1595 1573//1607
f 1561//1595 1574//1608 1573//1607
f 1561//1595 1562//1596 1574//1608
f 1562//1596 1575//1609 1574//1608
f 1562//1596 1563//1597 1575//1609
f 1563//1597 1576//1610 1575//1609
f 1563//1597 1564//1598 1576//1610
f 1564//1598 1577//1611 1576//1610
f 1564//1598 1565//1599 1577//1611
f 1565//1599 1578//1612 1577//1611
f 1565//1599 1566//1600 1578//1612
f 1566//1600 1579//1613 1578//1612
f 1566//1600 1567//1601 1579//1613
f 1567//1601 1580//1614 1579//1613
f 1567//1601 1568//1602 1580//1614
f 1568//1602 1581//1615 1580//1614
f 1568//1602 1569//1603 1581//1615
f 1569//1603 1582//1616 1581//1615
f 1569//1603 1570//1604 1582//1616
f 1570//1604 1571//1605 1582//1616
f 1570//1604 1559//1593 1571//1605
f 1571//1605 1584//1618 1583//1617
f 1571//1605 1572//1606 1584//1618
f 1572//1606 1585//1619 1584//1618
f 1572//1606 1573//1607 1585//1619
f 1573//1607 1586//1620 1585//1619
f 1573//1607 1574//1608 1586//1620
f 1574//1608 1587//1621 1586//1620
f 1574//1608 1575//1609 1587//1621
f 1575//1609 1588//1622 1587//1621
f 1575//1609 1576//1610 1588//1622
f 1576//1610 1589//1623 1588//1622
f 1576//1610 1577//1611 1589//1623
f 1577//1611 1590//1624 1589//1623
f 1577//1611 1578//1612 1590//1624
f 1578//1612 1591//1625 1590//1624
f 1578//1612 1579//1613 1591//1625
f 1579//1613 1592//1626 1591//1625
f 1579//1613 1580//1614 1592//1626
f 1580//1614 1593//1627 1592//1626
f 1580//1614 1581//1615 1593//1627
f 1581//1615 1594//1628 1593//1627
f 1581//1615 1582//1616 1594//1628
f 1582//1616 1583//1617 1594//1628
f 1582//1616 1571//1605 1583//1617
f 1583//1617 1596//1630 1595//1629
f 1583//1617 1584//1618 1596//1630
f 1584//1618 1597//1631 1596//1630
f 1584//1618 1585//1619 1597//1631
f 1585//1619 1598//1632 1597//1631
f 1585//1619 1586//1620 1598//1632
f 1586//1620 1599//1633 1598//1632
f 1586//1620 1587//1621 1599//1633
f 1587//1621 1600//1634 1599//1633
f 1587//1621 1588//1622 1600//1634
f 1588//1622 1601//1635 1600//1634
f 1588//1622 1589//1623 1601//1635
f 1589//1623 1602//1636 1601//1635
f 1589//1623 1590//1624 1602//1636
f 1590//1624 1603//1637 1602//1636
f 1590//1624 1591//1625 1603//1637
f 1591//1625 1604//1638 1603//1637
f 1591//1625 1592//1626 1604//1638
f 1592//1626 1605//1639 1604//1638
f 1592//1626 1593//1627 1605//1639
f 1593//1627 1606//1640 1605//1639
f 1593//1627 1594//1628 1606//1640
f 1594//1628 1595//1629 1606//1640
f 1594//1628 1583//1617 1595//1629
f 1595//1629 1608//1642 1607//1641
f 1595//1629 1596//1630 1608//1642
f 1596//1630 1609//1643 1608//1642
f 1596//1630 1597//1631 1609//1643
f 1597//1631 1610//1644 1609//1643
f 1597//1631 1598//1632 1610//1644
f 1598//1632 1611//1645 1610//1644
f 1598//1632 1599//1633 1611//1645
f 1599//1633 1612//1646 1611//1645
f 1599//1633 1600//1634 1612//1646
f 1600//1634 1613//1647 1612//1646
f 1600//1634 1601//1635 1613//1647
f 1601//1635 1614//1648 1613//1647
f 1601//1635 1602//1636 1614//1648
f 1602//1636 1615//1649 1614//1648
f 1602//1636 1603//1637 1615//1649
f 1603//1637 1616//1650 1615//1649
f 1603//1637 1604//1638 1616//1650
f 1604//1638 1617//1651 1616//1650
f 1604//1638 1605//1639 1617//1651
f 1605//1639 1618//1652 1617//1651
f 1605//1639 1606//1640 1618//1652
f 1606//1640 1607//1641 1618//1652
f 1606//1640 1595//1629 1607//1641
f 1607//1641 1620//1654 1619//1653
f 1607//1641 1608//1642 1620//1654
f 1608//1642 1621//1655 1620//1654
f 1608//1642 1609//1643 1621//1655
f 1609//1643 1622//1656 1621//1655
f 1609//1643 1610//1644 1622//1656
f 1610//1644 1623//1657 1622//1656
f 1610//1644 1611//1645 1623//1657
f 1611//1645 1624//1658 1623//1657
f 1611//1645 1612//1646 1624//1658
f 1612//1646 1625//1659 1624//1658
f 1612//1646 1613//1647 1625//1659
f 1613//1647 1626//1660 1625//1659
f 1613//1647 1614//1648 1626//1660
f 1614//1648 1627//1661 1626//1660
f 1614//1648 1615//1649 1627//1661
f 1615//1649 1628//1662 1627//1661
f 1615//1649 1616//1650 1628//1662
f 1616//1650 1629//1663 1628//1662
f 1616//1650 1617//1651 1629//1663
f 1617//1651 1630//1664 1629//1663
f 1617//1651 1618//1652 1630//1664
f 1618//1652 1619//1653 1630//1664
f 1618//1652 1607//1641 1619//1653
f 1619//1653 1632//1666 1631//1665
f 1619//1653 1620//1654 1632//1666
f 1620//1654 1633//1667 1632//1666
f 1620//1654 1621//1655 1633//1667
f 1621//1655 1634//1668 1633//1667
f 1621//1655 1622//1656 1634//1668
f 1622//1656 1635//1669 1634//1668
f 1622//1656 1623//1657 1635//1669
f 1623//1657 1636//1670 1635//1669
f 1623//1657 1624//1658 1636//1670
f 1624//1658 1637//1671 1636//1670
f 1624//1658 1625//1659 1637//1671
f 1625//1659 1638//1672 1637//1671
f 1625//1659 1626//1660 1638//1672
f 1626//1660 1639//1673 1638//1672
f 1626//1660 1627//1661 1639//1673
f 1627//1661 1640//1674 1639//1673
f 1627//1661 1628//1662 1640//1674
f 1628//1662 1641//1675 1640//1674
f 1628//1662 1629//1663 1641//1675
f 1629//1663 1642//1676 1641//1675
f 1629//1663 1630//1664 1642//1676
f 1630//1664 1631//1665 1642//1676
f 1630//1664 1619//1653 1631//1665
f 1631//1665 1644//1678 1643//1677
f 1631//1665 1632//1666 1644//1678
f 1632//1666 1645//1679 1644//1678
f 1632//1666 1633//1667 1645//1679
f 1633//1667 1646//1680 1645//1679
f 1633//1667 1634//1668 1646//1680
f 1634//1668 1647//1681 1646//1680
f 1634//1668 1635//1669 1647//1681
f 1635//1669 1648//1682 1647//1681
f 1635//1669 1636//1670 1648//1682
f 1636//1670 1649//1683 1648//1682
f 1636//1670 1637//1671 1649//1683
f 1637//1671 1650//1684 1649//1683
f 1637//1671 1638//1672 1650//1684
f 1638//1672 1651//1685 1650//1684
f 1638//1672 1639//1673 1651//1685
f 1639//1673 1652//1686 1651//1685
f 1639//1673 1640//1674 1652//1686
f 1640//1674 1653//1687 1652//1686
f 1640//1674 1641//1675 1653//1687
f 1641//1675 1654//1688 1653//1687
f 1641//1675 1642//1676 1654//1688
f 1642//1676 1643//1677 1654//1688
f 1642//1676 1631//1665 1643//1677
f 1643//1677 1656//1690 1655//1689
f 1643//1677 1644//1678 1656//1690
f 1644//1678 1657//1691 1656//1690
f 1644//1678 1645//1679 1657//1691
f 1645//1679 1658//1692 1657//1691
f 1645//1679 1646//1680 1658//1692
f 1646//1680 1659//1693 1658//1692
f 1646//1680 1647//1681 1659//1693
f 1647//1681 1660//1694 1659//1693
f 1647//1681 1648//1682 1660//1694
f 1648//1682 1661//1695 1660//1694
f 1648//1682 1649//1683 1661//1695
f 1649//1683 1662//1696 1661//1695
f 1649//1683 1650//1684 1662//1696
f 1650//1684 1663//1697 1662//1696
f 1650//1684 1651//1685 1663//1697
f 1651//1685 1664//1698 1663//1697
f 1651//1685 1652//1686 1664//1698
f 1652//1686 1665//1699 1664//1698
f 1652//1686 1653//1687 1665//1699
f 1653//1687 1666//1700 1665//1699
f 1653//1687 1654//1688 1666//1700
f 1654//1688 1655//1689 1666//1700
f 1654//1688 1643//1677 1655//1689
f 1655//1689 1668//1702 1667//1701
f 1655//1689 1656//1690 1668//1702
f 1656//1690 1669//1703 1668//1702
f 1656//1690 1657//1691 1669//1703
f 1657//1691 1670//1704 1669//1703
f 1657//1691 1658//1692 1670//1704
f 1658//1692 1671//1705 1670//1704
f 1658//1692 1659//1693 1671//1705
f 1659//1693 1672//1706 1671//1705
f 1659//1693 1660//1694 1672//1706
f 1660//1694 1673//1707 1672//1706
f 1660//1694 1661//1695 1673//1707
f 1661//1695 1674//1708 1673//1707
f 1661//1695 1662//1696 1674//1708
f 1662//1696 1675//1709 1674//1708
f 1662//1696 1663//1697 1675//1709
f 1663//1697 1676//1710 1675//1709
f 1663//1697 1664//1698 1676//1710
f 1664//1698 1677//1711 1676//1710
f 1664//1698 1665//1699 1677//1711
f 1665//1699 1678//1712 1677//1711
f 1665//1699 1666//1700 1678//1712
f 1666//1700 1667//1701 1678//1712
f 1666//1700 1655//1689 1667//1701
f 1667//1701 1680//1714 1679//1713
f 1667//1701 1668//1702 1680//1714
f 1668//1702 1681//1715 1680//1714
f 1668//1702 1669//1703 1681//1715
f 1669//1703 1682//1716 1681//1715
f 1669//1703 1670//1704 1682//1716
f 1670//1704 1683//1717 1682//1716
f 1670//1704 1671//1705 1683//1717
f 1671//1705 1684//1718 1683//1717
f 1671//1705 1672//1706 1684//1718
f 1672//1706 1685//1719 1684//1718
f 1672//1706 1673//1707 1685//1719
f 1673//1707 1686//1720 1685//1719
f 1673//1707 1674//1708 1686//1720
f 1674//1708 1687//1721 1686//1720
f 1674//1708 1675//1709 1687//1721
f 1675//1709 1688//1722 1687//1721
f 1675//1709 1676//1710 1688//1722
f 1676//1710 1689//1723 1688//1722
f 1676//1710 1677//1711 1689//1723
f 1677//1711 1690//1724 1689//1723
f 1677//1711 1678//1712 1690//1724
f 1678//1712 1679//1713 1690//1724
f 1678//1712 1667//1701 1679//1713
f 1679//1713 1692//1726 1691//1725
f 1679//1713 1680//1714 1692//1726
f 1680//1714 1693//1727 1692//1726
f 1680//1714 1681//1715 1693//1727
f 1681//1715 1694//1728 1693//1727
f 1681//1715 1682//1716 1694//1728
f 1682//1716 1695//1729 1694//1728
f 1682//1716 1683//1717 1695//1729
f 1683//1717 1696//1730 1695//1729
f 1683//1717 1684//1718 1696//1730
f 1684//1718 1697//1731 1696//1730
f 1684//1718 1685//1719 1697//1731
f 1685//1719 1698//1732 1697//1731
f 1685//1719 1686//1720 1698//1732
f 1686//1720 1699//1733 1698//1732
f 1686//1720 1687//1721 1699//1733
f 1687//1721 1700//1734 1699//1733
f 1687//1721 1688//1722 1700//1734
f 1688//1722 1701//1735 1700//1734
f 1688//1722 1689//1723 1701//1735
f 1689//1723 1702//1736 1701//1735
f 1689//1723 1690//1724 1702//1736
f 1690//1724 1691//1725 1702//1736
f 1690//1724 1679//1713 1691//1725
f 1691//1725 1704//1738 1703//1737
f 1691//1725 1692//1726 1704//1738
f 1692//1726 1705//1739 1704//1738
f 1692//1726 1693//1727 1705//1739
f 1693//1727 1706//1740 1705//1739
f 1693//1727 1694//1728 1706//1740
f 1694//1728 1707//1741 1706//1740
f 1694//1728 1695//1729 1707//1741
f 1695//1729 1708//1742 1707//1741
f 1695//1729 1696//1730 1708//1742
f 1696//1730 1709//1743 1708//1742
f 1696//1730 1697//1731 1709//1743
f 1697//1731 1710//1744 1709//1743
f 1697//1731 1698//1732 1710//1744
f 1698//1732 1711//1745 1710//1744
f 1698//1732 1699//1733 1711//1745
f 1699//1733 1712//1746 1711//1745
f 1699//1733 1700//1734 1712//1746
f 1700//1734 1713//1747 1712//1746
f 1700//1734 1701//1735 1713//1747
f 1701//1735 1714//1748 1713//1747
f 1701//1735 1702//1736 1714//1748
f 1702//1736 1703//1737 1714//1748
f 1702//1736 1691//1725 1703//1737
f 1703//1737 1716//1750 1715//1749
f 1703//1737 1704//1738 1716//1750
f 1704//1738 1717//1751 1716//1750
f 1704//1738 1705//1739 1717//1751
f 1705//1739 1718//1752 1717//1751
f 1705//1739 1706//1740 1718//1752
f 1706//1740 1719//1753 1718//1752
f 1706//1740 1707//1741 1719//1753
f 1707//1741 1720//1754 1719//1753
f 1707//1741 1708//1742 1720//1754
f 1708//1742 1721//1755 1720//1754
f 1708//1742 1709//1743 1721//1755
f 1709//1743 1722//1756 1721//1755
f 1709//1743 1710//1744 1722//1756
f 1710//1744 1723//1757 1722//1756
f 1710//1744 1711//1745 1723//1757
f 1711//1745 1724//1758 1723//1757
f 1711//1745 1712//1746 1724//1758
f 1712//1746 1725//1759 1724//1758
f 1712//1746 1713//1747 1725//1759
f 1713//1747 1726//1760 1725//1759
f 1713//1747 1714//1748 1726//1760
f 1714//1748 1715//1749 1726//1760
f 1714//1748 1703//1737 1715//1749
f 1715//1749 1728//1762 1727//1761
f 1715//1749 1716//1750 1728//1762
f 1716//1750 1729//1763 1728//1762
f 1716//1750 1717//1751 1729//1763
f 1717//1751 1730//1764 1729//1763
f 1717//1751 1718//1752 1730//1764
f 1718//1752 1731//1765 1730//1764
f 1718//1752 1719//1753 1731//1765
f 1719//1753 1732//1766 1731//1765
f 1719//1753 1720//1754 1732//1766
f 1720//1754 1733//1767 1732//1766
f 1720//1754 1721//1755 1733//1767
f 1721//1755 1734//1768 1733//1767
f 1721//1755 1722//1756 1734//1768
f 1722//1756 1735//1769 1734//1768
f 1722//1756 1723//1757 1735//1769
f 1723//1757 1736//1770 1735//1769
f 1723//1757 1724//1758 1736//1770
f 1724//1758 1737//1771 1736//1770
f 1724//1758 1725//1759 1737//1771
f 1725//1759 1738//1772 1737//1771
f 1725//1759 1726//1760 1738//1772
f 1726//1760 1727//1761 1738//1772
f 1726//1760 1715//1749 1727//1761
f 1727//1761 1740//1774 1739//1773
f 1727//1761 1728//1762 1740//1774
f 1728//1762 1741//1775 1740//1774
f 1728//1762 1729//1763 1741//1775
f 1729//1763 1742//1776 1741//1775
f 1729//1763 1730//1764 1742//1776
f 1730//1764 1743//1777 1742//1776
f 1730//1764 1731//1765 1743//1777
f 1731//1765 1744//1778 1743//1777
f 1731//1765 1732//1766 1744//1778
f 1732//1766 1745//1779 1744//1778
f 1732//1766 1733//1767 1745//1779
f 1733//1767 1746//1780 1745//1779
f 1733//1767 1734//1768 1746//1780
f 1734//1768 1747//1781 1746//1780
f 1734//1768 1735//1769 1747//1781
f 1735//1769 1748//1782 1747//1781
f 1735//1769 1736//1770 1748//1782
f 1736//1770 1749//1783 1748//1782
f 1736//1770 1737//1771 1749//1783
f 1737//1771 1750//1784 1749//1783
f 1737//1771 1738//1772 1750//1784
f 1738//1772 1739//1773 1750//1784
f 1738//1772 1727//1761 1739//1773
f 1739//1773 1752//1786 1751//1785
f 1739//1773 1740//1774 1752//1786
f 1740//1774 1753//1787 1752//1786
f 1740//1774 1741//1775 1753//1787
f 1741//1775 1754//1788 1753//1787
f 1741//1775 1742//1776 1754//1788
f 1742//1776 1755//1789 1754//1788
f 1742//1776 1743//1777 1755//1789
f 1743//1777 1756//1790 1755//1789
f 1743//1777 1744//1778 1756//1790
f 1744//1778 1757//1791 1756//1790
f 1744//1778 1745//1779 1757//1791
f 1745//1779 1758//1792 1757//1791
f 1745//1779 1746//1780 1758//1792
f 1746//1780 1759//1793 1758//1792
f 1746//1780 1747//1781 1759//1793
f 1747//1781 1760//1794 1759//1793
f 1747//1781 1748//1782 1760//1794
f 1748//1782 1761//1795 1760//1794
f 1748//1782 1749//1783 1761//1795
f 1749//1783 1762//1796 1761//1795
f 1749//1783 1750//1784 1762//1796
f 1750//1784 1751//1785 1762//1796
f 1750//1784 1739//1773 1751//1785
f 1751//1785 1764//1798 1763//1797
f 1751//1785 1752//1786 1764//1798
f 1752//1786 1765//1799 1764//1798
f 1752//1786 1753//1787 1765//1799
f 1753//1787 1766//1800 1765//1799
f 1753//1787 1754//1788 1766//1800
f 1754//1788 1767//1801 1766//1800
f 1754//1788 1755//1789 1767//1801
f 1755//1789 1768//1802 1767//1801
f 1755//1789 1756//1790 1768//1802
f 1756//1790 1769//1803 1768//1802
f 1756//1790 1757//1791 1769//1803
f 1757//1791 1770//1804 1769//1803
f 1757//1791 1758//1792 1770//1804
f 1758//1792 1771//1805 1770//1804
f 1758//1792 1759//1793 1771//1805
f 1759//1793 1772//1806 1771//1805
f 1759//1793 1760//1794 1772//1806
f 1760//1794 1773//1807 1772//1806
f 1760//1794 1761//1795 1773//1807
f 1761//1795 1774//1808 1773//1807
f 1761//1795 1762//1796 1774//1808
f 1762//1796 1763//1797 1774//1808
f 1762//1796 1751//1785 1763//1797
f 1763//1797 1776//1810 1775//1809
f 1763//1797 1764//1798 1776//1810
f 1764//1798 1777//1811 1776//1810
f 1764//1798 1765//1799 1777//1811
f 1765//1799 1778//1812 1777//1811
f 1765//1799 1766//1800 1778//1812
f 1766//1800 1779//1813 1778//1812
f 1766//1800 1767//1801 1779//1813
f 1767//1801 1780//1814 1779//1813
f 1767//1801 1768//1802 1780//1814
f 1768//1802 1781//1815 1780//1814
f 1768//1802 1769//1803 1781//1815
f 1769//1803 1782//1816 1781//1815
f 1769//1803 1770//1804 1782//1816
f 1770//1804 1783//1817 1782//1816
f 1770//1804 1771//1805 1783//1817
f 1771//1805 1784//1818 1783//1817
f 1771//1805 1772//1806 1784//1818
f 1772//1806 1785//1819 1784//1818
f 1772//1806 1773//1807 1785//1819
f 1773//1807 1786//1820 1785//1819
f 1773//1807 1774//1808 1786//1820
f 1774//1808 1775//1809 1786//1820
f 1774//1808 1763//1797 1775//1809
f 1775//1809 1788//1822 1787//1821
f 1775//1809 1776//1810 1788//1822
f 1776//1810 1789//1823 1788//1822
f 1776//1810 1777//1811 1789//1823
f 1777//1811 1790//1824 1789//1823
f 1777//1811 1778//1812 1790//1824
f 1778//1812 1791//1825 1790//1824
f 1778//1812 1779//1813 1791//1825
f 1779//1813 1792//1826 1791//1825
f 1779//1813 1780//1814 1792//1826
f 1780//1814 1793//1827 1792//1826
f 1780//1814 1781//1815 1793//1827
f 1781//1815 1794//1828 1793//1827
f 1781//1815 1782//1816 1794//1828
f 1782//1816 1795//1829 1794//1828
f 1782//1816 1783//1817 1795//1829
f 1783//1817 1796//1830 1795//1829
f 1783//1817 1784//1818 1796//1830
f 1784//1818 1797//1831 1796//1830
f 1784//1818 1785//1819 1797//1831
f 1785//1819 1798//1832 1797//1831
f 1785//1819 1786//1820 1798//1832
f 1786//1820 1787//1821 1798//1832
f 1786//1820 1775//1809 1787//1821
f 1787//1821 1800//1834 1799//1833
f 1787//1821 1788//1822 1800//1834
f 1788//1822 1801//1835 1800//1834
f 1788//1822 1789//1823 1801//1835
f 1789//1823 1802//1836 1801//1835
f 1789//1823 1790//1824 1802//1836
f 1790//1824 1803//1837 1802//1836
f 1790//1824 1791//1825 1803//1837
f 1791//1825 1804//1838 1803//1837
f 1791//1825 1792//1826 1804//1838
f 1792//1826 1805//1839 1804//1838
f 1792//1826 1793//1827 1805//1839
f 1793//1827 1806//1840 1805//1839
f 1793//1827 1794//1828 1806//1840
f 1794//1828 1807//1841 1806//1840
f 1794//1828 1795//1829 1807//1841
f 1795//1829 1808//1842 1807//1841
f 1795//1829 1796//1830 1808//1842
f 1796//1830 1809//1843 1808//1842
f 1796//1830 1797//1831 1809//1843
f 1797//1831 1810//1844 1809//1843
f 1797//1831 1798//1832 1810//1844
f 1798//1832 1799//1833 1810//1844
f 1798//1832 1787//1821 1799//1833
f 1799//1833 1812//1846 1811//1845
f 1799//1833 1800//1834 1812//1846
f 1800//1834 1813//1847 1812//1846
f 1800//1834 1801//1835 1813//1847
f 1801//1835 1814//1848 1813//1847
f 1801//1835 1802//1836 1814//1848
f 1802//1836 1815//1849 1814//1848
f 1802//1836 1803//1837 1815//1849
f 1803//1837 1816//1850 1815//1849
f 1803//1837 1804//1838 1816//1850
f 1804//1838 1817//1851 1816//1850
f 1804//1838 1805//1839 1817//1851
f 1805//1839 1818//1852 1817//1851
f 1805//1839 1806//1840 1818//1852
f 1806//1840 1819//1853 1818//1852
f 1806//1840 1807//1841 1819//1853
f 1807//1841 1820//1854 1819//1853
f 1807//1841 1808//1842 1820//1854
f 1808//1842 1821//1855 1820//1854
f 1808//1842 1809//1843 1821//1855
f 1809//1843 1822//1856 1821//1855
f 1809//1843 1810//1844 1822//1856
f 1810//1844 1811//1845 1822//1856
f 1810//1844 1799//1833 1811//1845
f 1811//1845 1824//1858 1823//1857
f 1811//1845 1812//1846 1824//1858
f 1812//1846 1825//1859 1824//1858
f 1812//1846 1813//1847 1825//1859
f 1813//1847 1826//1860 1825//1859
f 1813//1847 1814//1848 1826//1860
f 1814//1848 1827//1861 1826//1860
f 1814//1848 1815//1849 1827//1861
f 1815//1849 1828//1862 1827//1861
f 1815//1849 1816//1850 1828//1862
f 1816//1850 1829//1863 1828//1862
f 1816//1850 1817//1851 1829//1863
f 1817//1851 1830//1864 1829//1863
f 1817//1851 1818//1852 1830//1864
f 1818//1852 1831//1865 1830//1864
f 1818//1852 1819//1853 1831//1865
f 1819//1853 1832//1866 1831//1865
f 1819//1853 1820//1854 1832//1866
f 1820//1854 1833//1867 1832//1866
f 1820//1854 1821//1855 1833//1867
f 1821//1855 1834//1868 1833//1867
f 1821//1855 1822//1856 1834//1868
f 1822//1856 1823//1857 1834//1868
f 1822//1856 1811//1845 1823//1857
f 1823//1857 1836//1870 1835//1869
f 1823//1857 1824//1858 1836//1870
f 1824//1858 1837//1871 1836//1870
f 1824//1858 1825//1859 1837//1871
f 1825//1859 1838//1872 1837//1871
f 1825//1859 1826//1860 1838//1872
f 1826//1860 1839//1873 1838//1872
f 1826//1860 1827//1861 1839//1873
f 1827//1861 1840//1874 1839//1873
f 1827//1861 1828//1862 1840//1874
f 1828//1862 1841//1875 1840//1874
f 1828//1862 1829//1863 1841//1875
f 1829//1863 1842//1876 1841//1875
f 1829//1863 1830//1864 1842//1876
f 1830//1864 1843//1877 1842//1876
f 1830//1864 1831//1865 1843//1877
f 1831//1865 1844//1878 1843//1877
f 1831//1865 1832//1866 1844//1878
f 1832//1866 1845//1879 1844//1878
f 1832//1866 1833//1867 1845//1879
f 1833//1867 1846//1880 1845//1879
f 1833//1867 1834//1868 1846//1880
f 1834//1868 1835//1869 1846//1880
f 1834//1868 1823//1857 1835//1869
f 1835//1869 1848//1882 1847//1881
f 1835//1869 1836//1870 1848//1882
f 1836//1870 1849//1883 1848//1882
f 1836//1870 1837//1871 1849//1883
f 1837//1871 1850//1884 1849//1883
f 1837//1871 1838//1872 1850//1884
f 1838//1872 1851//1885 1850//1884
f 1838//1872 1839//1873 1851//1885
f 1839//1873 1852//1886 1851//1885
f 1839//1873 1840//1874 1852//1886
f 1840//1874 1853//1887 1852//1886
f 1840//1874 1841//1875 1853//1887
f 1841//1875 1854//1888 1853//1887
f 1841//1875 1842//1876 1854//1888
f 1842//1876 1855//1889 1854//1888
f 1842//1876 1843//1877 1855//1889
f 1843//1877 1856//1890 1855//1889
f 1843//1877 1844//1878 1856//1890
f 1844//1878 1857//1891 1856//1890
f 1844//1878 1845//1879 1857//1891
f 1845//1879 1858//1892 1857//1891
f 1845//1879 1846//1880 1858//1892
f 1846//1880 1847//1881 1858//1892
f 1846//1880 1835//1869 1847//1881
f 1847//1881 1860//1894 1859//1893
f 1847//1881 1848//1882 1860//1894
f 1848//1882 1861//1895 1860//1894
f 1848//1882 1849//1883 1861//1895
f 1849//1883 1862//1896 1861//1895
f 1849//1883 1850//1884 1862//1896
f 1850//1884 1863//1897 1862//1896
f 1850//1884 1851//1885 1863//1897
f 1851//1885 1864//1898 1863//1897
f 1851//1885 1852//1886 1864//1898
f 1852//1886 1865//1899 1864//1898
f 1852//1886 1853//1887 1865//1899
f 1853//1887 1866//1900 1865//1899
f 1853//1887 1854//1888 1866//1900
f 1854//1888 1867//1901 1866//1900
f 1854//1888 1855//1889 1867//1901
f 1855//1889 1868//1902 1867//1901
f 1855//1889 1856//1890 1868//1902
f 1856//1890 1869//1903 1868//1902
f 1856//1890 1857//1891 1869//1903
f 1857//1891 1870//1904 1869//1903
f 1857//1891 1858//1892 1870//1904
f 1858//1892 1859//1893 1870//1904
f 1858//1892 1847//1881 1859//1893
f 1859//1893 1872//1906 1871//1905
f 1859//1893 1860//1894 1872//1906
f 1860//1894 1873//1907 1872//1906
f 1860//1894 1861//1895 1873//1907
f 1861//1895 1874//1908 1873//1907
f 1861//1895 1862//1896 1874//1908
f 1862//1896 1875//1909 1874//1908
f 1862//1896 1863//1897 1875//1909
f 1863//1897 1876//1910 1875//1909
f 1863//1897 1864//1898 1876//1910
f 1864//1898 1877//1911 1876//1910
f 1864//1898 1865//1899 1877//1911
f 1865//1899 1878//1912 1877//1911
f 1865//1899 1866//1900 1878//1912
f 1866//1900 1879//1913 1878//1912
f 1866//1900 1867//1901 1879//1913
f 1867//1901 1880//1914 1879//1913
f 1867//1901 1868//1902 1880//1914
f 1868//1902 1881//1915 1880//1914
f 1868//1902 1869//1903 1881//1915
f 1869//1903 1882//1916 1881//1915
f 1869//1903 1870//1904 1882//1916
f 1870//1904 1871//1905 1882//1916
f 1870//1904 1859//1893 1871//1905
f 1871//1905 1884//1918 1883//1917
f 1871//1905 1872//1906 1884//1918
f 1872//1906 1885//1919 1884//1918
f 1872//1906 1873//1907 1885//1919
f 1873//1907 1886//1920 1885//1919
f 1873//1907 1874//1908 1886//1920
f 1874//1908 1887//1921 1886//1920
f 1874//1908 1875//1909 1887//1921
f 1875//1909 1888//1922 1887//1921
f 1875//1909 1876//1910 1888//1922
f 1876//1910 1889//1923 1888//1922
f 1876//1910 1877//1911 1889//1923
f 1877//1911 1890//1924 1889//1923
f 1877//1911 1878//1912 1890//1924
f 1878//1912 1891//1925 1890//1924
f 1878//1912 1879//1913 1891//1925
f 1879//1913 1892//1926 1891//1925
f 1879//1913 1880//1914 1892//1926
f 1880//1914 1893//1927 1892//1926
f 1880//1914 1881//1915 1893//1927
f 1881//1915 1894//1928 1893//1927
f 1881//1915 1882//1916 1894//1928
f 1882//1916 1883//1917 1894//1928
f 1882//1916 1871//1905 1883//1917
f 1883//1917 1896//1930 1895//1929
f 1883//1917 1884//1918 1896//1930
f 1884//1918 1897//1931 1896//1930
f 1884//1918 1885//1919 1897//1931
f 1885//1919 1898//1932 1897//1931
f 1885//1919 1886//1920 1898//1932
f 1886//1920 1899//1933 1898//1932
f 1886//1920 1887//1921 1899//1933
f 1887//1921 1900//1934 1899//1933
f 1887//1921 1888//1922 1900//1934
f 1888//1922 1901//1935 1900//1934
f 1888//1922 1889//1923 1901//1935
f 1889//1923 1902//1936 1901//1935
f 1889//1923 1890//1924 1902//1936
f 1890//1924 1903//1937 1902//1936
f 1890//1924 1891//1925 1903//1937
f 1891//1925 1904//1938 1903//1937
f 1891//1925 1892//1926 1904//1938
f 1892//1926 1905//1939 1904//1938
f 1892//1926 1893//1927 1905//1939
f 1893//1927 1906//1940 1905//1939
f 1893//1927 1894//1928 1906//1940
f 1894//1928 1895//1929 1906//1940
f 1894//1928 1883//1917 1895//1929
f 1895//1929 1908//1942 1907//1941
f 1895//1929 1896//1930 1908//1942
f 1896//1930 1909//1943 1908//1942
f 1896//1930 1897//1931 1909//1943
f 1897//1931 1910//1944 1909//1943
f 1897//1931 1898//1932 1910//1944
f 1898//1932 1911//1945 1910//1944
f 1898//1932 1899//1933 1911//1945
f 1899//1933 1912//1946 1911//1945
f 1899//1933 1900//1934 1912//1946
f 1900//1934 1913//1947 1912//1946
f 1900//1934 1901//1935 1913//1947
f 1901//1935 1914//1948 1913//1947
f 1901//1935 1902//1936 1914//1948
f 1902//1936 1915//1949 1914//1948
f 1902//1936 1903//1937 1915//1949
f 1903//1937 1916//1950 1915//1949
f 1903//1937 1904//1938 1916//1950
f 1904//1938 1917//1951 1916//1950
f 1904//1938 1905//1939 1917//1951
f 1905//1939 1918//1952 1917//1951
f 1905//1939 1906//1940 1918//1952
f 1906//1940 1907//1941 1918//1952
f 1906//1940 1895//1929 1907//1941
f 1907//1941 1920//1954 1919//1953
f 1907//1941 1908//1942 1920//1954
f 1908//1942 1921//1955 1920//1954
f 1908//1942 1909//1943 1921//1955
f 1909//1943 1922//1956 1921//1955
f 1909//1943 1910//1944 1922//1956
f 1910//1944 1923//1957 1922//1956
f 1910//1944 1911//1945 1923//1957
f 1911//1945 1924//1958 1923//1957
f 1911//1945 1912//1946 1924//1958
f 1912//1946 1925//1959 1924//1958
f 1912//1946 1913//1947 1925//1959
f 1913//1947 1926//1960 1925//1959
f 1913//1947 1914//1948 1926//1960
f 1914//1948 1927//1961 1926//1960
f 1914//1948 1915//1949 1927//1961
f 1915//1949 1928//1962 1927//1961
f 1915//1949 1916//1950 1928//1962
f 1916//1950 1929//1963 1928//1962
f 1916//1950 1917//1951 1929//1963
f 1917//1951 1930//1964 1929//1963
f 1917//1951 1918//1952 1930//1964
f 1918//1952 1919//1953 1930//1964
f 1918//1952 1907//1941 1919//1953
f 1919//1953 1932//1966 1931//1965
f 1919//1953 1920//1954 1932//1966
f 1920//1954 1933//1967 1932//1966
f 1920//1954 1921//1955 1933//1967
f 1921//1955 1934//1968 1933//1967
f 1921//1955 1922//1956 1934//1968
f 1922//1956 1935//1969 1934//1968
f 1922//1956 1923//1957 1935//1969
f 1923//1957 1936//1970 1935//1969
f 1923//1957 1924//1958 1936//1970
f 1924//1958 1937//1971 1936//1970
f 1924//1958 1925//1959 1937//1971
f 1925//1959 1938//1972 1937//1971
f 1925//1959 1926//1960 1938//1972
f 1926//1960 1939//1973 1938//1972
f 1926//1960 1927//1961 1939//1973
f 1927//1961 1940//1974 1939//1973
f 1927//1961 1928//1962 1940//1974
f 1928//1962 1941//1975 1940//1974
f 1928//1962 1929//1963 1941//1975
f 1929//1963 1942//1976 1941//1975
f 1929//1963 1930//1964 1942//1976
f 1930//1964 1931//1965 1942//1976
f 1930//1964 1919//1953 1931//1965
f 1931//1965 1944//1978 1943//1977
f 1931//1965 1932//1966 1944//1978
f 1932//1966 1945//1979 1944//1978
f 1932//1966 1933//1967 1945//1979
f 1933//1967 1946//1980 1945//1979
f 1933//1967 1934//1968 1946//1980
f 1934//1968 1947//1981 1946//1980
f 1934//1968 1935//1969 1947//1981
f 1935//1969 1948//1982 1947//1981
f 1935//1969 1936//1970 1948//1982
f 1936//1970 1949//1983 1948//1982
f 1936//1970 1937//1971 1949//1983
f 1937//1971 1950//1984 1949//1983
f 1937//1971 1938//1972 1950//1984
f 1938//1972 1951//1985 1950//1984
f 1938//1972 1939//1973 1951//1985
f 1939//1973 1952//1986 1951//1985
f 1939//1973 1940//1974 1952//1986
f 1940//1974 1953//1987 1952//1986
f 1940//1974 1941//1975 1953//1987
f 1941//1975 1954//1988 1953//1987
f 1941//1975 1942//1976 1954//1988
f 1942//1976 1943//1977 1954//1988
f 1942//1976 1931//1965 1943//1977
f 1943//1977 1956//1990 1955//1989
f 1943//1977 1944//1978 1956//1990
f 1944//1978 1957//1991 1956//1990
f 1944//1978 1945//1979 1957//1991
f 1945//1979 1958//1992 1957//1991
f 1945//1979 1946//1980 1958//1992
f 1946//1980 1959//1993 1958//1992
f 1946//1980 1947//1981 1959//1993
f 1947//1981 1960//1994 1959//1993
f 1947//1981 1948//1982 1960//1994
f 1948//1982 1961//1995 1960//1994
f 1948//1982 1949//1983 1961//1995
f 1949//1983 1962//1996 1961//1995
f 1949//1983 1950//1984 1962//1996
f 1950//1984 1963//1997 1962//1996
f 1950//1984 1951//1985 1963//1997
f 1951//1985 1964//1998 1963//1997
f 1951//1985 1952//1986 1964//1998
f 1952//1986 1965//1999 1964//1998
f 1952//1986 1953//1987 1965//1999
f 1953//1987 1966//2000 1965//1999
f 1953//1987 1954//1988 1966//2000
f 1954//1988 1955//1989 1966//2000
f 1954//1988 1943//1977 1955//1989
f 1955//1989 1968//2002 1967//2001
f 1955//1989 1956//1990 1968//2002
f 1956//1990 1969//2003 1968//2002
f 1956//1990 1957//1991 1969//2003
f 1957//1991 1970//2004 1969//2003
f 1957//1991 1958//1992 1970//2004
f 1958//1992 1971//2005 1970//2004
f 1958//1992 1959//1993 1971//2005
f 1959//1993 1972//2006 1971//2005
f 1959//1993 1960//1994 1972//2006
f 1960//1994 1973//2007 1972//2006
f 1960//1994 1961//1995 1973//2007
f 1961//1995 1974//2008 1973//2007
f 1961//1995 1962//1996 1974//2008
f 1962//1996 1975//2009 1974//2008
f 1962//1996 1963//1997 1975//2009
f 1963//1997 1976//2010 1975//2009
f 1963//1997 1964//1998 1976//2010
f 1964//1998 1977//2011 1976//2010
f 1964//1998 1965//1999 1977//2011
f 1965//1999 1978//2012 1977//2011
f 1965//1999 1966//2000 1978//2012
f 1966//2000 1967//2001 1978//2012
f 1966//2000 1955//1989 1967//2001
f 1967//2001 1980//2014 1979//2013
f 1967//2001 1968//2002 1980//2014
f 1968//2002 1981//2015 1980//2014
f 1968//2002 1969//2003 1981//2015
f 1969//2003 1982//2016 1981//2015
f 1969//2003 1970//2004 1982//2016
f 1970//2004 1983//2017 1982//2016
f 1970//2004 1971//2005 1983//2017
f 1971//2005 1984//2018 1983//2017
f 1971//2005 1972//2006 1984//2018
f 1972//2006 1985//2019 1984//2018
f 1972//2006 1973//2007 1985//2019
f 1973//2007 1986//2020 1985//2019
f 1973//2007 1974//2008 1986//2020
f 1974//2008 1987//2021 1986//2020
f 1974//2008 1975//2009 1987//2021
f 1975//2009 1988//2022 1987//2021
f 1975//2009 1976//2010 1988//2022
f 1976//2010 1989//2023 1988//2022
f 1976//2010 1977//2011 1989//2023
f 1977//2011 1990//2024 1989//2023
f 1977//2011 1978//2012 1990//2024
f 1978//2012 1979//2013 1990//2024
f 1978//2012 1967//2001 1979//2013
f 1979//2013 1992//2026 1991//2025
f 1979//2013 1980//2014 1992//2026
f 1980//2014 1993//2027 1992//2026
f 1980//2014 1981//2015 1993//2027
f 1981//2015 1994//2028 1993//2027
f 1981//2015 1982//2016 1994//2028
f 1982//2016 1995//2029 1994//2028
f 1982//2016 1983//2017 1995//2029
f 1983//2017 1996//2030 1995//2029
f 1983//2017 1984//2018 1996//2030
f 1984//2018 1997//2031 1996//2030
f 1984//2018 1985//2019 1997//2031
f 1985//2019 1998//2032 1997//2031
f 1985//2019 1986//2020 1998//2032
f 1986//2020 1999//2033 1998//2032
f 1986//2020 1987//2021 1999//2033
f 1987//2021 2000//2034 1999//2033
f 1987//2021 1988//2022 2000//2034
f 1988//2022 2001//2035 2000//2034
f 1988//2022 1989//2023 2001//2035
f 1989//2023 2002//2036 2001//2035
f 1989//2023 1990//2024 2002//2036
f 1990//2024 1991//2025 2002//2036
f 1990//2024 1979//2013 1991//2025
f 1991//2025 564//598 563//597
f 1991//2025 1992//2026 564//598
f 1992//2026 565//599 564//598
f 1992//2026 1993//2027 565//599
f 1993//2027 566//600 565//599
f 1993//2027 1994//2028 566//600
f 1994//2028 567//601 566//600
f 1994//2028 1995//2029 567//601
f 1995//2029 568//602 567//601
f 1995//2029 1996//2030 568//602
f 1996//2030 569//603 568//602
f 1996//2030 1997//2031 569//603
f 1997//2031 570//604 569//603
f 1997//2031 1998//2032 570//604
f 1998//2032 571//605 570//604
f 1998//2032 1999//2033 571//605
f 1999//2033 572//606 571//605
f 1999//2033 2000//2034 572//606
f 2000//2034 573//607 572//606
f 2000//2034 2001//2035 573//607
f 2001//2035 574//608 573//607
f 2001//2035 2002//2036 574//608
f 2002//2036 563//597 574//608
f 2002//2036 1991//2025 563//597

o glass_brilliant_gem
usemtl glass_gem
v 1.279829 0.950000 -0.507851
v 1.269145 0.950000 -0.438436
v 1.232710 0.950000 -0.378394
v 1.176071 0.950000 -0.336865
v 1.107851 0.950000 -0.320171
v 1.038436 0.950000 -0.330855
v 0.978394 0.950000 -0.367290
v 0.936865 0.950000 -0.423929
v 0.920171 0.950000 -0.492149
v 0.930855 0.950000 -0.561564
v 0.967290 0.950000 -0.621606
v 1.023929 0.950000 -0.663135
v 1.092149 0.950000 -0.679829
v 1.161564 0.950000 -0.669145
v 1.221606 0.950000 -0.632710
v 1.263135 0.950000 -0.576071
v 1.386625 0.820000 -0.455884
v 1.347924 0.820000 -0.349556
v 1.271480 0.820000 -0.266131
v 1.168929 0.820000 -0.218311
v 1.055884 0.820000 -0.213375
v 0.949556 0.820000 -0.252076
v 0.866131 0.820000 -0.328520
v 0.818311 0.820000 -0.431071
v 0.813375 0.820000 -0.544116
v 0.852076 0.820000 -0.650444
v 0.928520 0.820000 -0.733869
v 1.031071 0.820000 -0.781689
v 1.144116 0.820000 -0.786625
v 1.250444 0.820000 -0.747924
v 1.333869 0.820000 -0.671480
v 1.381689 0.820000 -0.568929
v 1.519600 0.580000 -0.518320
v 1.494671 0.580000 -0.356352
v 1.409656 0.580000 -0.216252
v 1.277500 0.580000 -0.119351
v 1.118320 0.580000 -0.080400
v 0.956352 0.580000 -0.105329
v 0.816252 0.580000 -0.190344
v 0.719351 0.580000 -0.322500
v 0.680400 0.580000 -0.481680
v 0.705329 0.580000 -0.643648
v 0.790344 0.580000 -0.783748
v 0.922500 0.580000 -0.880649
v 1.081680 0.580000 -0.919600
v 1.243648 0.580000 -0.894671
v 1.383748 0.580000 -0.809656
v 1.480649 0.580000 -0.677500
v 1.519600 0.530000 -0.518320
v 1.494671 0.530000 -0.356352
v 1.409656 0.530000 -0.216252
v 1.277500 0.530000 -0.119351
v 1.118320 0.530000 -0.080400
v 0.956352 0.530000 -0.105329
v 0.816252 0.530000 -0.190344
v 0.719351 0.530000 -0.322500
v 0.680400 0.530000 -0.481680
v 0.705329 0.530000 -0.643648
v 0.790344 0.530000 -0.783748
v 0.922500 0.530000 -0.880649
v 1.081680 0.530000 -0.919600
v 1.243648 0.530000 -0.894671
v 1.383748 0.530000 -0.809656
v 1.480649 0.530000 -0.677500
v 1.347090 0.220000 -0.461969
v 1.313728 0.220000 -0.370307
v 1.247827 0.220000 -0.298389
v 1.159421 0.220000 -0.257164
v 1.061969 0.220000 -0.252910
v 0.970307 0.220000 -0.286272
v 0.898389 0.220000 -0.352173
v 0.857164 0.220000 -0.440579
v 0.852910 0.220000 -0.538031
v 0.886272 0.220000 -0.629693
v 0.952173 0.220000 -0.701611
v 1.040579 0.220000 -0.742836
v 1.138031 0.220000 -0.747090
v 1.229693 0.220000 -0.713728
v 1.301611 0.220000 -0.647827
v 1.342836 0.220000 -0.559421
v 1.100000 0.950000 -0.500000
v 1.100000 0.010000 -0.500000
vn -0.000000 1.000000 0.000000
vn 0.000000 1.000000 0.000000
vn 0.000000 1.000000 0.000000
vn 0.000000 1.000000 0.000000
vn 0.000000 1.000000 -0.000000
vn 0.000000 1.000000 0.000000
vn 0.000000 1.000000 0.000000
vn 0.000000 1.000000 0.000000
vn 0.000000 1.000000 0.000000
vn 0.000000 1.000000 0.000000
vn 0.000000 1.000000 0.000000
vn 0.000000 1.000000 0.000000
vn 0.000000 1.000000 0.000000
vn 0.000000 1.000000 0.000000
vn 0.000000 1.000000 0.000000
vn 0.000000 1.000000 0.000000
vn 0.695456 0.672509 0.253125
vn 0.808574 0.575082 0.124452
vn 0.545651 0.672509 0.499997
vn 0.699400 0.575082 0.424406
vn 0.312775 0.672509 0.670748
vn 0.483748 0.575082 0.659749
vn 0.032282 0.672509 0.739384
vn 0.194450 0.575082 0.794651
vn -0.253125 0.672509 0.695456
vn -0.124452 0.575082 0.808574
vn -0.499997 0.672509 0.545651
vn -0.424406 0.575082 0.699400
vn -0.670748 0.672509 0.312775
vn -0.659749 0.575082 0.483748
vn -0.739384 0.672509 0.032282
vn -0.794651 0.575082 0.194450
vn -0.695456 0.672509 -0.253125
vn -0.808574 0.575082 -0.124452
vn -0.545651 0.672509 -0.499997
vn -0.699400 0.575082 -0.424406
vn -0.312775 0.672509 -0.670748
vn -0.483748 0.575082 -0.659749
vn -0.032282 0.672509 -0.739384
vn -0.194450 0.575082 -0.794651
vn 0.253125 0.672509 -0.695456
vn 0.124452 0.575082 -0.808574
vn 0.499997 0.672509 -0.545651
vn 0.424406 0.575082 -0.699400
vn 0.670748 0.672509 -0.312775
vn 0.659749 0.575082 -0.483748
vn 0.739384 0.672509 -0.032282
vn 0.794651 0.575082 -0.194450
vn 0.881165 0.452939 0.135624
vn 0.818178 0.491838 0.297792
vn 0.762189 0.452939 0.462508
vn 0.641938 0.491838 0.588228
vn 0.527177 0.452939 0.718979
vn 0.367968 0.491838 0.789110
vn 0.211907 0.452939 0.865992
vn 0.037979 0.491838 0.869858
vn -0.135624 0.452939 0.881165
vn -0.297792 0.491838 0.818178
vn -0.462508 0.452939 0.762189
vn -0.588228 0.491838 0.641938
vn -0.718979 0.452939 0.527177
vn -0.789110 0.491838 0.367968
vn -0.865992 0.452939 0.211907
vn -0.869858 0.491838 0.037979
vn -0.881165 0.452939 -0.135624
vn -0.818178 0.491838 -0.297792
vn -0.762189 0.452939 -0.462508
vn -0.641938 0.491838 -0.588228
vn -0.527177 0.452939 -0.718979
vn -0.367968 0.491838 -0.789110
vn -0.211907 0.452939 -0.865992
vn -0.037979 0.491838 -0.869858
vn 0.135624 0.452939 -0.881165
vn 0.297792 0.491838 -0.818178
vn 0.462508 0.452939 -0.762189
vn 0.588228 0.491838 -0.641938
vn 0.718979 0.452939 -0.527177
vn 0.789110 0.491838 -0.367968
vn 0.865992 0.452939 -0.211907
vn 0.869858 0.491838 -0.037979
vn 0.988362 0.000000 0.152123
vn 0.988362 0.000000 0.152123
vn 0.854912 0.000000 0.518773
vn 0.854912 0.000000 0.518773
vn 0.591310 0.000000 0.806445
vn 0.591310 0.000000 0.806445
vn 0.237686 0.000000 0.971342
vn 0.237686 0.000000 0.971342
vn -0.152123 0.000000 0.988362
vn -0.152123 0.000000 0.988362
vn -0.518773 0.000000 0.854912
vn -0.518773 0.000000 0.854912
vn -0.806445 0.000000 0.591310
vn -0.806445 0.000000 0.591310
vn -0.971342 0.000000 0.237686
vn -0.971342 0.000000 0.237686
vn -0.988362 -0.000000 -0.152123
vn -0.988362 0.000000 -0.152123
vn -0.854912 -0.000000 -0.518773
vn -0.854912 0.000000 -0.518773
vn -0.591310 -0.000000 -0.806445
vn -0.591310 0.000000 -0.806445
vn -0.237686 -0.000000 -0.971342
vn -0.237686 0.000000 -0.971342
vn 0.152123 0.000000 -0.988362
vn 0.152123 0.000000 -0.988362
vn 0.518773 0.000000 -0.854912
vn 0.518773 0.000000 -0.854912
vn 0.806445 0.000000 -0.591310
vn 0.806445 0.000000 -0.591310
vn 0.971342 0.000000 -0.237686
vn 0.971342 0.000000 -0.237686
vn 0.853458 -0.418469 0.310633
vn 0.853574 -0.504134 0.131378
vn 0.669618 -0.418469 0.613592
vn 0.738324 -0.504134 0.448026
vn 0.383835 -0.418469 0.823137
vn 0.510670 -0.504134 0.696466
vn 0.039616 -0.418469 0.907367
vn 0.205272 -0.504134 0.838876
vn -0.310633 -0.418469 0.853458
vn -0.131378 -0.504134 0.853574
vn -0.613592 -0.418469 0.669618
vn -0.448026 -0.504134 0.738324
vn -0.823137 -0.418469 0.383835
vn -0.696466 -0.504134 0.510670
vn -0.907367 -0.418469 0.039616
vn -0.838876 -0.504134 0.205272
vn -0.853458 -0.418469 -0.310633
vn -0.853574 -0.504134 -0.131378
vn -0.669618 -0.418469 -0.613592
vn -0.738324 -0.504134 -0.448026
vn -0.383835 -0.418469 -0.823137
vn -0.510670 -0.504134 -0.696466
vn -0.039616 -0.418469 -0.907367
vn -0.205272 -0.504134 -0.838876
vn 0.310633 -0.418469 -0.853458
vn 0.131378 -0.504134 -0.853574
vn 0.613592 -0.418469 -0.669618
vn 0.448026 -0.504134 -0.738324
vn 0.823137 -0.418469 -0.383835
vn 0.696466 -0.504134 -0.510670
vn 0.907367 -0.418469 -0.039616
vn 0.838876 -0.504134 -0.205272
vn 0.611261 -0.759514 0.222481
vn 0.479592 -0.759514 0.439465
vn 0.274909 -0.759514 0.589545
vn 0.028374 -0.759514 0.649872
vn -0.222481 -0.759514 0.611261
vn -0.439465 -0.759514 0.479592
vn -0.589545 -0.759514 0.274909
vn -0.649872 -0.759514 0.028374
vn -0.611261 -0.759514 -0.222481
vn -0.479592 -0.759514 -0.439465
vn -0.274909 -0.759514 -0.589545
vn -0.028374 -0.759514 -0.649872
vn 0.222481 -0.759514 -0.611261
vn 0.439465 -0.759514 -0.479592
vn 0.589545 -0.759514 -0.274909
vn 0.649872 -0.759514 -0.028374
f 2083//2037 2004//2037 2003//2037
f 2083//2038 2005//2038 2004//2038
f 2083//2039 2006//2039 2005//2039
f 2083//2040 2007//2040 2006//2040
f 2083//2041 2008//2041 2007//2041
f 2083//2042 2009//2042 2008//2042
f 2083//2043 2010//2043 2009//2043
f 2083//2044 2011//2044 2010//2044
f 2083//2045 2012//2045 2011//2045
f 2083//2046 2013//2046 2012//2046
f 2083//2047 2014//2047 2013//2047
f 2083//2048 2015//2048 2014//2048
f 2083//2049 2016//2049 2015//2049
f 2083//2050 2017//2050 2016//2050
f 2083//2051 2018//2051 2017//2051
f 2083//2052 2003//2052 2018//2052
f 2003//2053 2020//2053 2019//2053
f 2003//2054 2004//2054 2020//2054
f 2004//2055 2021//2055 2020//2055
f 2004//2056 2005//2056 2021//2056
f 2005//2057 2022//2057 2021//2057
f 2005//2058 2006//2058 2022//2058
f 2006//2059 2023//2059 2022//2059
f 2006//2060 2007//2060 2023//2060
f 2007//2061 2024//2061 2023//2061
f 2007//2062 2008//2062 2024//2062
f 2008//2063 2025//2063 2024//2063
f 2008//2064 2009//2064 2025//2064
f 2009//2065 2026//2065 2025//2065
f 2009//2066 2010//2066 2026//2066
f 2010//2067 2027//2067 2026//2067
f 2010//2068 2011//2068 2027//2068
f 2011//2069 2028//2069 2027//2069
f 2011//2070 2012//2070 2028//2070
f 2012//2071 2029//2071 2028//2071
f 2012//2072 2013//2072 2029//2072
f 2013//2073 2030//2073 2029//2073
f 2013//2074 2014//2074 2030//2074
f 2014//2075 2031//2075 2030//2075
f 2014//2076 2015//2076 2031//2076
f 2015//2077 2032//2077 2031//2077
f 2015//2078 2016//2078 2032//2078
f 2016//2079 2033//2079 2032//2079
f 2016//2080 2017//2080 2033//2080
f 2017//2081 2034//2081 2033//2081
f 2017//2082 2018//2082 2034//2082
f 2018//2083 2019//2083 2034//2083
f 2018//2084 2003//2084 2019//2084
f 2019//2085 2036//2085 2035//2085
f 2019//2086 2020//2086 2036//2086
f 2020//2087 2037//2087 2036//2087
f 2020//2088 2021//2088 2037//2088
f 2021//2089 2038//2089 2037//2089
f 2021//2090 2022//2090 2038//2090
f 2022//2091 2039//2091 2038//2091
f 2022//2092 2023//2092 2039//2092
f 2023//2093 2040//2093 2039//2093
f 2023//2094 2024//2094 2040//2094
f 2024//2095 2041//2095 2040//2095
f 2024//2096 2025//2096 2041//2096
f 2025//2097 2042//2097 2041//2097
f 2025//2098 2026//2098 2042//2098
f 2026//2099 2043//2099 2042//2099
f 2026//2100 2027//2100 2043//2100
f 2027//2101 2044//2101 2043//2101
f 2027//2102 2028//2102 2044//2102
f 2028//2103 2045//2103 2044//2103
f 2028//2104 2029//2104 2045//2104
f 2029//2105 2046//2105 2045//2105
f 2029//2106 2030//2106 2046//2106
f 2030//2107 2047//2107 2046//2107
f 2030//2108 2031//2108 2047//2108
f 2031//2109 2048//2109 2047//2109
f 2031//2110 2032//2110 2048//2110
f 2032//2111 2049//2111 2048//2111
f 2032//2112 2033//2112 2049//2112
f 2033//2113 2050//2113 2049//2113
f 2033//2114 2034//2114 2050//2114
f 2034//2115 2035//2115 2050//2115
f 2034//2116 2019//2116 2035//2116
f 2035//2117 2052//2117 2051//2117
f 2035//2118 2036//2118 2052//2118
f 2036//2119 2053//2119 2052//2119
f 2036//2120 2037//2120 2053//2120
f 2037//2121 2054//2121 2053//2121
f 2037//2122 2038//2122 2054//2122
f 2038//2123 2055//2123 2054//2123
f 2038//2124 2039//2124 2055//2124
f 2039//2125 2056//2125 2055//2125
f 2039//2126 2040//2126 2056//2126
f 2040//2127 2057//2127 2056//2127
f 2040//2128 2041//2128 2057//2128
f 2041//2129 2058//2129 2057//2129
f 2041//2130 2042//2130 2058//2130
f 2042//2131 2059//2131 2058//2131
f 2042//2132 2043//2132 2059//2132
f 2043//2133 2060//2133 2059//2133
f 2043//2134 2044//2134 2060//2134
f 2044//2135 2061//2135 2060//2135
f 2044//2136 2045//2136 2061//2136
f 2045//2137 2062//2137 2061//2137
f 2045//2138 2046//2138 2062//2138
f 2046//2139 2063//2139 2062//2139
f 2046//2140 2047//2140 2063//2140
f 2047//2141 2064//2141 2063//2141
f 2047//2142 2048//2142 2064//2142
f 2048//2143 2065//2143 2064//2143
f 2048//2144 2049//2144 2065//2144
f 2049//2145 2066//2145 2065//2145
f 2049//2146 2050//2146 2066//2146
f 2050//2147 2051//2147 2066//2147
f 2050//2148 2035//2148 2051//2148
f 2051//2149 2068//2149 2067//2149
f 2051//2150 2052//2150 2068//2150
f 2052//2151 2069//2151 2068//2151
f 2052//2152 2053//2152 2069//2152
f 2053//2153 2070//2153 2069//2153
f 2053//2154 2054//2154 2070//2154
f 2054//2155 2071//2155 2070//2155
f 2054//2156 2055//2156 2071//2156
f 2055//2157 2072//2157 2071//2157
f 2055//2158 2056//2158 2072//2158
f 2056//2159 2073//2159 2072//2159
f 2056//2160 2057//2160 2073//2160
f 2057//2161 2074//2161 2073//2161
f 2057//2162 2058//2162 2074//2162
f 2058//2163 2075//2163 2074//2163
f 2058//2164 2059//2164 2075//2164
f 2059//2165 2076//2165 2075//2165
f 2059//2166 2060//2166 2076//2166
f 2060//2167 2077//2167 2076//2167
f 2060//2168 2061//2168 2077//2168
f 2061//2169 2078//2169 2077//2169
f 2061//2170 2062//2170 2078//2170
f 2062//2171 2079//2171 2078//2171
f 2062//2172 2063//2172 2079//2172
f 2063//2173 2080//2173 2079//2173
f 2063//2174 2064//2174 2080//2174
f 2064//2175 2081//2175 2080//2175
f 2064//2176 2065//2176 2081//2176
f 2065//2177 2082//2177 2081//2177
f 2065//2178 2066//2178 2082//2178
f 2066//2179 2067//2179 2082//2179
f 2066//2180 2051//2180 2067//2180
f 2067//2181 2068//2181 2084//2181
f 2068//2182 2069//2182 2084//2182
f 2069//2183 2070//2183 2084//2183
f 2070//2184 2071//2184 2084//2184
f 2071//2185 2072//2185 2084//2185
f 2072//2186 2073//2186 2084//2186
f 2073//2187 2074//2187 2084//2187
f 2074//2188 2075//2188 2084//2188
f 2075//2189 2076//2189 2084//2189
f 2076//2190 2077//2190 2084//2190
f 2077//2191 2078//2191 2084//2191
f 2078//2192 2079//2192 2084//2192
f 2079//2193 2080//2193 2084//2193
f 2080//2194 2081//2194 2084//2194
f 2081//2195 2082//2195 2084//2195
f 2082//2196 2067//2196 2084//2196
